60, 11
87, 60, 11
87, 60, 11
87, 59, 11
87, 60, 11
87, 60, 11
87, 60, 11
87, 62, 11
87, 62, 11
87, 62, 11
87, 0, 0
87, 0, 5
87, 1, 7
87, 1, 8
87, 0, 8
87, 2, 9
87, 5, 9
87, 9, 9
87, 15, 9
87, 21, 9
87, 25, 10
87, 25, 11
87, 24, 11
87, 24, 11
87, 24, 11
87, 26, 11
87, 30, 11
87, 34, 11
87, 33, 11
87, 32, 11
87, 33, 11
87, 36, 11
87, 33, 11
87, 34, 11
87, 41, 11
87, 42, 11
87, 39, 11
87, 44, 11
87, 49, 11
87, 45, 11
87, 46, 11
87, 52, 11
87, 49, 11
87, 48, 11
87, 53, 11
87, 50, 11
87, 49, 11
87, 53, 11
87, 51, 11
87, 52, 11
87, 57, 11
87, 54, 11
87, 54, 11
87, 56, 11
87, 55, 11
87, 54, 11
87, 56, 11
87, 56, 11
87, 58, 11
87, 57, 11
87, 57, 11
87, 57, 11
87, 56, 11
87, 56, 11
87, 56, 11
87, 56, 11
87, 57, 11
87, 57, 11
87, 57, 11
87, 58, 11
87, 58, 11
87, 58, 11
87, 59, 11
87, 59, 11
87, 60, 11
87, 61, 11
87, 62, 11
87, 61, 11
87, 61, 11
87, 60, 11
87, 60, 11
87, 60, 11
87, 60, 11
87, 59, 11
87, 60, 11
87, 60, 11
87, 60, 11
87, 59, 11
87, 60, 11
87, 60, 11
87, 61, 11
87, 60, 11
87, 61, 11
87, 62, 11
87, 62, 11
87, 62, 11
87, 63, 11
87, 62, 11
87, 63, 11
87, 62, 11
87, 61, 11
87, 61, 11
87, 60, 11
87, 60, 11
87, 60, 11
87, 60, 11
87, 59, 11
87, 60, 11
87, 60, 11
87, 61, 11
87, 63, 11
87, 63, 11
87, 63, 11
87, 63, 11
87, 63, 11
87, 62, 11
87, 62, 11
87, 64, 11
87, 61, 11
87, 61, 11
87, 61, 11
87, 61, 11
87, 61, 11
87, 62, 11
87, 63, 11
87, 62, 11
87, 62, 11
87, 62, 11
87, 61, 11
87, 62, 11
87, 60, 11
87, 61, 11
87, 60, 11
87, 61, 11
87, 62, 11
87, 63, 11
87, 65, 11
87, 65, 11
87, 63, 11
87, 63, 11
87, 62, 11
87, 61, 11
87, 60, 11
87, 62, 11
87, 61, 11
87, 62, 11
87, 62, 11
87, 62, 11
87, 63, 11
87, 64, 11
87, 64, 11
87, 62, 11
87, 62, 11
87, 61, 11
87, 60, 11
87, 60, 11
87, 61, 11
87, 60, 11
87, 61, 11
87, 61, 11
87, 62, 11
87, 62, 11
87, 64, 11
87, 64, 11
87, 65, 11
87, 64, 11
87, 64, 11
87, 63, 11
87, 62, 11
87, 61, 11
87, 60, 11
87, 60, 11
87, 61, 11
87, 61, 11
87, 62, 11
87, 61, 11
87, 62, 11
87, 62, 11
87, 62, 11
87, 63, 11
87, 63, 11
87, 65, 11
87, 63, 11
87, 64, 11
87, 63, 11
87, 63, 11
87, 64, 11
87, 63, 11
87, 63, 11
87, 62, 11
87, 61, 11
87, 60, 11
87, 60, 11
87, 61, 11
87, 61, 11
87, 63, 11
87, 62, 11
87, 62, 11
87, 62, 11
87, 62, 11
87, 63, 11
87, 63, 11
87, 63, 11
87, 63, 11
87, 63, 11
87, 64, 11
87, 64, 11
87, 66, 11
87, 63, 11
87, 62, 11
87, 62, 11
87, 62, 11
87, 61, 11
87, 62, 11
87, 64, 11
87, 62, 11
87, 63, 11
87, 64, 11
87, 64, 11
87, 65, 11
87, 65, 11
87, 66, 11
87, 64, 11
87, 62, 11
87, 61, 11
87, 60, 11
87, 60, 11
87, 59, 11
87, 60, 11
87, 60, 11
87, 62, 11
87, 62, 11
87, 64, 11
87, 67, 11
87, 66, 11
87, 65, 11
87, 64, 11
87, 62, 11
87, 61, 11
87, 59, 11
87, 59, 11
87, 58, 11
87, 59, 11
87, 60, 11
87, 61, 11
87, 63, 11
87, 64, 11
189, 66, 11
189, 63, 11
189, 63, 11
189, 63, 11
189, 63, 11
189, 66, 11
189, 66, 11
189, 72, 11
189, 70, 11
189, 75, 11
189, 72, 11
189, 76, 11
189, 73, 11
189, 78, 11
189, 78, 11
189, 82, 11
189, 82, 11
189, 84, 11
189, 85, 11
189, 84, 11
189, 86, 11
189, 85, 11
189, 86, 11
189, 84, 11
189, 84, 11
189, 84, 11
189, 84, 11
189, 85, 11
189, 87, 11
189, 87, 11
189, 88, 11
189, 87, 11
189, 87, 11
189, 86, 11
189, 86, 11
189, 86, 11
189, 88, 11
189, 88, 11
189, 90, 11
189, 91, 11
189, 91, 11
189, 90, 11
189, 90, 11
189, 90, 11
189, 89, 11
189, 89, 11
189, 91, 11
189, 92, 11
189, 93, 11
189, 92, 11
189, 92, 11
189, 90, 11
189, 89, 11
189, 87, 11
189, 88, 11
189, 88, 11
189, 88, 11
189, 88, 11
189, 88, 11
189, 89, 11
189, 88, 11
189, 88, 11
189, 89, 11
189, 89, 11
189, 89, 11
189, 90, 11
189, 91, 11
189, 90, 11
189, 91, 11
189, 91, 11
189, 91, 11
189, 91, 11
189, 91, 11
189, 90, 11
189, 91, 11
189, 90, 11
189, 91, 11
189, 91, 11
189, 91, 11
189, 90, 11
189, 90, 11
189, 89, 11
189, 88, 11
189, 88, 11
189, 88, 11
189, 86, 11
189, 88, 11
189, 88, 11
189, 88, 11
189, 88, 11
189, 89, 11
189, 88, 11
189, 89, 11
189, 88, 11
189, 89, 11
189, 88, 11
189, 89, 11
189, 89, 11
189, 90, 11
189, 90, 11
189, 90, 11
189, 90, 11
189, 90, 11
189, 89, 11
189, 91, 11
189, 90, 11
189, 90, 11
189, 90, 11
189, 91, 11
189, 90, 11
189, 91, 11
189, 92, 11
189, 92, 11
189, 91, 11
189, 91, 11
189, 89, 11
189, 88, 11
189, 87, 11
189, 87, 11
189, 88, 11
189, 89, 11
189, 88, 11
189, 89, 11
189, 89, 11
189, 88, 11
189, 88, 11
189, 89, 11
189, 90, 11
189, 90, 11
189, 90, 11
189, 90, 11
189, 89, 11
189, 89, 11
189, 89, 11
189, 90, 11
189, 91, 11
189, 91, 11
189, 91, 11
189, 92, 11
189, 91, 11
189, 91, 11
189, 90, 11
189, 90, 11
189, 88, 11
189, 87, 11
189, 87, 11
189, 87, 11
189, 88, 11
189, 89, 11
189, 89, 11
189, 88, 11
189, 88, 11
189, 87, 11
189, 87, 11
189, 87, 11
189, 88, 11
189, 89, 11
189, 90, 11
189, 89, 11
189, 89, 11
189, 89, 11
189, 89, 11
189, 89, 11
189, 91, 11
189, 92, 11
189, 91, 11
189, 91, 11
189, 92, 11
189, 92, 11
189, 91, 11
189, 92, 11
189, 91, 11
189, 89, 11
189, 89, 11
189, 88, 11
189, 88, 11
189, 88, 11
189, 87, 11
189, 87, 11
189, 87, 11
189, 86, 11
189, 86, 11
189, 87, 11
189, 88, 11
189, 88, 11
189, 89, 11
189, 89, 11
189, 89, 11
189, 89, 11
189, 87, 11
189, 88, 11
189, 89, 11
189, 90, 11
189, 90, 11
189, 92, 11
189, 92, 11
189, 90, 11
189, 90, 11
189, 90, 11
189, 90, 11
189, 91, 11
189, 92, 11
189, 92, 11
189, 91, 11
189, 91, 11
189, 89, 11
189, 89, 11
189, 88, 11
189, 87, 11
189, 87, 11
189, 87, 11
189, 86, 11
189, 87, 11
189, 87, 11
189, 87, 11
189, 88, 11
189, 89, 11
189, 89, 11
189, 89, 11
189, 91, 11
189, 91, 11
189, 90, 11
189, 92, 11
189, 91, 11
189, 91, 11
189, 91, 11
189, 91, 11
189, 91, 11
189, 92, 11
189, 91, 11
189, 91, 11
189, 91, 11
189, 91, 11
189, 90, 11
189, 91, 11
189, 90, 11
133, 89, 11
133, 88, 11
133, 87, 11
133, 86, 11
133, 86, 11
133, 86, 11
133, 86, 11
133, 86, 11
133, 86, 11
133, 86, 11
133, 86, 11
133, 85, 11
133, 86, 11
133, 83, 11
133, 83, 11
133, 83, 11
133, 83, 11
133, 83, 11
133, 82, 11
133, 82, 11
133, 79, 11
133, 80, 11
133, 80, 11
133, 82, 11
133, 81, 11
133, 81, 11
133, 81, 11
133, 78, 11
133, 80, 11
133, 78, 11
133, 81, 11
133, 80, 11
133, 83, 11
133, 82, 11
133, 81, 11
133, 81, 11
133, 79, 11
133, 80, 11
133, 78, 11
133, 81, 11
133, 80, 11
133, 82, 11
133, 83, 11
133, 84, 11
133, 84, 11
133, 83, 11
133, 85, 11
133, 81, 11
133, 83, 11
133, 79, 11
133, 81, 11
133, 79, 11
133, 81, 11
133, 80, 11
133, 80, 11
133, 81, 11
133, 77, 11
133, 77, 11
133, 74, 11
133, 76, 11
133, 74, 11
133, 78, 11
133, 79, 11
133, 82, 11
133, 83, 11
133, 83, 11
133, 85, 11
133, 82, 11
133, 84, 11
133, 80, 11
133, 83, 11
133, 80, 11
133, 83, 11
133, 81, 11
133, 82, 11
133, 82, 11
133, 81, 11
133, 81, 11
133, 77, 11
133, 78, 11
133, 73, 11
133, 76, 11
133, 74, 11
133, 78, 11
133, 78, 11
133, 81, 11
133, 82, 11
133, 82, 11
133, 84, 11
133, 81, 11
133, 84, 11
133, 80, 11
133, 83, 11
133, 80, 11
133, 83, 11
133, 81, 11
133, 82, 11
133, 81, 11
133, 80, 11
133, 81, 11
133, 77, 11
133, 77, 11
133, 73, 11
133, 76, 11
133, 73, 11
133, 77, 11
133, 77, 11
133, 80, 11
133, 81, 11
133, 80, 11
133, 82, 11
133, 80, 11
133, 83, 11
133, 79, 11
133, 83, 11
133, 80, 11
133, 83, 11
133, 82, 11
133, 83, 11
133, 83, 11
133, 82, 11
133, 82, 11
133, 78, 11
133, 80, 11
133, 75, 11
133, 77, 11
133, 74, 11
133, 77, 11
133, 77, 11
133, 79, 11
133, 81, 11
133, 80, 11
133, 81, 11
133, 77, 11
133, 81, 11
133, 77, 11
133, 82, 11
133, 79, 11
133, 83, 11
133, 81, 11
133, 84, 11
133, 83, 11
133, 82, 11
133, 83, 11
133, 80, 11
133, 81, 11
133, 77, 11
133, 79, 11
133, 75, 11
133, 78, 11
133, 76, 11
133, 79, 11
133, 79, 11
133, 80, 11
133, 81, 11
133, 78, 11
133, 80, 11
133, 76, 11
133, 80, 11
133, 77, 11
133, 83, 11
133, 81, 11
133, 83, 11
133, 83, 11
133, 83, 11
133, 83, 11
133, 80, 11
133, 82, 11
133, 77, 11
133, 79, 11
133, 75, 11
133, 78, 11
133, 76, 11
133, 79, 11
133, 79, 11
133, 80, 11
133, 80, 11
133, 78, 11
133, 80, 11
133, 76, 11
133, 80, 11
133, 77, 11
133, 83, 11
133, 81, 11
133, 83, 11
133, 81, 11
133, 81, 11
133, 80, 11
133, 77, 11
133, 78, 11
133, 76, 11
133, 80, 11
133, 77, 11
133, 81, 11
133, 80, 11
133, 83, 11
133, 82, 11
133, 83, 11
133, 84, 11
133, 81, 11
133, 83, 11
133, 79, 11
133, 82, 11
133, 78, 11
133, 81, 11
133, 78, 11
133, 80, 11
133, 79, 11
133, 80, 11
133, 78, 11
133, 75, 11
133, 77, 11
133, 74, 11
133, 77, 11
133, 75, 11
133, 80, 11
133, 78, 11
133, 81, 11
133, 81, 11
133, 82, 11
133, 82, 11
133, 80, 11
133, 83, 11
133, 80, 11
133, 84, 11
133, 80, 11
133, 84, 11
133, 81, 11
133, 82, 11
133, 81, 11
133, 81, 11
133, 81, 11
133, 78, 11
133, 79, 11
133, 75, 11
133, 77, 11
58, 73, 11
58, 77, 11
58, 75, 11
58, 79, 11
58, 78, 11
58, 78, 11
58, 78, 11
58, 77, 11
58, 78, 11
58, 75, 11
58, 77, 11
58, 73, 11
58, 74, 11
58, 70, 11
58, 69, 11
58, 67, 11
58, 65, 11
58, 65, 11
58, 64, 11
58, 65, 11
58, 63, 11
58, 65, 11
58, 61, 11
58, 62, 11
58, 61, 11
58, 62, 11
58, 61, 11
58, 62, 11
58, 62, 11
58, 60, 11
58, 60, 11
58, 58, 11
58, 58, 11
58, 58, 11
58, 56, 11
58, 57, 11
58, 59, 11
58, 55, 11
58, 55, 11
58, 55, 11
58, 52, 11
58, 51, 11
58, 51, 11
58, 49, 11
58, 51, 11
58, 51, 11
58, 50, 11
58, 54, 11
58, 52, 11
58, 50, 11
58, 54, 11
58, 50, 11
58, 47, 11
58, 51, 11
58, 48, 11
58, 45, 11
58, 50, 11
58, 48, 11
58, 45, 11
58, 50, 11
58, 49, 11
58, 44, 11
58, 48, 11
58, 48, 11
58, 42, 11
58, 43, 11
58, 46, 11
58, 40, 11
58, 39, 11
58, 45, 11
58, 43, 11
58, 39, 11
58, 43, 11
58, 45, 11
58, 40, 11
58, 42, 11
58, 47, 11
58, 44, 11
58, 41, 11
58, 47, 11
58, 47, 11
58, 42, 11
58, 43, 11
58, 48, 11
58, 42, 11
58, 40, 11
58, 45, 11
58, 45, 11
58, 39, 11
58, 41, 11
58, 45, 11
58, 41, 11
58, 38, 11
58, 42, 11
58, 43, 11
58, 38, 11
58, 39, 11
58, 44, 11
58, 41, 11
58, 38, 11
58, 41, 11
58, 43, 11
58, 38, 11
58, 38, 11
58, 42, 11
58, 41, 11
58, 38, 11
58, 40, 11
58, 44, 11
58, 41, 11
58, 39, 11
58, 41, 11
58, 43, 11
58, 37, 11
58, 36, 11
58, 40, 11
58, 41, 11
58, 37, 11
58, 39, 11
58, 44, 11
58, 41, 11
58, 38, 11
58, 40, 11
58, 42, 11
58, 37, 11
58, 35, 11
58, 39, 11
58, 42, 11
58, 38, 11
58, 39, 11
58, 44, 11
58, 43, 11
58, 38, 11
58, 38, 11
58, 42, 11
58, 38, 11
58, 34, 11
58, 37, 11
58, 40, 11
58, 36, 11
58, 36, 11
58, 40, 11
58, 41, 11
58, 36, 11
58, 35, 11
58, 38, 11
58, 37, 11
58, 34, 11
58, 35, 11
58, 40, 11
58, 39, 11
58, 38, 11
58, 39, 11
58, 44, 11
58, 40, 11
58, 38, 11
58, 40, 11
58, 44, 11
58, 39, 11
58, 37, 11
58, 39, 11
58, 40, 11
58, 35, 11
58, 35, 11
58, 39, 11
58, 40, 11
58, 37, 11
58, 37, 11
58, 42, 11
58, 40, 11
58, 36, 11
58, 37, 11
58, 41, 11
58, 39, 11
58, 36, 11
58, 39, 11
58, 43, 11
58, 39, 11
58, 38, 11
58, 40, 11
58, 41, 11
58, 37, 11
58, 36, 11
58, 40, 11
58, 41, 11
58, 38, 11
58, 38, 11
58, 43, 11
58, 42, 11
58, 38, 11
58, 39, 11
58, 43, 11
58, 39, 11
58, 36, 11
58, 38, 11
58, 41, 11
58, 37, 11
58, 37, 11
58, 39, 11
58, 42, 11
58, 37, 11
58, 37, 11
58, 40, 11
58, 41, 11
58, 37, 11
58, 37, 11
58, 39, 11
58, 38, 11
58, 34, 11
58, 35, 11
58, 39, 11
58, 37, 11
58, 36, 11
58, 37, 11
58, 40, 11
58, 37, 11
58, 36, 11
58, 37, 11
58, 39, 11
58, 34, 11
58, 33, 11
58, 36, 11
58, 38, 11
58, 36, 11
58, 36, 11
58, 40, 11
58, 40, 11
58, 36, 11
58, 35, 11
58, 39, 11
58, 38, 11
58, 34, 11
58, 35, 11
58, 39, 11
58, 38, 11
58, 35, 11
58, 36, 11
150, 40, 11
150, 38, 11
150, 36, 11
150, 39, 11
150, 44, 11
150, 41, 11
150, 43, 11
150, 49, 11
150, 53, 11
150, 54, 11
150, 58, 11
150, 61, 11
150, 62, 11
150, 66, 11
150, 65, 11
150, 71, 11
150, 69, 11
150, 73, 11
150, 67, 11
150, 73, 11
150, 67, 11
150, 73, 11
150, 68, 11
150, 76, 11
150, 72, 11
150, 78, 11
150, 75, 11
150, 81, 11
150, 78, 11
150, 81, 11
150, 81, 11
150, 83, 11
150, 83, 11
150, 82, 11
150, 84, 11
150, 81, 11
150, 83, 11
150, 81, 11
150, 83, 11
150, 83, 11
150, 84, 11
150, 83, 11
150, 82, 11
150, 82, 11
150, 79, 11
150, 80, 11
150, 81, 11
150, 83, 11
150, 83, 11
150, 83, 11
150, 84, 11
150, 81, 11
150, 82, 11
150, 80, 11
150, 82, 11
150, 82, 11
150, 82, 11
150, 82, 11
150, 80, 11
150, 81, 11
150, 79, 11
150, 81, 11
150, 82, 11
150, 82, 11
150, 82, 11
150, 81, 11
150, 82, 11
150, 80, 11
150, 82, 11
150, 82, 11
150, 81, 11
150, 81, 11
150, 80, 11
150, 80, 11
150, 79, 11
150, 81, 11
150, 82, 11
150, 82, 11
150, 83, 11
150, 82, 11
150, 82, 11
150, 80, 11
150, 83, 11
150, 83, 11
150, 83, 11
150, 82, 11
150, 81, 11
150, 80, 11
150, 79, 11
150, 81, 11
150, 82, 11
150, 82, 11
150, 83, 11
150, 82, 11
150, 83, 11
150, 81, 11
150, 84, 11
150, 83, 11
150, 83, 11
150, 83, 11
150, 82, 11
150, 81, 11
150, 81, 11
150, 83, 11
150, 83, 11
150, 83, 11
150, 84, 11
150, 82, 11
150, 83, 11
150, 82, 11
150, 84, 11
150, 83, 11
150, 83, 11
150, 82, 11
150, 81, 11
150, 81, 11
150, 81, 11
150, 82, 11
150, 82, 11
150, 83, 11
150, 83, 11
150, 82, 11
150, 83, 11
150, 83, 11
150, 84, 11
150, 83, 11
150, 83, 11
150, 83, 11
150, 81, 11
150, 81, 11
150, 81, 11
150, 82, 11
150, 82, 11
150, 82, 11
150, 83, 11
150, 82, 11
150, 83, 11
150, 82, 11
150, 84, 11
150, 83, 11
150, 83, 11
150, 82, 11
150, 81, 11
150, 81, 11
150, 80, 11
150, 82, 11
150, 83, 11
150, 84, 11
150, 85, 11
150, 85, 11
150, 87, 11
150, 85, 11
150, 85, 11
150, 84, 11
150, 83, 11
150, 83, 11
150, 82, 11
150, 84, 11
150, 84, 11
150, 85, 11
150, 84, 11
150, 84, 11
150, 84, 11
150, 83, 11
150, 86, 11
150, 85, 11
150, 86, 11
150, 86, 11
150, 86, 11
150, 84, 11
150, 83, 11
150, 85, 11
150, 84, 11
150, 85, 11
150, 86, 11
150, 86, 11
150, 86, 11
150, 85, 11
150, 86, 11
150, 86, 11
150, 87, 11
150, 86, 11
150, 86, 11
150, 85, 11
150, 82, 11
150, 83, 11
150, 83, 11
150, 85, 11
150, 85, 11
150, 85, 11
150, 85, 11
150, 83, 11
150, 84, 11
150, 84, 11
150, 85, 11
150, 84, 11
150, 83, 11
150, 82, 11
150, 80, 11
150, 81, 11
150, 81, 11
150, 83, 11
150, 84, 11
150, 83, 11
150, 83, 11
150, 81, 11
150, 82, 11
150, 83, 11
150, 84, 11
150, 83, 11
150, 83, 11
150, 82, 11
150, 80, 11
150, 80, 11
150, 82, 11
150, 84, 11
150, 84, 11
150, 84, 11
150, 84, 11
150, 82, 11
150, 84, 11
150, 84, 11
150, 86, 11
150, 86, 11
150, 85, 11
150, 84, 11
150, 83, 11
150, 84, 11
150, 84, 11
150, 85, 11
150, 86, 11
150, 86, 11
150, 86, 11
150, 85, 11
150, 86, 11
150, 86, 11
172, 87, 11
172, 86, 11
172, 86, 11
172, 85, 11
172, 83, 11
172, 83, 11
172, 85, 11
172, 86, 11
172, 87, 11
172, 88, 11
172, 89, 11
172, 87, 11
172, 88, 11
172, 87, 11
172, 88, 11
172, 87, 11
172, 88, 11
172, 87, 11
172, 88, 11
172, 89, 11
172, 89, 11
172, 88, 11
172, 89, 11
172, 88, 11
172, 87, 11
172, 87, 11
172, 87, 11
172, 87, 11
172, 87, 11
172, 87, 11
172, 86, 11
172, 86, 11
172, 87, 11
172, 86, 11
172, 86, 11
172, 86, 11
172, 86, 11
172, 84, 11
172, 84, 11
172, 84, 11
172, 85, 11
172, 85, 11
172, 85, 11
172, 86, 11
172, 86, 11
172, 85, 11
172, 86, 11
172, 87, 11
172, 86, 11
172, 85, 11
172, 86, 11
172, 86, 11
172, 87, 11
172, 88, 11
172, 89, 11
172, 89, 11
172, 88, 11
172, 87, 11
172, 88, 11
172, 88, 11
172, 89, 11
172, 90, 11
172, 90, 11
172, 90, 11
172, 90, 11
172, 89, 11
172, 89, 11
172, 88, 11
172, 88, 11
172, 87, 11
172, 87, 11
172, 87, 11
172, 88, 11
172, 88, 11
172, 89, 11
172, 89, 11
172, 89, 11
172, 88, 11
172, 88, 11
172, 88, 11
172, 88, 11
172, 87, 11
172, 88, 11
172, 87, 11
172, 88, 11
172, 88, 11
172, 88, 11
172, 87, 11
172, 86, 11
172, 85, 11
172, 85, 11
172, 84, 11
172, 86, 11
172, 86, 11
172, 86, 11
172, 86, 11
172, 86, 11
172, 85, 11
172, 85, 11
172, 85, 11
172, 84, 11
172, 84, 11
172, 85, 11
172, 84, 11
172, 85, 11
172, 86, 11
172, 86, 11
172, 87, 11
172, 87, 11
172, 87, 11
172, 87, 11
172, 88, 11
172, 87, 11
172, 87, 11
172, 88, 11
172, 88, 11
172, 88, 11
172, 88, 11
172, 87, 11
172, 87, 11
172, 87, 11
172, 87, 11
172, 88, 11
172, 90, 11
172, 89, 11
172, 90, 11
172, 90, 11
172, 90, 11
172, 90, 11
172, 90, 11
172, 89, 11
172, 90, 11
172, 89, 11
172, 89, 11
172, 89, 11
172, 90, 11
172, 90, 11
172, 89, 11
172, 89, 11
172, 89, 11
172, 88, 11
172, 87, 11
172, 87, 11
172, 87, 11
172, 86, 11
172, 86, 11
172, 87, 11
172, 87, 11
172, 87, 11
172, 86, 11
172, 85, 11
172, 85, 11
172, 85, 11
172, 85, 11
172, 86, 11
172, 86, 11
172, 86, 11
172, 86, 11
172, 86, 11
172, 86, 11
172, 86, 11
172, 85, 11
172, 85, 11
172, 86, 11
172, 85, 11
172, 86, 11
172, 87, 11
172, 88, 11
172, 88, 11
172, 87, 11
172, 87, 11
172, 87, 11
172, 87, 11
172, 87, 11
172, 88, 11
172, 90, 11
172, 89, 11
172, 90, 11
172, 90, 11
172, 90, 11
172, 90, 11
172, 89, 11
172, 89, 11
172, 89, 11
172, 87, 11
172, 87, 11
172, 87, 11
172, 88, 11
172, 87, 11
172, 88, 11
172, 88, 11
172, 88, 11
172, 88, 11
172, 87, 11
172, 87, 11
172, 87, 11
172, 86, 11
172, 85, 11
172, 86, 11
172, 85, 11
172, 84, 11
172, 84, 11
172, 84, 11
172, 84, 11
172, 84, 11
172, 85, 11
172, 86, 11
172, 87, 11
172, 87, 11
172, 87, 11
172, 86, 11
172, 86, 11
172, 86, 11
172, 86, 11
172, 86, 11
172, 87, 11
172, 87, 11
172, 87, 11
172, 88, 11
172, 88, 11
172, 87, 11
172, 87, 11
172, 87, 11
172, 86, 11
172, 86, 11
172, 86, 11
172, 88, 11
172, 89, 11
172, 90, 11
172, 90, 11
172, 91, 11
172, 90, 11
172, 91, 11
172, 89, 11
172, 89, 11
172, 88, 11
44, 88, 11
44, 87, 11
44, 88, 11
44, 87, 11
44, 87, 11
44, 86, 11
44, 87, 11
44, 85, 11
44, 84, 11
44, 83, 11
44, 82, 11
44, 80, 11
44, 76, 11
44, 75, 11
44, 70, 11
44, 72, 11
44, 67, 11
44, 69, 11
44, 66, 11
44, 68, 11
44, 65, 11
44, 66, 11
44, 66, 11
44, 64, 11
44, 65, 11
44, 64, 11
44, 62, 11
44, 59, 11
44, 59, 11
44, 55, 11
44, 54, 11
44, 55, 11
44, 53, 11
44, 53, 11
44, 53, 11
44, 52, 11
44, 52, 11
44, 51, 11
44, 49, 11
44, 51, 11
44, 50, 11
44, 47, 11
44, 50, 11
44, 48, 11
44, 44, 11
44, 47, 11
44, 46, 11
44, 41, 11
44, 44, 11
44, 45, 11
44, 41, 11
44, 41, 11
44, 47, 11
44, 44, 11
44, 42, 11
44, 44, 11
44, 46, 11
44, 39, 11
44, 38, 11
44, 40, 11
44, 39, 11
44, 35, 11
44, 36, 11
44, 39, 11
44, 38, 11
44, 36, 11
44, 36, 11
44, 37, 11
44, 37, 11
44, 35, 11
44, 35, 11
44, 35, 11
44, 34, 11
44, 32, 11
44, 32, 11
44, 31, 11
44, 31, 11
44, 31, 11
44, 30, 11
44, 30, 11
44, 31, 11
44, 30, 11
44, 30, 11
44, 30, 11
44, 29, 11
44, 29, 11
44, 28, 11
44, 28, 11
44, 28, 11
44, 29, 11
44, 29, 11
44, 29, 11
44, 28, 11
44, 28, 11
44, 29, 11
44, 28, 11
44, 28, 11
44, 27, 11
44, 27, 11
44, 26, 11
44, 27, 11
44, 27, 11
44, 27, 11
44, 26, 11
44, 25, 11
44, 25, 11
44, 26, 11
44, 27, 11
44, 27, 11
44, 27, 11
44, 27, 11
44, 26, 11
44, 27, 11
44, 26, 11
44, 24, 11
44, 23, 11
44, 23, 11
44, 23, 11
44, 25, 11
44, 26, 11
44, 25, 11
44, 24, 11
44, 24, 11
44, 24, 11
44, 26, 11
44, 26, 11
44, 24, 11
44, 23, 11
44, 23, 11
44, 23, 11
44, 26, 11
44, 27, 11
44, 26, 11
44, 24, 11
44, 23, 11
44, 22, 11
44, 24, 11
44, 25, 11
44, 23, 11
44, 21, 11
44, 22, 11
44, 23, 11
44, 25, 11
44, 28, 11
44, 27, 11
44, 23, 11
44, 22, 11
44, 21, 11
44, 21, 11
44, 24, 11
44, 24, 11
44, 22, 11
44, 21, 11
44, 21, 11
44, 22, 11
44, 24, 11
44, 25, 11
44, 23, 11
44, 21, 11
44, 21, 11
44, 21, 11
44, 23, 11
44, 25, 11
44, 25, 11
44, 21, 11
44, 20, 11
44, 20, 11
44, 21, 11
44, 24, 11
44, 26, 11
44, 23, 11
44, 20, 11
44, 20, 11
44, 20, 11
44, 23, 11
44, 27, 11
44, 27, 11
44, 24, 11
44, 20, 11
44, 19, 11
44, 19, 11
44, 21, 11
44, 24, 11
44, 24, 11
44, 20, 11
44, 18, 11
44, 18, 11
44, 19, 11
44, 21, 11
44, 24, 11
44, 23, 11
44, 19, 11
44, 17, 11
44, 18, 11
44, 21, 11
44, 25, 11
44, 28, 11
44, 26, 11
44, 22, 11
44, 19, 11
44, 18, 11
44, 19, 11
44, 23, 11
44, 24, 11
44, 22, 11
44, 20, 11
44, 19, 11
44, 19, 11
44, 21, 11
44, 25, 11
44, 25, 11
44, 22, 11
44, 20, 11
44, 20, 11
44, 20, 11
44, 23, 11
44, 25, 11
44, 24, 11
44, 20, 11
44, 19, 11
44, 19, 11
44, 21, 11
44, 24, 11
44, 27, 11
44, 25, 11
44, 21, 11
44, 19, 11
44, 19, 11
44, 20, 11
44, 23, 11
44, 25, 11
44, 22, 11
44, 20, 11
44, 19, 11
44, 20, 11
44, 23, 11
44, 27, 11
44, 27, 11
118, 24, 11
118, 21, 11
118, 20, 11
118, 20, 11
118, 22, 11
118, 26, 11
118, 30, 11
118, 31, 11
118, 31, 11
118, 37, 11
118, 39, 11
118, 39, 11
118, 44, 11
118, 49, 11
118, 48, 11
118, 51, 11
118, 55, 11
118, 55, 11
118, 56, 11
118, 59, 11
118, 59, 11
118, 61, 11
118, 62, 11
118, 62, 11
118, 63, 11
118, 64, 11
118, 66, 11
118, 66, 11
118, 70, 11
118, 67, 11
118, 70, 11
118, 67, 11
118, 69, 11
118, 66, 11
118, 69, 11
118, 68, 11
118, 69, 11
118, 68, 11
118, 68, 11
118, 69, 11
118, 68, 11
118, 71, 11
118, 70, 11
118, 74, 11
118, 72, 11
118, 75, 11
118, 72, 11
118, 75, 11
118, 71, 11
118, 73, 11
118, 70, 11
118, 73, 11
118, 72, 11
118, 75, 11
118, 74, 11
118, 77, 11
118, 74, 11
118, 75, 11
118, 74, 11
118, 75, 11
118, 75, 11
118, 75, 11
118, 76, 11
118, 76, 11
118, 77, 11
118, 75, 11
118, 77, 11
118, 75, 11
118, 77, 11
118, 74, 11
118, 79, 11
118, 76, 11
118, 81, 11
118, 76, 11
118, 81, 11
118, 74, 11
118, 78, 11
118, 72, 11
118, 77, 11
118, 70, 11
118, 76, 11
118, 72, 11
118, 78, 11
118, 75, 11
118, 79, 11
118, 77, 11
118, 80, 11
118, 77, 11
118, 78, 11
118, 76, 11
118, 77, 11
118, 76, 11
118, 75, 11
118, 77, 11
118, 75, 11
118, 77, 11
118, 73, 11
118, 77, 11
118, 73, 11
118, 76, 11
118, 71, 11
118, 77, 11
118, 71, 11
118, 76, 11
118, 71, 11
118, 76, 11
118, 70, 11
118, 75, 11
118, 71, 11
118, 75, 11
118, 72, 11
118, 77, 11
118, 75, 11
118, 77, 11
118, 76, 11
118, 77, 11
118, 77, 11
118, 76, 11
118, 79, 11
118, 78, 11
118, 81, 11
118, 78, 11
118, 81, 11
118, 76, 11
118, 79, 11
118, 73, 11
118, 76, 11
118, 71, 11
118, 76, 11
118, 72, 11
118, 79, 11
118, 76, 11
118, 82, 11
118, 77, 11
118, 80, 11
118, 77, 11
118, 79, 11
118, 75, 11
118, 76, 11
118, 75, 11
118, 76, 11
118, 76, 11
118, 74, 11
118, 76, 11
118, 75, 11
118, 76, 11
118, 74, 11
118, 79, 11
118, 75, 11
118, 78, 11
118, 74, 11
118, 79, 11
118, 71, 11
118, 75, 11
118, 69, 11
118, 73, 11
118, 68, 11
118, 74, 11
118, 71, 11
118, 77, 11
118, 73, 11
118, 78, 11
118, 74, 11
118, 78, 11
118, 75, 11
118, 77, 11
118, 75, 11
118, 76, 11
118, 75, 11
118, 75, 11
118, 76, 11
118, 76, 11
118, 76, 11
118, 75, 11
118, 77, 11
118, 75, 11
118, 78, 11
118, 75, 11
118, 80, 11
118, 77, 11
118, 81, 11
118, 75, 11
118, 80, 11
118, 72, 11
118, 75, 11
118, 69, 11
118, 75, 11
118, 70, 11
118, 76, 11
118, 74, 11
118, 80, 11
118, 76, 11
118, 80, 11
118, 77, 11
118, 80, 11
118, 77, 11
118, 78, 11
118, 76, 11
118, 76, 11
118, 76, 11
118, 76, 11
118, 76, 11
118, 75, 11
118, 76, 11
118, 73, 11
118, 74, 11
118, 71, 11
118, 76, 11
118, 73, 11
118, 77, 11
118, 74, 11
118, 78, 11
118, 72, 11
118, 76, 11
118, 68, 11
118, 73, 11
118, 68, 11
118, 73, 11
118, 69, 11
118, 76, 11
118, 73, 11
118, 78, 11
118, 75, 11
118, 79, 11
118, 75, 11
118, 78, 11
118, 75, 11
118, 76, 11
118, 74, 11
118, 75, 11
118, 75, 11
118, 75, 11
118, 76, 11
118, 75, 11
118, 77, 11
118, 75, 11
163, 78, 11
163, 76, 11
163, 81, 11
163, 78, 11
163, 83, 11
163, 78, 11
163, 82, 11
163, 76, 11
163, 80, 11
163, 76, 11
163, 81, 11
163, 79, 11
163, 81, 11
163, 81, 11
163, 80, 11
163, 79, 11
163, 77, 11
163, 78, 11
163, 78, 11
163, 82, 11
163, 83, 11
163, 83, 11
163, 83, 11
163, 82, 11
163, 81, 11
163, 81, 11
163, 82, 11
163, 84, 11
163, 84, 11
163, 85, 11
163, 84, 11
163, 84, 11
163, 83, 11
163, 83, 11
163, 83, 11
163, 84, 11
163, 83, 11
163, 82, 11
163, 83, 11
163, 83, 11
163, 83, 11
163, 82, 11
163, 82, 11
163, 81, 11
163, 82, 11
163, 84, 11
163, 85, 11
163, 85, 11
163, 86, 11
163, 84, 11
163, 84, 11
163, 84, 11
163, 83, 11
163, 83, 11
163, 83, 11
163, 82, 11
163, 83, 11
163, 84, 11
163, 84, 11
163, 85, 11
163, 86, 11
163, 84, 11
163, 84, 11
163, 84, 11
163, 84, 11
163, 84, 11
163, 84, 11
163, 85, 11
163, 84, 11
163, 85, 11
163, 86, 11
163, 87, 11
163, 88, 11
163, 87, 11
163, 87, 11
163, 87, 11
163, 86, 11
163, 85, 11
163, 85, 11
163, 86, 11
163, 85, 11
163, 86, 11
163, 87, 11
163, 88, 11
163, 88, 11
163, 87, 11
163, 88, 11
163, 87, 11
163, 86, 11
163, 86, 11
163, 86, 11
163, 86, 11
163, 86, 11
163, 87, 11
163, 88, 11
163, 88, 11
163, 89, 11
163, 88, 11
163, 89, 11
163, 88, 11
163, 87, 11
163, 86, 11
163, 86, 11
163, 86, 11
163, 86, 11
163, 86, 11
163, 87, 11
163, 88, 11
163, 88, 11
163, 87, 11
163, 88, 11
163, 88, 11
163, 88, 11
163, 87, 11
163, 87, 11
163, 87, 11
163, 87, 11
163, 87, 11
163, 88, 11
163, 88, 11
163, 89, 11
163, 88, 11
163, 89, 11
163, 88, 11
163, 87, 11
163, 85, 11
163, 85, 11
163, 85, 11
163, 85, 11
163, 85, 11
163, 87, 11
163, 87, 11
163, 88, 11
163, 87, 11
163, 88, 11
163, 87, 11
163, 86, 11
163, 86, 11
163, 85, 11
163, 85, 11
163, 85, 11
163, 85, 11
163, 87, 11
163, 87, 11
163, 88, 11
163, 87, 11
163, 89, 11
163, 88, 11
163, 87, 11
163, 86, 11
163, 86, 11
163, 86, 11
163, 86, 11
163, 85, 11
163, 86, 11
163, 87, 11
163, 88, 11
163, 87, 11
163, 89, 11
163, 88, 11
163, 87, 11
163, 87, 11
163, 86, 11
163, 86, 11
163, 86, 11
163, 87, 11
163, 87, 11
163, 88, 11
163, 89, 11
163, 88, 11
163, 89, 11
163, 88, 11
163, 87, 11
163, 86, 11
163, 86, 11
163, 86, 11
163, 86, 11
163, 86, 11
163, 87, 11
163, 87, 11
163, 87, 11
163, 87, 11
163, 89, 11
163, 88, 11
163, 88, 11
163, 87, 11
163, 86, 11
163, 85, 11
163, 85, 11
163, 85, 11
163, 86, 11
163, 87, 11
163, 87, 11
163, 87, 11
163, 88, 11
163, 87, 11
163, 86, 11
163, 85, 11
163, 83, 11
163, 84, 11
163, 84, 11
163, 84, 11
163, 84, 11
163, 85, 11
163, 85, 11
163, 85, 11
163, 87, 11
163, 86, 11
163, 85, 11
163, 84, 11
163, 83, 11
163, 83, 11
163, 83, 11
163, 83, 11
163, 83, 11
163, 84, 11
163, 84, 11
163, 84, 11
163, 84, 11
163, 84, 11
163, 84, 11
163, 83, 11
163, 82, 11
163, 83, 11
163, 83, 11
163, 83, 11
163, 83, 11
163, 83, 11
163, 83, 11
163, 83, 11
163, 84, 11
163, 84, 11
163, 83, 11
163, 82, 11
163, 81, 11
163, 82, 11
129, 82, 11
129, 83, 11
129, 83, 11
129, 83, 11
129, 83, 11
129, 82, 11
129, 83, 11
129, 84, 11
129, 83, 11
129, 83, 11
129, 81, 11
129, 80, 11
129, 79, 11
129, 80, 11
129, 81, 11
129, 82, 11
129, 83, 11
129, 81, 11
129, 81, 11
129, 77, 11
129, 79, 11
129, 78, 11
129, 80, 11
129, 80, 11
129, 81, 11
129, 80, 11
129, 77, 11
129, 78, 11
129, 74, 11
129, 76, 11
129, 75, 11
129, 80, 11
129, 78, 11
129, 82, 11
129, 82, 11
129, 83, 11
129, 83, 11
129, 81, 11
129, 83, 11
129, 80, 11
129, 83, 11
129, 79, 11
129, 82, 11
129, 79, 11
129, 81, 11
129, 79, 11
129, 80, 11
129, 79, 11
129, 78, 11
129, 78, 11
129, 74, 11
129, 76, 11
129, 72, 11
129, 75, 11
129, 74, 11
129, 79, 11
129, 78, 11
129, 81, 11
129, 81, 11
129, 82, 11
129, 82, 11
129, 81, 11
129, 83, 11
129, 79, 11
129, 81, 11
129, 75, 11
129, 77, 11
129, 74, 11
129, 78, 11
129, 76, 11
129, 80, 11
129, 79, 11
129, 80, 11
129, 79, 11
129, 78, 11
129, 80, 11
129, 77, 11
129, 79, 11
129, 75, 11
129, 79, 11
129, 75, 11
129, 78, 11
129, 76, 11
129, 79, 11
129, 77, 11
129, 79, 11
129, 79, 11
129, 79, 11
129, 80, 11
129, 78, 11
129, 81, 11
129, 77, 11
129, 81, 11
129, 78, 11
129, 83, 11
129, 80, 11
129, 84, 11
129, 81, 11
129, 82, 11
129, 82, 11
129, 81, 11
129, 81, 11
129, 79, 11
129, 81, 11
129, 76, 11
129, 77, 11
129, 73, 11
129, 77, 11
129, 73, 11
129, 77, 11
129, 76, 11
129, 79, 11
129, 78, 11
129, 79, 11
129, 80, 11
129, 79, 11
129, 82, 11
129, 79, 11
129, 84, 11
129, 79, 11
129, 83, 11
129, 79, 11
129, 83, 11
129, 79, 11
129, 82, 11
129, 80, 11
129, 80, 11
129, 81, 11
129, 80, 11
129, 81, 11
129, 78, 11
129, 81, 11
129, 76, 11
129, 78, 11
129, 74, 11
129, 78, 11
129, 76, 11
129, 79, 11
129, 79, 11
129, 80, 11
129, 80, 11
129, 77, 11
129, 79, 11
129, 74, 11
129, 77, 11
129, 73, 11
129, 78, 11
129, 75, 11
129, 80, 11
129, 78, 11
129, 81, 11
129, 80, 11
129, 81, 11
129, 81, 11
129, 80, 11
129, 82, 11
129, 78, 11
129, 81, 11
129, 77, 11
129, 81, 11
129, 78, 11
129, 82, 11
129, 79, 11
129, 81, 11
129, 79, 11
129, 80, 11
129, 80, 11
129, 79, 11
129, 80, 11
129, 76, 11
129, 77, 11
129, 72, 11
129, 75, 11
129, 71, 11
129, 77, 11
129, 76, 11
129, 81, 11
129, 80, 11
129, 81, 11
129, 81, 11
129, 80, 11
129, 81, 11
129, 78, 11
129, 82, 11
129, 78, 11
129, 82, 11
129, 78, 11
129, 82, 11
129, 79, 11
129, 82, 11
129, 81, 11
129, 82, 11
129, 82, 11
129, 80, 11
129, 81, 11
129, 76, 11
129, 77, 11
129, 72, 11
129, 75, 11
129, 72, 11
129, 77, 11
129, 76, 11
129, 80, 11
129, 80, 11
129, 81, 11
129, 81, 11
129, 81, 11
129, 83, 11
129, 80, 11
129, 82, 11
129, 77, 11
129, 79, 11
129, 74, 11
129, 77, 11
129, 74, 11
129, 78, 11
129, 77, 11
129, 78, 11
129, 78, 11
129, 78, 11
129, 79, 11
129, 77, 11
129, 80, 11
129, 77, 11
129, 81, 11
129, 78, 11
129, 82, 11
129, 78, 11
129, 82, 11
129, 79, 11
129, 81, 11
129, 80, 11
129, 80, 11
129, 82, 11
129, 81, 11
129, 83, 11
20, 79, 11
20, 82, 11
20, 76, 11
20, 77, 11
20, 71, 11
20, 74, 11
20, 69, 11
20, 74, 11
20, 70, 11
20, 74, 11
20, 69, 11
20, 72, 11
20, 67, 11
20, 69, 11
20, 64, 11
20, 64, 11
20, 61, 11
20, 61, 11
20, 59, 11
20, 60, 11
20, 61, 11
20, 58, 11
20, 59, 11
20, 57, 11
20, 54, 11
20, 53, 11
20, 52, 11
20, 47, 11
20, 50, 11
20, 49, 11
20, 44, 11
20, 45, 11
20, 46, 11
20, 41, 11
20, 38, 11
20, 43, 11
20, 41, 11
20, 37, 11
20, 37, 11
20, 39, 11
20, 36, 11
20, 34, 11
20, 34, 11
20, 34, 11
20, 31, 11
20, 29, 11
20, 29, 11
20, 29, 11
20, 29, 11
20, 27, 11
20, 25, 11
20, 24, 11
20, 24, 11
20, 23, 11
20, 25, 11
20, 26, 11
20, 22, 11
20, 17, 11
20, 14, 11
20, 14, 11
20, 16, 11
20, 21, 11
20, 24, 11
20, 23, 11
20, 20, 11
20, 14, 11
20, 9, 11
20, 5, 11
20, 3, 11
20, 4, 11
20, 6, 11
20, 9, 11
20, 14, 11
20, 17, 11
20, 19, 11
20, 19, 11
20, 17, 11
20, 13, 11
20, 9, 11
20, 6, 11
20, 3, 11
20, 1, 11
20, 1, 11
20, 1, 11
20, 0, 11
20, 1, 11
20, 1, 11
20, 0, 11
20, 0, 11
20, 0, 11
20, 0, 11
20, 0, 11
20, 0, 11
20, 0, 11
20, 0, 11
20, 0, 11
20, 0, 10
20, 0, 11
20, 0, 11
20, 0, 11
20, 0, 10
20, 0, 11
20, 0, 11
20, 0, 11
20, 0, 10
20, 0, 11
20, 0, 11
20, 0, 11
20, 0, 10
20, 0, 10
20, 0, 11
20, 0, 11
20, 0, 10
20, 0, 10
20, 0, 11
20, 0, 11
20, 0, 10
20, 0, 11
20, 0, 11
20, 0, 11
20, 0, 10
20, 0, 11
20, 0, 11
20, 0, 11
20, 0, 10
20, 0, 11
20, 0, 11
20, 0, 11
20, 0, 10
20, 0, 11
20, 0, 11
20, 0, 11
20, 0, 10
20, 0, 11
20, 0, 11
20, 0, 11
20, 0, 10
20, 0, 11
20, 0, 11
20, 0, 11
20, 0, 10
20, 0, 11
20, 0, 11
20, 0, 11
20, 0, 10
20, 0, 11
20, 0, 11
20, 0, 11
20, 0, 10
20, 0, 11
20, 0, 11
20, 0, 11
20, 0, 10
20, 0, 11
20, 0, 11
20, 0, 11
20, 0, 10
20, 0, 11
20, 0, 11
20, 0, 11
20, 0, 10
20, 0, 11
20, 0, 11
20, 0, 11
20, 0, 10
20, 0, 11
20, 0, 11
20, 0, 11
20, 0, 10
20, 0, 11
20, 0, 11
20, 0, 11
20, 0, 10
20, 0, 11
20, 0, 11
20, 0, 11
20, 0, 11
20, 0, 11
20, 0, 11
20, 0, 11
20, 0, 11
20, 0, 11
20, 0, 11
20, 0, 11
20, 0, 11
20, 0, 11
20, 0, 10
20, 0, 11
20, 0, 11
20, 0, 11
20, 0, 10
20, 0, 11
20, 0, 11
20, 0, 11
20, 0, 10
20, 0, 11
20, 0, 11
20, 0, 11
20, 0, 10
20, 0, 11
20, 0, 11
20, 0, 11
20, 0, 10
20, 0, 11
20, 0, 11
20, 0, 11
20, 0, 10
20, 0, 11
20, 0, 11
20, 0, 11
20, 0, 10
20, 0, 11
20, 0, 11
20, 0, 11
20, 0, 10
20, 0, 11
20, 0, 11
20, 0, 11
20, 0, 10
20, 0, 11
20, 0, 11
20, 0, 11
20, 0, 10
20, 0, 11
20, 0, 11
20, 0, 11
20, 0, 10
20, 0, 11
20, 0, 11
20, 0, 11
20, 0, 10
20, 0, 11
20, 0, 11
20, 0, 11
20, 0, 10
20, 0, 11
20, 0, 11
20, 0, 11
20, 0, 10
145, 0, 11
145, 0, 11
145, 0, 10
145, 0, 11
145, 2, 11
145, 6, 11
145, 11, 11
145, 17, 11
145, 24, 11
145, 33, 11
145, 35, 11
145, 38, 11
145, 43, 11
145, 46, 11
145, 46, 11
145, 51, 11
145, 55, 11
145, 56, 11
145, 59, 11
145, 61, 11
145, 62, 11
145, 64, 11
145, 64, 11
145, 66, 11
145, 67, 11
145, 70, 11
145, 69, 11
145, 74, 11
145, 72, 11
145, 76, 11
145, 74, 11
145, 78, 11
145, 77, 11
145, 79, 11
145, 78, 11
145, 79, 11
145, 80, 11
145, 80, 11
145, 82, 11
145, 79, 11
145, 81, 11
145, 77, 11
145, 79, 11
145, 76, 11
145, 80, 11
145, 79, 11
145, 81, 11
145, 81, 11
145, 79, 11
145, 79, 11
145, 77, 11
145, 79, 11
145, 77, 11
145, 81, 11
145, 81, 11
145, 82, 11
145, 83, 11
145, 83, 11
145, 83, 11
145, 81, 11
145, 84, 11
145, 82, 11
145, 85, 11
145, 85, 11
145, 85, 11
145, 84, 11
145, 83, 11
145, 83, 11
145, 81, 11
145, 83, 11
145, 83, 11
145, 85, 11
145, 85, 11
145, 85, 11
145, 87, 11
145, 84, 11
145, 85, 11
145, 83, 11
145, 84, 11
145, 83, 11
145, 82, 11
145, 82, 11
145, 80, 11
145, 81, 11
145, 79, 11
145, 82, 11
145, 83, 11
145, 83, 11
145, 83, 11
145, 82, 11
145, 82, 11
145, 80, 11
145, 82, 11
145, 81, 11
145, 82, 11
145, 82, 11
145, 81, 11
145, 80, 11
145, 78, 11
145, 80, 11
145, 80, 11
145, 82, 11
145, 83, 11
145, 83, 11
145, 83, 11
145, 81, 11
145, 82, 11
145, 82, 11
145, 84, 11
145, 83, 11
145, 83, 11
145, 83, 11
145, 81, 11
145, 82, 11
145, 81, 11
145, 82, 11
145, 83, 11
145, 83, 11
145, 83, 11
145, 83, 11
145, 85, 11
145, 84, 11
145, 86, 11
145, 86, 11
145, 86, 11
145, 85, 11
145, 84, 11
145, 85, 11
145, 81, 11
145, 82, 11
145, 83, 11
145, 84, 11
145, 83, 11
145, 84, 11
145, 86, 11
145, 84, 11
145, 86, 11
145, 86, 11
145, 87, 11
145, 86, 11
145, 86, 11
145, 86, 11
145, 84, 11
145, 86, 11
145, 84, 11
145, 86, 11
145, 86, 11
145, 86, 11
145, 86, 11
145, 84, 11
145, 85, 11
145, 84, 11
145, 86, 11
145, 85, 11
145, 85, 11
145, 85, 11
145, 84, 11
145, 84, 11
145, 83, 11
145, 84, 11
145, 85, 11
145, 85, 11
145, 86, 11
145, 86, 11
145, 87, 11
145, 84, 11
145, 86, 11
145, 85, 11
145, 84, 11
145, 84, 11
145, 83, 11
145, 83, 11
145, 80, 11
145, 82, 11
145, 81, 11
145, 83, 11
145, 82, 11
145, 82, 11
145, 81, 11
145, 79, 11
145, 80, 11
145, 80, 11
145, 82, 11
145, 82, 11
145, 82, 11
145, 81, 11
145, 79, 11
145, 80, 11
145, 78, 11
145, 79, 11
145, 80, 11
145, 81, 11
145, 79, 11
145, 79, 11
145, 80, 11
145, 78, 11
145, 81, 11
145, 82, 11
145, 82, 11
145, 83, 11
145, 82, 11
145, 82, 11
145, 81, 11
145, 84, 11
145, 83, 11
145, 83, 11
145, 83, 11
145, 82, 11
145, 81, 11
145, 80, 11
145, 83, 11
145, 83, 11
145, 85, 11
145, 84, 11
145, 84, 11
145, 84, 11
145, 82, 11
145, 84, 11
145, 84, 11
145, 86, 11
145, 86, 11
145, 86, 11
145, 87, 11
145, 85, 11
145, 86, 11
145, 85, 11
145, 86, 11
145, 86, 11
145, 86, 11
145, 86, 11
145, 84, 11
145, 86, 11
145, 85, 11
145, 87, 11
145, 87, 11
145, 88, 11
152, 87, 11
152, 85, 11
152, 85, 11
152, 83, 11
152, 85, 11
152, 85, 11
152, 86, 11
152, 86, 11
152, 86, 11
152, 87, 11
152, 85, 11
152, 87, 11
152, 86, 11
152, 86, 11
152, 86, 11
152, 86, 11
152, 85, 11
152, 84, 11
152, 86, 11
152, 85, 11
152, 85, 11
152, 86, 11
152, 87, 11
152, 87, 11
152, 86, 11
152, 89, 11
152, 87, 11
152, 86, 11
152, 85, 11
152, 84, 11
152, 83, 11
152, 83, 11
152, 85, 11
152, 85, 11
152, 86, 11
152, 86, 11
152, 85, 11
152, 85, 11
152, 85, 11
152, 87, 11
152, 86, 11
152, 86, 11
152, 86, 11
152, 84, 11
152, 83, 11
152, 83, 11
152, 85, 11
152, 85, 11
152, 86, 11
152, 87, 11
152, 87, 11
152, 87, 11
152, 86, 11
152, 88, 11
152, 87, 11
152, 87, 11
152, 86, 11
152, 85, 11
152, 86, 11
152, 85, 11
152, 86, 11
152, 86, 11
152, 86, 11
152, 86, 11
152, 85, 11
152, 87, 11
152, 86, 11
152, 87, 11
152, 86, 11
152, 86, 11
152, 85, 11
152, 83, 11
152, 82, 11
152, 83, 11
152, 84, 11
152, 85, 11
152, 85, 11
152, 86, 11
152, 83, 11
152, 83, 11
152, 83, 11
152, 84, 11
152, 84, 11
152, 84, 11
152, 84, 11
152, 82, 11
152, 83, 11
152, 83, 11
152, 83, 11
152, 83, 11
152, 83, 11
152, 84, 11
152, 83, 11
152, 85, 11
152, 85, 11
152, 84, 11
152, 83, 11
152, 81, 11
152, 80, 11
152, 80, 11
152, 82, 11
152, 84, 11
152, 85, 11
152, 85, 11
152, 84, 11
152, 84, 11
152, 82, 11
152, 82, 11
152, 82, 11
152, 83, 11
152, 83, 11
152, 82, 11
152, 82, 11
152, 82, 11
152, 83, 11
152, 83, 11
152, 83, 11
152, 83, 11
152, 81, 11
152, 83, 11
152, 82, 11
152, 84, 11
152, 83, 11
152, 83, 11
152, 81, 11
152, 79, 11
152, 80, 11
152, 80, 11
152, 81, 11
152, 83, 11
152, 83, 11
152, 84, 11
152, 82, 11
152, 83, 11
152, 83, 11
152, 84, 11
152, 83, 11
152, 83, 11
152, 83, 11
152, 80, 11
152, 82, 11
152, 82, 11
152, 82, 11
152, 83, 11
152, 83, 11
152, 84, 11
152, 83, 11
152, 86, 11
152, 84, 11
152, 84, 11
152, 82, 11
152, 81, 11
152, 79, 11
152, 79, 11
152, 82, 11
152, 83, 11
152, 83, 11
152, 83, 11
152, 82, 11
152, 82, 11
152, 81, 11
152, 83, 11
152, 84, 11
152, 84, 11
152, 84, 11
152, 82, 11
152, 83, 11
152, 81, 11
152, 82, 11
152, 83, 11
152, 83, 11
152, 84, 11
152, 83, 11
152, 84, 11
152, 84, 11
152, 85, 11
152, 83, 11
152, 82, 11
152, 82, 11
152, 80, 11
152, 80, 11
152, 82, 11
152, 84, 11
152, 84, 11
152, 84, 11
152, 84, 11
152, 82, 11
152, 83, 11
152, 84, 11
152, 85, 11
152, 84, 11
152, 84, 11
152, 83, 11
152, 81, 11
152, 82, 11
152, 83, 11
152, 84, 11
152, 86, 11
152, 87, 11
152, 88, 11
152, 86, 11
152, 87, 11
152, 87, 11
152, 86, 11
152, 85, 11
152, 85, 11
152, 85, 11
152, 83, 11
152, 85, 11
152, 85, 11
152, 85, 11
152, 84, 11
152, 84, 11
152, 84, 11
152, 84, 11
152, 86, 11
152, 85, 11
152, 85, 11
152, 85, 11
152, 84, 11
152, 84, 11
152, 83, 11
152, 84, 11
152, 84, 11
152, 84, 11
152, 85, 11
152, 85, 11
152, 87, 11
152, 86, 11
152, 87, 11
152, 86, 11
152, 86, 11
152, 84, 11
152, 83, 11
152, 84, 11
152, 84, 11
82, 85, 11
82, 86, 11
82, 86, 11
82, 87, 11
82, 84, 11
82, 85, 11
82, 83, 11
82, 84, 11
82, 82, 11
82, 82, 11
82, 82, 11
82, 79, 11
82, 79, 11
82, 75, 11
82, 77, 11
82, 71, 11
82, 76, 11
82, 70, 11
82, 75, 11
82, 69, 11
82, 73, 11
82, 68, 11
82, 71, 11
82, 67, 11
82, 69, 11
82, 67, 11
82, 68, 11
82, 67, 11
82, 66, 11
82, 67, 11
82, 65, 11
82, 68, 11
82, 67, 11
82, 71, 11
82, 68, 11
82, 70, 11
82, 66, 11
82, 65, 11
82, 63, 11
82, 63, 11
82, 64, 11
82, 63, 11
82, 66, 11
82, 64, 11
82, 65, 11
82, 63, 11
82, 63, 11
82, 62, 11
82, 62, 11
82, 64, 11
82, 63, 11
82, 63, 11
82, 62, 11
82, 61, 11
82, 61, 11
82, 60, 11
82, 62, 11
82, 61, 11
82, 62, 11
82, 62, 11
82, 62, 11
82, 62, 11
82, 62, 11
82, 62, 11
82, 61, 11
82, 62, 11
82, 63, 11
82, 63, 11
82, 64, 11
82, 62, 11
82, 60, 11
82, 58, 11
82, 57, 11
82, 56, 11
82, 58, 11
82, 58, 11
82, 59, 11
82, 59, 11
82, 60, 11
82, 59, 11
82, 60, 11
82, 59, 11
82, 60, 11
82, 60, 11
82, 61, 11
82, 61, 11
82, 61, 11
82, 61, 11
82, 60, 11
82, 60, 11
82, 60, 11
82, 59, 11
82, 59, 11
82, 59, 11
82, 58, 11
82, 57, 11
82, 57, 11
82, 58, 11
82, 58, 11
82, 59, 11
82, 60, 11
82, 60, 11
82, 59, 11
82, 59, 11
82, 59, 11
82, 59, 11
82, 60, 11
82, 61, 11
82, 62, 11
82, 62, 11
82, 62, 11
82, 61, 11
82, 61, 11
82, 59, 11
82, 60, 11
82, 59, 11
82, 58, 11
82, 58, 11
82, 58, 11
82, 57, 11
82, 57, 11
82, 57, 11
82, 57, 11
82, 57, 11
82, 56, 11
82, 56, 11
82, 57, 11
82, 58, 11
82, 59, 11
82, 60, 11
82, 61, 11
82, 61, 11
82, 61, 11
82, 60, 11
82, 60, 11
82, 59, 11
82, 59, 11
82, 59, 11
82, 59, 11
82, 59, 11
82, 60, 11
82, 59, 11
82, 58, 11
82, 58, 11
82, 57, 11
82, 56, 11
82, 57, 11
82, 58, 11
82, 59, 11
82, 60, 11
82, 61, 11
82, 61, 11
82, 61, 11
82, 60, 11
82, 60, 11
82, 60, 11
82, 60, 11
82, 60, 11
82, 60, 11
82, 60, 11
82, 60, 11
82, 60, 11
82, 59, 11
82, 58, 11
82, 57, 11
82, 56, 11
82, 56, 11
82, 56, 11
82, 57, 11
82, 57, 11
82, 58, 11
82, 58, 11
82, 59, 11
82, 58, 11
82, 59, 11
82, 59, 11
82, 59, 11
82, 59, 11
82, 59, 11
82, 59, 11
82, 60, 11
82, 60, 11
82, 60, 11
82, 60, 11
82, 60, 11
82, 59, 11
82, 60, 11
82, 60, 11
82, 61, 11
82, 60, 11
82, 61, 11
82, 59, 11
82, 58, 11
82, 57, 11
82, 57, 11
82, 56, 11
82, 56, 11
82, 56, 11
82, 57, 11
82, 57, 11
82, 58, 11
82, 58, 11
82, 58, 11
82, 58, 11
82, 58, 11
82, 59, 11
82, 59, 11
82, 60, 11
82, 61, 11
82, 61, 11
82, 62, 11
82, 61, 11
82, 61, 11
82, 60, 11
82, 60, 11
82, 59, 11
82, 59, 11
82, 58, 11
82, 58, 11
82, 57, 11
82, 56, 11
82, 56, 11
82, 56, 11
82, 55, 11
82, 55, 11
82, 55, 11
82, 56, 11
82, 57, 11
82, 57, 11
82, 58, 11
82, 58, 11
82, 59, 11
82, 60, 11
82, 61, 11
82, 61, 11
82, 61, 11
82, 61, 11
47, 62, 11
47, 61, 11
47, 61, 11
47, 60, 11
47, 59, 11
47, 58, 11
47, 57, 11
47, 58, 11
47, 59, 11
47, 56, 11
47, 56, 11
47, 55, 11
47, 52, 11
47, 51, 11
47, 50, 11
47, 47, 11
47, 49, 11
47, 48, 11
47, 46, 11
47, 50, 11
47, 49, 11
47, 46, 11
47, 50, 11
47, 49, 11
47, 44, 11
47, 46, 11
47, 47, 11
47, 41, 11
47, 42, 11
47, 46, 11
47, 41, 11
47, 38, 11
47, 42, 11
47, 42, 11
47, 36, 11
47, 37, 11
47, 42, 11
47, 39, 11
47, 36, 11
47, 38, 11
47, 42, 11
47, 38, 11
47, 37, 11
47, 38, 11
47, 40, 11
47, 35, 11
47, 34, 11
47, 35, 11
47, 37, 11
47, 34, 11
47, 35, 11
47, 35, 11
47, 36, 11
47, 34, 11
47, 33, 11
47, 33, 11
47, 34, 11
47, 33, 11
47, 32, 11
47, 32, 11
47, 32, 11
47, 32, 11
47, 31, 11
47, 31, 11
47, 31, 11
47, 31, 11
47, 31, 11
47, 30, 11
47, 30, 11
47, 30, 11
47, 31, 11
47, 31, 11
47, 31, 11
47, 32, 11
47, 31, 11
47, 31, 11
47, 30, 11
47, 30, 11
47, 30, 11
47, 30, 11
47, 30, 11
47, 29, 11
47, 28, 11
47, 28, 11
47, 27, 11
47, 27, 11
47, 28, 11
47, 28, 11
47, 28, 11
47, 28, 11
47, 28, 11
47, 27, 11
47, 28, 11
47, 29, 11
47, 30, 11
47, 31, 11
47, 31, 11
47, 30, 11
47, 29, 11
47, 28, 11
47, 27, 11
47, 26, 11
47, 26, 11
47, 27, 11
47, 27, 11
47, 28, 11
47, 28, 11
47, 28, 11
47, 28, 11
47, 28, 11
47, 28, 11
47, 29, 11
47, 29, 11
47, 27, 11
47, 27, 11
47, 27, 11
47, 26, 11
47, 26, 11
47, 26, 11
47, 26, 11
47, 26, 11
47, 26, 11
47, 28, 11
47, 28, 11
47, 27, 11
47, 28, 11
47, 28, 11
47, 27, 11
47, 27, 11
47, 26, 11
47, 25, 11
47, 26, 11
47, 26, 11
47, 27, 11
47, 28, 11
47, 26, 11
47, 25, 11
47, 25, 11
47, 25, 11
47, 26, 11
47, 26, 11
47, 27, 11
47, 27, 11
47, 27, 11
47, 28, 11
47, 28, 11
47, 26, 11
47, 26, 11
47, 26, 11
47, 25, 11
47, 27, 11
47, 27, 11
47, 25, 11
47, 25, 11
47, 25, 11
47, 26, 11
47, 27, 11
47, 27, 11
47, 26, 11
47, 26, 11
47, 26, 11
47, 26, 11
47, 25, 11
47, 24, 11
47, 23, 11
47, 23, 11
47, 24, 11
47, 26, 11
47, 27, 11
47, 25, 11
47, 25, 11
47, 24, 11
47, 24, 11
47, 26, 11
47, 26, 11
47, 24, 11
47, 25, 11
47, 25, 11
47, 25, 11
47, 26, 11
47, 26, 11
47, 24, 11
47, 24, 11
47, 24, 11
47, 24, 11
47, 25, 11
47, 25, 11
47, 24, 11
47, 24, 11
47, 25, 11
47, 26, 11
47, 27, 11
47, 26, 11
47, 25, 11
47, 26, 11
47, 25, 11
47, 26, 11
47, 26, 11
47, 25, 11
47, 23, 11
47, 23, 11
47, 23, 11
47, 25, 11
47, 26, 11
47, 25, 11
47, 26, 11
47, 27, 11
47, 26, 11
47, 27, 11
47, 26, 11
47, 24, 11
47, 23, 11
47, 23, 11
47, 24, 11
47, 26, 11
47, 26, 11
47, 26, 11
47, 26, 11
47, 26, 11
47, 27, 11
47, 27, 11
47, 26, 11
47, 24, 11
47, 24, 11
47, 24, 11
47, 26, 11
47, 26, 11
47, 25, 11
47, 26, 11
47, 26, 11
47, 26, 11
47, 27, 11
47, 27, 11
47, 25, 11
47, 24, 11
47, 24, 11
47, 25, 11
103, 25, 11
103, 26, 11
103, 26, 11
103, 26, 11
103, 26, 11
103, 28, 11
103, 33, 11
103, 34, 11
103, 33, 11
103, 36, 11
103, 39, 11
103, 37, 11
103, 39, 11
103, 45, 11
103, 45, 11
103, 45, 11
103, 50, 11
103, 51, 11
103, 51, 11
103, 54, 11
103, 54, 11
103, 54, 11
103, 56, 11
103, 55, 11
103, 55, 11
103, 56, 11
103, 57, 11
103, 57, 11
103, 59, 11
103, 59, 11
103, 60, 11
103, 60, 11
103, 61, 11
103, 59, 11
103, 60, 11
103, 60, 11
103, 60, 11
103, 62, 11
103, 63, 11
103, 66, 11
103, 63, 11
103, 64, 11
103, 65, 11
103, 64, 11
103, 67, 11
103, 68, 11
103, 71, 11
103, 70, 11
103, 73, 11
103, 68, 11
103, 68, 11
103, 66, 11
103, 66, 11
103, 65, 11
103, 65, 11
103, 67, 11
103, 64, 11
103, 67, 11
103, 64, 11
103, 69, 11
103, 66, 11
103, 71, 11
103, 68, 11
103, 73, 11
103, 68, 11
103, 71, 11
103, 68, 11
103, 69, 11
103, 68, 11
103, 68, 11
103, 68, 11
103, 67, 11
103, 68, 11
103, 65, 11
103, 69, 11
103, 66, 11
103, 71, 11
103, 70, 11
103, 77, 11
103, 73, 11
103, 79, 11
103, 73, 11
103, 75, 11
103, 69, 11
103, 71, 11
103, 67, 11
103, 69, 11
103, 67, 11
103, 69, 11
103, 68, 11
103, 68, 11
103, 70, 11
103, 68, 11
103, 70, 11
103, 68, 11
103, 72, 11
103, 68, 11
103, 72, 11
103, 69, 11
103, 74, 11
103, 68, 11
103, 72, 11
103, 67, 11
103, 72, 11
103, 66, 11
103, 70, 11
103, 67, 11
103, 72, 11
103, 68, 11
103, 70, 11
103, 69, 11
103, 71, 11
103, 70, 11
103, 69, 11
103, 71, 11
103, 69, 11
103, 69, 11
103, 67, 11
103, 71, 11
103, 67, 11
103, 72, 11
103, 70, 11
103, 77, 11
103, 72, 11
103, 79, 11
103, 75, 11
103, 79, 11
103, 72, 11
103, 75, 11
103, 69, 11
103, 71, 11
103, 67, 11
103, 69, 11
103, 67, 11
103, 70, 11
103, 69, 11
103, 68, 11
103, 69, 11
103, 68, 11
103, 70, 11
103, 68, 11
103, 71, 11
103, 69, 11
103, 72, 11
103, 68, 11
103, 72, 11
103, 66, 11
103, 71, 11
103, 67, 11
103, 71, 11
103, 67, 11
103, 72, 11
103, 67, 11
103, 71, 11
103, 68, 11
103, 71, 11
103, 68, 11
103, 70, 11
103, 69, 11
103, 69, 11
103, 70, 11
103, 69, 11
103, 70, 11
103, 68, 11
103, 70, 11
103, 67, 11
103, 71, 11
103, 67, 11
103, 73, 11
103, 70, 11
103, 76, 11
103, 73, 11
103, 78, 11
103, 72, 11
103, 75, 11
103, 68, 11
103, 70, 11
103, 66, 11
103, 68, 11
103, 66, 11
103, 69, 11
103, 67, 11
103, 67, 11
103, 69, 11
103, 67, 11
103, 68, 11
103, 67, 11
103, 71, 11
103, 68, 11
103, 74, 11
103, 71, 11
103, 76, 11
103, 70, 11
103, 74, 11
103, 67, 11
103, 70, 11
103, 64, 11
103, 67, 11
103, 65, 11
103, 68, 11
103, 67, 11
103, 69, 11
103, 69, 11
103, 69, 11
103, 70, 11
103, 69, 11
103, 71, 11
103, 69, 11
103, 73, 11
103, 69, 11
103, 73, 11
103, 69, 11
103, 74, 11
103, 68, 11
103, 73, 11
103, 69, 11
103, 72, 11
103, 69, 11
103, 72, 11
103, 69, 11
103, 71, 11
103, 69, 11
103, 68, 11
103, 69, 11
103, 67, 11
103, 69, 11
103, 67, 11
103, 70, 11
103, 65, 11
103, 69, 11
103, 65, 11
103, 70, 11
103, 67, 11
103, 72, 11
103, 68, 11
103, 71, 11
27, 67, 11
27, 70, 11
27, 67, 11
27, 68, 11
27, 68, 11
27, 67, 11
27, 68, 11
27, 66, 11
27, 68, 11
27, 64, 11
27, 65, 11
27, 61, 11
27, 60, 11
27, 56, 11
27, 56, 11
27, 55, 11
27, 53, 11
27, 53, 11
27, 52, 11
27, 50, 11
27, 52, 11
27, 50, 11
27, 47, 11
27, 50, 11
27, 48, 11
27, 43, 11
27, 44, 11
27, 44, 11
27, 38, 11
27, 37, 11
27, 42, 11
27, 39, 11
27, 37, 11
27, 38, 11
27, 40, 11
27, 35, 11
27, 34, 11
27, 33, 11
27, 33, 11
27, 30, 11
27, 31, 11
27, 32, 11
27, 32, 11
27, 31, 11
27, 29, 11
27, 29, 11
27, 29, 11
27, 29, 11
27, 27, 11
27, 25, 11
27, 23, 11
27, 22, 11
27, 22, 11
27, 24, 11
27, 25, 11
27, 24, 11
27, 19, 11
27, 16, 11
27, 15, 11
27, 16, 11
27, 20, 11
27, 24, 11
27, 23, 11
27, 20, 11
27, 15, 11
27, 10, 11
27, 7, 11
27, 8, 11
27, 12, 11
27, 17, 11
27, 21, 11
27, 22, 11
27, 20, 11
27, 16, 11
27, 11, 11
27, 7, 11
27, 4, 11
27, 2, 11
27, 3, 11
27, 5, 11
27, 7, 11
27, 9, 11
27, 14, 11
27, 16, 11
27, 17, 11
27, 17, 11
27, 17, 11
27, 14, 11
27, 11, 11
27, 7, 11
27, 5, 11
27, 2, 11
27, 1, 11
27, 0, 11
27, 0, 11
27, 0, 11
27, 0, 11
27, 0, 11
27, 0, 11
27, 0, 11
27, 0, 11
27, 0, 10
27, 0, 11
27, 0, 11
27, 1, 11
27, 2, 10
27, 3, 11
27, 4, 11
27, 5, 10
27, 6, 11
27, 6, 11
27, 7, 11
27, 7, 10
27, 8, 11
27, 7, 11
27, 6, 11
27, 5, 11
27, 3, 11
27, 1, 11
27, 0, 11
27, -1, 11
27, -1, 11
27, 0, 11
27, 0, 11
27, 0, 11
27, 0, 11
27, 0, 11
27, 0, 11
27, 0, 11
27, 0, 11
27, 0, 10
27, 0, 11
27, 0, 11
27, 0, 11
27, 0, 10
27, 0, 11
27, 0, 11
27, 0, 11
27, 0, 10
27, 0, 11
27, 0, 11
27, 0, 11
27, 0, 10
27, 0, 11
27, 0, 11
27, 0, 11
27, 0, 10
27, 0, 11
27, 0, 11
27, 0, 11
27, 0, 10
27, 0, 11
27, 0, 11
27, 0, 11
27, 0, 10
27, 0, 11
27, 0, 11
27, 0, 10
27, 0, 10
27, 0, 11
27, 0, 11
27, 0, 10
27, 0, 10
27, 0, 11
27, 0, 11
27, 0, 10
27, 0, 10
27, 0, 11
27, 0, 11
27, 0, 10
27, 0, 10
27, 0, 11
27, 0, 11
27, 0, 10
27, 0, 10
27, 0, 11
27, 0, 11
27, 0, 10
27, 0, 10
27, 0, 11
27, 0, 11
27, 0, 10
27, 0, 10
27, 0, 11
27, 0, 11
27, 0, 10
27, 0, 10
27, 0, 11
27, 0, 11
27, 0, 10
27, 0, 10
27, 0, 11
27, 0, 11
27, 0, 10
27, 0, 10
27, 0, 11
27, 0, 11
27, 0, 10
27, 0, 10
27, 0, 11
27, 0, 11
27, 0, 10
27, 0, 11
27, 0, 11
27, 0, 11
27, 0, 11
27, 0, 11
27, 0, 11
27, 0, 11
27, 0, 11
27, 0, 11
27, 0, 11
27, 0, 11
27, 0, 11
27, 0, 11
27, 0, 11
27, 0, 11
27, 0, 11
27, 0, 11
27, 0, 11
27, 0, 11
27, 0, 11
27, 0, 11
27, 0, 11
27, 0, 11
27, 0, 11
27, 0, 11
27, 0, 11
27, 0, 11
27, 0, 11
27, 0, 11
27, 0, 11
27, 0, 11
27, 0, 11
27, 0, 11
27, 0, 11
27, 0, 11
27, 0, 11
27, 0, 11
189, 0, 11
189, 1, 11
189, 3, 11
189, 6, 11
189, 8, 11
189, 12, 11
189, 20, 11
189, 24, 11
189, 30, 11
189, 39, 11
189, 47, 11
189, 51, 11
189, 57, 11
189, 64, 11
189, 63, 11
189, 69, 11
189, 68, 11
189, 73, 11
189, 71, 11
189, 77, 11
189, 74, 11
189, 80, 11
189, 80, 11
189, 83, 11
189, 82, 11
189, 83, 11
189, 83, 11
189, 82, 11
189, 84, 11
189, 84, 11
189, 86, 11
189, 85, 11
189, 85, 11
189, 84, 11
189, 84, 11
189, 85, 11
189, 85, 11
189, 86, 11
189, 87, 11
189, 87, 11
189, 87, 11
189, 87, 11
189, 87, 11
189, 87, 11
189, 87, 11
189, 87, 11
189, 87, 11
189, 88, 11
189, 88, 11
189, 88, 11
189, 89, 11
189, 89, 11
189, 89, 11
189, 89, 11
189, 90, 11
189, 91, 11
189, 91, 11
189, 91, 11
189, 92, 11
189, 92, 11
189, 91, 11
189, 91, 11
189, 90, 11
189, 90, 11
189, 89, 11
189, 89, 11
189, 88, 11
189, 88, 11
189, 88, 11
189, 87, 11
189, 86, 11
189, 87, 11
189, 88, 11
189, 88, 11
189, 90, 11
189, 91, 11
189, 91, 11
189, 90, 11
189, 91, 11
189, 90, 11
189, 89, 11
189, 90, 11
189, 91, 11
189, 91, 11
189, 91, 11
189, 91, 11
189, 90, 11
189, 90, 11
189, 89, 11
189, 88, 11
189, 90, 11
189, 90, 11
189, 91, 11
189, 92, 11
189, 91, 11
189, 90, 11
189, 89, 11
189, 87, 11
189, 86, 11
189, 87, 11
189, 88, 11
189, 88, 11
189, 89, 11
189, 89, 11
189, 89, 11
189, 89, 11
189, 89, 11
189, 90, 11
189, 91, 11
189, 91, 11
189, 92, 11
189, 92, 11
189, 92, 11
189, 92, 11
189, 92, 11
189, 91, 11
189, 89, 11
189, 89, 11
189, 89, 11
189, 89, 11
189, 89, 11
189, 88, 11
189, 89, 11
189, 88, 11
189, 87, 11
189, 87, 11
189, 89, 11
189, 89, 11
189, 90, 11
189, 90, 11
189, 90, 11
189, 90, 11
189, 90, 11
189, 90, 11
189, 89, 11
189, 91, 11
189, 91, 11
189, 91, 11
189, 91, 11
189, 90, 11
189, 89, 11
189, 88, 11
189, 88, 11
189, 87, 11
189, 88, 11
189, 87, 11
189, 88, 11
189, 88, 11
189, 88, 11
189, 88, 11
189, 89, 11
189, 89, 11
189, 88, 11
189, 88, 11
189, 88, 11
189, 89, 11
189, 89, 11
189, 89, 11
189, 90, 11
189, 90, 11
189, 89, 11
189, 90, 11
189, 91, 11
189, 91, 11
189, 93, 11
189, 92, 11
189, 92, 11
189, 91, 11
189, 90, 11
189, 88, 11
189, 87, 11
189, 88, 11
189, 88, 11
189, 87, 11
189, 88, 11
189, 88, 11
189, 87, 11
189, 87, 11
189, 87, 11
189, 87, 11
189, 88, 11
189, 88, 11
189, 89, 11
189, 89, 11
189, 89, 11
189, 89, 11
189, 90, 11
189, 89, 11
189, 89, 11
189, 90, 11
189, 91, 11
189, 90, 11
189, 91, 11
189, 91, 11
189, 91, 11
189, 90, 11
189, 90, 11
189, 90, 11
189, 89, 11
189, 89, 11
189, 90, 11
189, 89, 11
189, 88, 11
189, 88, 11
189, 88, 11
189, 86, 11
189, 86, 11
189, 88, 11
189, 89, 11
189, 88, 11
189, 89, 11
189, 90, 11
189, 90, 11
189, 90, 11
189, 91, 11
189, 91, 11
189, 90, 11
189, 91, 11
189, 91, 11
189, 91, 11
189, 90, 11
189, 89, 11
189, 89, 11
189, 88, 11
189, 86, 11
189, 87, 11
189, 87, 11
189, 87, 11
189, 89, 11
189, 89, 11
189, 89, 11
189, 89, 11
189, 89, 11
189, 88, 11
189, 88, 11
189, 89, 11
180, 89, 11
180, 90, 11
180, 91, 11
180, 91, 11
180, 90, 11
180, 90, 11
180, 90, 11
180, 90, 11
180, 92, 11
180, 91, 11
180, 92, 11
180, 91, 11
180, 91, 11
180, 90, 11
180, 89, 11
180, 89, 11
180, 89, 11
180, 88, 11
180, 88, 11
180, 89, 11
180, 88, 11
180, 88, 11
180, 88, 11
180, 88, 11
180, 87, 11
180, 87, 11
180, 86, 11
180, 87, 11
180, 86, 11
180, 86, 11
180, 87, 11
180, 87, 11
180, 87, 11
180, 87, 11
180, 87, 11
180, 87, 11
180, 88, 11
180, 88, 11
180, 89, 11
180, 90, 11
180, 91, 11
180, 90, 11
180, 90, 11
180, 90, 11
180, 89, 11
180, 89, 11
180, 89, 11
180, 91, 11
180, 92, 11
180, 91, 11
180, 91, 11
180, 89, 11
180, 89, 11
180, 87, 11
180, 87, 11
180, 87, 11
180, 88, 11
180, 88, 11
180, 88, 11
180, 87, 11
180, 87, 11
180, 86, 11
180, 86, 11
180, 85, 11
180, 86, 11
180, 86, 11
180, 86, 11
180, 87, 11
180, 88, 11
180, 87, 11
180, 87, 11
180, 87, 11
180, 88, 11
180, 87, 11
180, 88, 11
180, 89, 11
180, 90, 11
180, 90, 11
180, 91, 11
180, 90, 11
180, 90, 11
180, 89, 11
180, 89, 11
180, 88, 11
180, 89, 11
180, 88, 11
180, 89, 11
180, 89, 11
180, 89, 11
180, 88, 11
180, 87, 11
180, 87, 11
180, 87, 11
180, 86, 11
180, 86, 11
180, 87, 11
180, 87, 11
180, 87, 11
180, 87, 11
180, 87, 11
180, 87, 11
180, 87, 11
180, 87, 11
180, 88, 11
180, 89, 11
180, 90, 11
180, 90, 11
180, 90, 11
180, 90, 11
180, 89, 11
180, 89, 11
180, 89, 11
180, 89, 11
180, 89, 11
180, 90, 11
180, 90, 11
180, 90, 11
180, 90, 11
180, 90, 11
180, 88, 11
180, 88, 11
180, 87, 11
180, 87, 11
180, 87, 11
180, 88, 11
180, 88, 11
180, 88, 11
180, 88, 11
180, 88, 11
180, 87, 11
180, 87, 11
180, 86, 11
180, 86, 11
180, 86, 11
180, 87, 11
180, 87, 11
180, 88, 11
180, 87, 11
180, 88, 11
180, 87, 11
180, 87, 11
180, 87, 11
180, 89, 11
180, 89, 11
180, 90, 11
180, 90, 11
180, 91, 11
180, 90, 11
180, 90, 11
180, 89, 11
180, 89, 11
180, 89, 11
180, 89, 11
180, 89, 11
180, 91, 11
180, 91, 11
180, 91, 11
180, 89, 11
180, 89, 11
180, 88, 11
180, 87, 11
180, 87, 11
180, 86, 11
180, 87, 11
180, 87, 11
180, 87, 11
180, 87, 11
180, 87, 11
180, 87, 11
180, 86, 11
180, 86, 11
180, 86, 11
180, 87, 11
180, 87, 11
180, 87, 11
180, 86, 11
180, 86, 11
180, 86, 11
180, 86, 11
180, 87, 11
180, 87, 11
180, 87, 11
180, 88, 11
180, 89, 11
180, 90, 11
180, 91, 11
180, 91, 11
180, 91, 11
180, 90, 11
180, 89, 11
180, 89, 11
180, 90, 11
180, 90, 11
180, 90, 11
180, 90, 11
180, 90, 11
180, 90, 11
180, 89, 11
180, 89, 11
180, 89, 11
180, 88, 11
180, 88, 11
180, 89, 11
180, 89, 11
180, 89, 11
180, 89, 11
180, 89, 11
180, 87, 11
180, 87, 11
180, 86, 11
180, 88, 11
180, 87, 11
180, 89, 11
180, 89, 11
180, 89, 11
180, 88, 11
180, 88, 11
180, 87, 11
180, 87, 11
180, 87, 11
180, 87, 11
180, 88, 11
180, 89, 11
180, 90, 11
180, 90, 11
180, 90, 11
180, 89, 11
180, 89, 11
180, 89, 11
180, 89, 11
180, 90, 11
180, 92, 11
180, 92, 11
180, 92, 11
180, 92, 11
180, 91, 11
192, 90, 11
192, 89, 11
192, 88, 11
192, 89, 11
192, 87, 11
192, 87, 11
192, 87, 11
192, 88, 11
192, 87, 11
192, 87, 11
192, 88, 11
192, 87, 11
192, 87, 11
192, 88, 11
192, 89, 11
192, 89, 11
192, 91, 11
192, 92, 11
192, 91, 11
192, 92, 11
192, 91, 11
192, 91, 11
192, 91, 11
192, 92, 11
192, 92, 11
192, 91, 11
192, 91, 11
192, 90, 11
192, 89, 11
192, 88, 11
192, 88, 11
192, 89, 11
192, 89, 11
192, 89, 11
192, 89, 11
192, 89, 11
192, 90, 11
192, 90, 11
192, 90, 11
192, 92, 11
192, 92, 11
192, 92, 11
192, 92, 11
192, 92, 11
192, 92, 11
192, 91, 11
192, 90, 11
192, 90, 11
192, 90, 11
192, 90, 11
192, 90, 11
192, 91, 11
192, 91, 11
192, 90, 11
192, 90, 11
192, 89, 11
192, 87, 11
192, 87, 11
192, 88, 11
192, 88, 11
192, 89, 11
192, 89, 11
192, 89, 11
192, 89, 11
192, 89, 11
192, 90, 11
192, 91, 11
192, 92, 11
192, 93, 11
192, 91, 11
192, 92, 11
192, 91, 11
192, 90, 11
192, 89, 11
192, 89, 11
192, 89, 11
192, 88, 11
192, 88, 11
192, 88, 11
192, 89, 11
192, 88, 11
192, 88, 11
192, 88, 11
192, 89, 11
192, 89, 11
192, 90, 11
192, 90, 11
192, 90, 11
192, 90, 11
192, 90, 11
192, 90, 11
192, 91, 11
192, 91, 11
192, 91, 11
192, 92, 11
192, 92, 11
192, 91, 11
192, 89, 11
192, 89, 11
192, 88, 11
192, 86, 11
192, 87, 11
192, 88, 11
192, 88, 11
192, 89, 11
192, 89, 11
192, 90, 11
192, 90, 11
192, 90, 11
192, 90, 11
192, 91, 11
192, 91, 11
192, 91, 11
192, 91, 11
192, 91, 11
192, 91, 11
192, 90, 11
192, 90, 11
192, 91, 11
192, 92, 11
192, 92, 11
192, 92, 11
192, 92, 11
192, 91, 11
192, 90, 11
192, 89, 11
192, 88, 11
192, 88, 11
192, 88, 11
192, 88, 11
192, 88, 11
192, 88, 11
192, 89, 11
192, 89, 11
192, 90, 11
192, 91, 11
192, 91, 11
192, 91, 11
192, 91, 11
192, 91, 11
192, 91, 11
192, 91, 11
192, 91, 11
192, 91, 11
192, 91, 11
192, 91, 11
192, 92, 11
192, 93, 11
192, 93, 11
192, 92, 11
192, 92, 11
192, 91, 11
192, 90, 11
192, 88, 11
192, 89, 11
192, 89, 11
192, 89, 11
192, 89, 11
192, 89, 11
192, 89, 11
192, 89, 11
192, 89, 11
192, 89, 11
192, 91, 11
192, 91, 11
192, 91, 11
192, 91, 11
192, 90, 11
192, 90, 11
192, 89, 11
192, 89, 11
192, 88, 11
192, 88, 11
192, 88, 11
192, 88, 11
192, 87, 11
192, 89, 11
192, 89, 11
192, 89, 11
192, 90, 11
192, 90, 11
192, 89, 11
192, 90, 11
192, 90, 11
192, 91, 11
192, 91, 11
192, 91, 11
192, 92, 11
192, 90, 11
192, 90, 11
192, 90, 11
192, 91, 11
192, 90, 11
192, 90, 11
192, 90, 11
192, 89, 11
192, 89, 11
192, 88, 11
192, 88, 11
192, 89, 11
192, 89, 11
192, 89, 11
192, 88, 11
192, 88, 11
192, 89, 11
192, 89, 11
192, 89, 11
192, 91, 11
192, 92, 11
192, 92, 11
192, 92, 11
192, 92, 11
192, 91, 11
192, 90, 11
192, 90, 11
192, 90, 11
192, 89, 11
192, 88, 11
192, 87, 11
192, 86, 11
192, 86, 11
192, 87, 11
192, 87, 11
192, 88, 11
192, 88, 11
192, 89, 11
192, 89, 11
192, 90, 11
192, 90, 11
192, 89, 11
192, 90, 11
192, 90, 11
192, 90, 11
192, 90, 11
192, 91, 11
192, 92, 11
143, 93, 11
143, 91, 11
143, 92, 11
143, 91, 11
143, 89, 11
143, 88, 11
143, 88, 11
143, 87, 11
143, 87, 11
143, 85, 11
143, 85, 11
143, 86, 11
143, 84, 11
143, 83, 11
143, 83, 11
143, 82, 11
143, 81, 11
143, 82, 11
143, 85, 11
143, 85, 11
143, 87, 11
143, 87, 11
143, 87, 11
143, 85, 11
143, 85, 11
143, 84, 11
143, 84, 11
143, 83, 11
143, 82, 11
143, 82, 11
143, 81, 11
143, 82, 11
143, 83, 11
143, 83, 11
143, 84, 11
143, 83, 11
143, 85, 11
143, 82, 11
143, 84, 11
143, 84, 11
143, 83, 11
143, 82, 11
143, 80, 11
143, 81, 11
143, 77, 11
143, 80, 11
143, 80, 11
143, 82, 11
143, 82, 11
143, 81, 11
143, 81, 11
143, 79, 11
143, 81, 11
143, 80, 11
143, 83, 11
143, 83, 11
143, 83, 11
143, 82, 11
143, 81, 11
143, 81, 11
143, 78, 11
143, 81, 11
143, 81, 11
143, 83, 11
143, 84, 11
143, 84, 11
143, 85, 11
143, 83, 11
143, 85, 11
143, 83, 11
143, 85, 11
143, 85, 11
143, 85, 11
143, 84, 11
143, 83, 11
143, 84, 11
143, 81, 11
143, 82, 11
143, 82, 11
143, 84, 11
143, 83, 11
143, 84, 11
143, 85, 11
143, 82, 11
143, 83, 11
143, 80, 11
143, 83, 11
143, 81, 11
143, 83, 11
143, 83, 11
143, 82, 11
143, 81, 11
143, 77, 11
143, 78, 11
143, 76, 11
143, 79, 11
143, 80, 11
143, 82, 11
143, 82, 11
143, 81, 11
143, 82, 11
143, 78, 11
143, 80, 11
143, 79, 11
143, 82, 11
143, 81, 11
143, 81, 11
143, 81, 11
143, 79, 11
143, 79, 11
143, 78, 11
143, 82, 11
143, 81, 11
143, 83, 11
143, 84, 11
143, 83, 11
143, 82, 11
143, 81, 11
143, 83, 11
143, 81, 11
143, 84, 11
143, 84, 11
143, 84, 11
143, 84, 11
143, 84, 11
143, 84, 11
143, 81, 11
143, 82, 11
143, 81, 11
143, 83, 11
143, 83, 11
143, 84, 11
143, 85, 11
143, 83, 11
143, 84, 11
143, 82, 11
143, 85, 11
143, 83, 11
143, 84, 11
143, 84, 11
143, 83, 11
143, 81, 11
143, 80, 11
143, 81, 11
143, 79, 11
143, 81, 11
143, 82, 11
143, 83, 11
143, 84, 11
143, 83, 11
143, 84, 11
143, 81, 11
143, 82, 11
143, 79, 11
143, 81, 11
143, 81, 11
143, 82, 11
143, 81, 11
143, 79, 11
143, 79, 11
143, 76, 11
143, 78, 11
143, 78, 11
143, 81, 11
143, 81, 11
143, 82, 11
143, 83, 11
143, 82, 11
143, 84, 11
143, 82, 11
143, 86, 11
143, 85, 11
143, 85, 11
143, 85, 11
143, 84, 11
143, 83, 11
143, 80, 11
143, 82, 11
143, 80, 11
143, 83, 11
143, 84, 11
143, 86, 11
143, 86, 11
143, 85, 11
143, 86, 11
143, 82, 11
143, 83, 11
143, 82, 11
143, 83, 11
143, 83, 11
143, 84, 11
143, 85, 11
143, 83, 11
143, 83, 11
143, 80, 11
143, 82, 11
143, 80, 11
143, 82, 11
143, 82, 11
143, 82, 11
143, 82, 11
143, 79, 11
143, 80, 11
143, 77, 11
143, 80, 11
143, 80, 11
143, 81, 11
143, 81, 11
143, 80, 11
143, 80, 11
143, 76, 11
143, 79, 11
143, 77, 11
143, 79, 11
143, 80, 11
143, 81, 11
143, 81, 11
143, 80, 11
143, 81, 11
143, 79, 11
143, 81, 11
143, 81, 11
143, 83, 11
143, 83, 11
143, 83, 11
143, 84, 11
143, 83, 11
143, 85, 11
143, 82, 11
143, 85, 11
143, 84, 11
143, 85, 11
143, 85, 11
143, 84, 11
143, 84, 11
143, 82, 11
129, 83, 11
129, 80, 11
129, 83, 11
129, 82, 11
129, 83, 11
129, 83, 11
129, 81, 11
129, 81, 11
129, 77, 11
129, 78, 11
129, 75, 11
129, 79, 11
129, 79, 11
129, 80, 11
129, 82, 11
129, 81, 11
129, 80, 11
129, 78, 11
129, 80, 11
129, 77, 11
129, 81, 11
129, 79, 11
129, 82, 11
129, 81, 11
129, 82, 11
129, 82, 11
129, 82, 11
129, 83, 11
129, 80, 11
129, 82, 11
129, 77, 11
129, 80, 11
129, 75, 11
129, 78, 11
129, 76, 11
129, 80, 11
129, 78, 11
129, 79, 11
129, 80, 11
129, 79, 11
129, 80, 11
129, 78, 11
129, 82, 11
129, 78, 11
129, 82, 11
129, 79, 11
129, 83, 11
129, 79, 11
129, 81, 11
129, 79, 11
129, 81, 11
129, 81, 11
129, 80, 11
129, 80, 11
129, 76, 11
129, 78, 11
129, 72, 11
129, 75, 11
129, 73, 11
129, 78, 11
129, 77, 11
129, 80, 11
129, 80, 11
129, 81, 11
129, 81, 11
129, 80, 11
129, 83, 11
129, 81, 11
129, 84, 11
129, 79, 11
129, 82, 11
129, 76, 11
129, 78, 11
129, 73, 11
129, 77, 11
129, 75, 11
129, 78, 11
129, 79, 11
129, 80, 11
129, 80, 11
129, 78, 11
129, 79, 11
129, 75, 11
129, 78, 11
129, 74, 11
129, 78, 11
129, 76, 11
129, 82, 11
129, 80, 11
129, 83, 11
129, 82, 11
129, 82, 11
129, 82, 11
129, 81, 11
129, 83, 11
129, 80, 11
129, 82, 11
129, 76, 11
129, 79, 11
129, 74, 11
129, 77, 11
129, 74, 11
129, 78, 11
129, 77, 11
129, 79, 11
129, 80, 11
129, 78, 11
129, 79, 11
129, 75, 11
129, 78, 11
129, 74, 11
129, 79, 11
129, 77, 11
129, 82, 11
129, 81, 11
129, 84, 11
129, 81, 11
129, 82, 11
129, 81, 11
129, 80, 11
129, 80, 11
129, 77, 11
129, 79, 11
129, 74, 11
129, 77, 11
129, 74, 11
129, 80, 11
129, 78, 11
129, 82, 11
129, 81, 11
129, 82, 11
129, 81, 11
129, 80, 11
129, 82, 11
129, 80, 11
129, 83, 11
129, 80, 11
129, 83, 11
129, 78, 11
129, 81, 11
129, 76, 11
129, 79, 11
129, 77, 11
129, 80, 11
129, 79, 11
129, 78, 11
129, 78, 11
129, 75, 11
129, 77, 11
129, 73, 11
129, 77, 11
129, 75, 11
129, 80, 11
129, 78, 11
129, 82, 11
129, 81, 11
129, 82, 11
129, 82, 11
129, 82, 11
129, 83, 11
129, 81, 11
129, 83, 11
129, 78, 11
129, 80, 11
129, 74, 11
129, 77, 11
129, 73, 11
129, 77, 11
129, 75, 11
129, 78, 11
129, 77, 11
129, 78, 11
129, 79, 11
129, 78, 11
129, 82, 11
129, 79, 11
129, 83, 11
129, 79, 11
129, 83, 11
129, 78, 11
129, 82, 11
129, 79, 11
129, 82, 11
129, 81, 11
129, 81, 11
129, 83, 11
129, 82, 11
129, 84, 11
129, 81, 11
129, 84, 11
129, 78, 11
129, 80, 11
129, 75, 11
129, 77, 11
129, 75, 11
129, 78, 11
129, 78, 11
129, 80, 11
129, 80, 11
129, 78, 11
129, 78, 11
129, 73, 11
129, 76, 11
129, 72, 11
129, 76, 11
129, 74, 11
129, 79, 11
129, 77, 11
129, 80, 11
129, 79, 11
129, 80, 11
129, 81, 11
129, 80, 11
129, 84, 11
129, 80, 11
129, 84, 11
129, 79, 11
129, 83, 11
129, 78, 11
129, 82, 11
129, 78, 11
129, 81, 11
129, 79, 11
129, 80, 11
129, 79, 11
129, 78, 11
129, 79, 11
129, 75, 11
129, 76, 11
129, 72, 11
129, 75, 11
129, 73, 11
129, 78, 11
129, 77, 11
129, 81, 11
129, 80, 11
29, 81, 11
29, 81, 11
29, 80, 11
29, 82, 11
29, 79, 11
29, 81, 11
29, 76, 11
29, 79, 11
29, 74, 11
29, 77, 11
29, 71, 11
29, 74, 11
29, 68, 11
29, 69, 11
29, 65, 11
29, 64, 11
29, 63, 11
29, 63, 11
29, 61, 11
29, 60, 11
29, 60, 11
29, 57, 11
29, 57, 11
29, 57, 11
29, 53, 11
29, 53, 11
29, 53, 11
29, 49, 11
29, 48, 11
29, 48, 11
29, 43, 11
29, 44, 11
29, 46, 11
29, 41, 11
29, 41, 11
29, 45, 11
29, 42, 11
29, 38, 11
29, 41, 11
29, 42, 11
29, 38, 11
29, 37, 11
29, 38, 11
29, 37, 11
29, 34, 11
29, 34, 11
29, 34, 11
29, 34, 11
29, 32, 11
29, 32, 11
29, 32, 11
29, 31, 11
29, 29, 11
29, 28, 11
29, 27, 11
29, 27, 11
29, 28, 11
29, 26, 11
29, 24, 11
29, 24, 11
29, 25, 11
29, 25, 11
29, 27, 11
29, 27, 11
29, 23, 11
29, 18, 11
29, 17, 11
29, 17, 11
29, 19, 11
29, 23, 11
29, 25, 11
29, 22, 11
29, 16, 11
29, 12, 11
29, 10, 11
29, 11, 11
29, 15, 11
29, 21, 11
29, 24, 11
29, 23, 11
29, 20, 11
29, 14, 11
29, 8, 11
29, 4, 11
29, 3, 11
29, 4, 11
29, 7, 11
29, 12, 11
29, 17, 11
29, 20, 11
29, 21, 11
29, 20, 11
29, 17, 11
29, 12, 11
29, 8, 11
29, 4, 11
29, 2, 11
29, 1, 11
29, 1, 11
29, 1, 11
29, 2, 11
29, 3, 11
29, 6, 11
29, 9, 11
29, 12, 11
29, 14, 11
29, 16, 11
29, 16, 11
29, 15, 11
29, 14, 11
29, 12, 11
29, 10, 11
29, 7, 11
29, 4, 11
29, 2, 11
29, 1, 11
29, 0, 11
29, 0, 11
29, 0, 11
29, 0, 10
29, 0, 11
29, 0, 11
29, 0, 11
29, 0, 11
29, 0, 11
29, 0, 11
29, 0, 11
29, 0, 11
29, 1, 11
29, 2, 11
29, 3, 11
29, 4, 11
29, 6, 11
29, 7, 10
29, 8, 11
29, 9, 11
29, 9, 11
29, 9, 10
29, 8, 11
29, 7, 11
29, 5, 11
29, 2, 11
29, 0, 11
29, -1, 11
29, -2, 10
29, -2, 11
29, -1, 11
29, 0, 11
29, 0, 10
29, 0, 11
29, 0, 11
29, 0, 11
29, 0, 10
29, 0, 11
29, 0, 11
29, 0, 11
29, 0, 11
29, 0, 11
29, 0, 11
29, 0, 11
29, 0, 11
29, 0, 11
29, 0, 11
29, 0, 11
29, 0, 11
29, 0, 11
29, 0, 11
29, 0, 11
29, 0, 11
29, 0, 11
29, 0, 11
29, 0, 11
29, 0, 11
29, 0, 11
29, 0, 11
29, 0, 11
29, 0, 11
29, 0, 11
29, 0, 11
29, 0, 11
29, 0, 11
29, 0, 11
29, 0, 11
29, 0, 11
29, 0, 11
29, 0, 11
29, 0, 11
29, 0, 11
29, 0, 11
29, 0, 11
29, 0, 11
29, 0, 11
29, 0, 11
29, 0, 11
29, 0, 10
29, 0, 11
29, 0, 11
29, 0, 11
29, 0, 10
29, 0, 11
29, 0, 11
29, 0, 11
29, 0, 10
29, 0, 11
29, 0, 11
29, 0, 11
29, 0, 10
29, 0, 11
29, 0, 11
29, 0, 11
29, 0, 10
29, 0, 11
29, 0, 11
29, 0, 11
29, 0, 10
29, 0, 11
29, 0, 11
29, 0, 11
29, 0, 10
29, 0, 11
29, 0, 11
29, 0, 11
29, 0, 10
29, 0, 11
29, 0, 11
29, 0, 10
29, 0, 10
29, 0, 11
29, 0, 11
29, 0, 10
29, 0, 10
29, 0, 11
29, 0, 11
29, 0, 10
29, 0, 10
29, 0, 11
29, 0, 11
29, 0, 10
29, 0, 10
157, 0, 11
157, 0, 11
157, 2, 10
157, 5, 11
157, 8, 11
157, 11, 11
157, 15, 11
157, 21, 11
157, 24, 11
157, 29, 11
157, 38, 11
157, 45, 11
157, 46, 11
157, 52, 11
157, 57, 11
157, 57, 11
157, 58, 11
157, 63, 11
157, 64, 11
157, 68, 11
157, 68, 11
157, 72, 11
157, 71, 11
157, 76, 11
157, 73, 11
157, 78, 11
157, 75, 11
157, 79, 11
157, 76, 11
157, 79, 11
157, 78, 11
157, 79, 11
157, 79, 11
157, 77, 11
157, 77, 11
157, 74, 11
157, 76, 11
157, 76, 11
157, 80, 11
157, 81, 11
157, 83, 11
157, 83, 11
157, 82, 11
157, 83, 11
157, 81, 11
157, 84, 11
157, 83, 11
157, 83, 11
157, 81, 11
157, 80, 11
157, 80, 11
157, 79, 11
157, 82, 11
157, 83, 11
157, 84, 11
157, 84, 11
157, 83, 11
157, 84, 11
157, 83, 11
157, 85, 11
157, 84, 11
157, 84, 11
157, 84, 11
157, 83, 11
157, 82, 11
157, 83, 11
157, 84, 11
157, 83, 11
157, 83, 11
157, 84, 11
157, 83, 11
157, 84, 11
157, 84, 11
157, 84, 11
157, 83, 11
157, 83, 11
157, 82, 11
157, 81, 11
157, 83, 11
157, 85, 11
157, 84, 11
157, 85, 11
157, 84, 11
157, 84, 11
157, 83, 11
157, 83, 11
157, 83, 11
157, 83, 11
157, 82, 11
157, 81, 11
157, 83, 11
157, 84, 11
157, 84, 11
157, 86, 11
157, 85, 11
157, 85, 11
157, 84, 11
157, 84, 11
157, 84, 11
157, 84, 11
157, 83, 11
157, 82, 11
157, 84, 11
157, 84, 11
157, 83, 11
157, 84, 11
157, 84, 11
157, 84, 11
157, 83, 11
157, 84, 11
157, 84, 11
157, 84, 11
157, 82, 11
157, 81, 11
157, 82, 11
157, 82, 11
157, 82, 11
157, 83, 11
157, 84, 11
157, 83, 11
157, 83, 11
157, 84, 11
157, 84, 11
157, 84, 11
157, 84, 11
157, 83, 11
157, 83, 11
157, 84, 11
157, 84, 11
157, 86, 11
157, 86, 11
157, 87, 11
157, 85, 11
157, 85, 11
157, 85, 11
157, 85, 11
157, 85, 11
157, 86, 11
157, 86, 11
157, 86, 11
157, 85, 11
157, 86, 11
157, 86, 11
157, 86, 11
157, 86, 11
157, 87, 11
157, 87, 11
157, 86, 11
157, 85, 11
157, 85, 11
157, 84, 11
157, 84, 11
157, 84, 11
157, 86, 11
157, 86, 11
157, 87, 11
157, 86, 11
157, 86, 11
157, 86, 11
157, 86, 11
157, 85, 11
157, 85, 11
157, 85, 11
157, 85, 11
157, 86, 11
157, 87, 11
157, 87, 11
157, 88, 11
157, 88, 11
157, 88, 11
157, 87, 11
157, 88, 11
157, 87, 11
157, 87, 11
157, 88, 11
157, 86, 11
157, 87, 11
157, 87, 11
157, 87, 11
157, 86, 11
157, 86, 11
157, 86, 11
157, 86, 11
157, 88, 11
157, 87, 11
157, 87, 11
157, 86, 11
157, 84, 11
157, 84, 11
157, 85, 11
157, 85, 11
157, 86, 11
157, 86, 11
157, 87, 11
157, 86, 11
157, 87, 11
157, 87, 11
157, 86, 11
157, 86, 11
157, 85, 11
157, 85, 11
157, 86, 11
157, 86, 11
157, 86, 11
157, 86, 11
157, 87, 11
157, 86, 11
157, 87, 11
157, 87, 11
157, 86, 11
157, 86, 11
157, 85, 11
157, 85, 11
157, 85, 11
157, 86, 11
157, 86, 11
157, 85, 11
157, 85, 11
157, 84, 11
157, 85, 11
157, 85, 11
157, 85, 11
157, 85, 11
157, 84, 11
157, 83, 11
157, 83, 11
157, 83, 11
157, 84, 11
157, 84, 11
157, 86, 11
157, 85, 11
157, 87, 11
157, 86, 11
157, 85, 11
157, 83, 11
157, 82, 11
60, 82, 11
60, 83, 11
60, 84, 11
60, 85, 11
60, 84, 11
60, 85, 11
60, 82, 11
60, 83, 11
60, 80, 11
60, 82, 11
60, 79, 11
60, 82, 11
60, 76, 11
60, 78, 11
60, 74, 11
60, 75, 11
60, 71, 11
60, 72, 11
60, 68, 11
60, 69, 11
60, 67, 11
60, 70, 11
60, 67, 11
60, 71, 11
60, 67, 11
60, 67, 11
60, 63, 11
60, 63, 11
60, 60, 11
60, 59, 11
60, 60, 11
60, 59, 11
60, 59, 11
60, 58, 11
60, 59, 11
60, 57, 11
60, 57, 11
60, 57, 11
60, 56, 11
60, 55, 11
60, 56, 11
60, 54, 11
60, 55, 11
60, 55, 11
60, 55, 11
60, 55, 11
60, 53, 11
60, 53, 11
60, 54, 11
60, 52, 11
60, 53, 11
60, 56, 11
60, 52, 11
60, 52, 11
60, 55, 11
60, 50, 11
60, 50, 11
60, 53, 11
60, 48, 11
60, 48, 11
60, 51, 11
60, 46, 11
60, 45, 11
60, 51, 11
60, 46, 11
60, 45, 11
60, 51, 11
60, 47, 11
60, 44, 11
60, 48, 11
60, 46, 11
60, 41, 11
60, 45, 11
60, 46, 11
60, 41, 11
60, 45, 11
60, 47, 11
60, 42, 11
60, 44, 11
60, 50, 11
60, 46, 11
60, 44, 11
60, 49, 11
60, 47, 11
60, 41, 11
60, 44, 11
60, 45, 11
60, 40, 11
60, 41, 11
60, 45, 11
60, 41, 11
60, 39, 11
60, 45, 11
60, 44, 11
60, 40, 11
60, 44, 11
60, 48, 11
60, 42, 11
60, 42, 11
60, 47, 11
60, 45, 11
60, 40, 11
60, 44, 11
60, 45, 11
60, 39, 11
60, 39, 11
60, 44, 11
60, 41, 11
60, 39, 11
60, 42, 11
60, 44, 11
60, 39, 11
60, 40, 11
60, 44, 11
60, 41, 11
60, 38, 11
60, 42, 11
60, 42, 11
60, 37, 11
60, 39, 11
60, 43, 11
60, 41, 11
60, 39, 11
60, 43, 11
60, 45, 11
60, 41, 11
60, 42, 11
60, 48, 11
60, 46, 11
60, 41, 11
60, 45, 11
60, 46, 11
60, 39, 11
60, 38, 11
60, 44, 11
60, 42, 11
60, 39, 11
60, 42, 11
60, 46, 11
60, 41, 11
60, 39, 11
60, 44, 11
60, 43, 11
60, 37, 11
60, 39, 11
60, 43, 11
60, 39, 11
60, 37, 11
60, 42, 11
60, 43, 11
60, 39, 11
60, 39, 11
60, 45, 11
60, 43, 11
60, 40, 11
60, 44, 11
60, 47, 11
60, 41, 11
60, 40, 11
60, 45, 11
60, 43, 11
60, 38, 11
60, 40, 11
60, 43, 11
60, 39, 11
60, 37, 11
60, 42, 11
60, 44, 11
60, 40, 11
60, 41, 11
60, 47, 11
60, 44, 11
60, 39, 11
60, 41, 11
60, 43, 11
60, 37, 11
60, 36, 11
60, 41, 11
60, 40, 11
60, 37, 11
60, 39, 11
60, 43, 11
60, 39, 11
60, 37, 11
60, 41, 11
60, 42, 11
60, 38, 11
60, 39, 11
60, 45, 11
60, 42, 11
60, 38, 11
60, 41, 11
60, 44, 11
60, 38, 11
60, 38, 11
60, 43, 11
60, 42, 11
60, 38, 11
60, 40, 11
60, 45, 11
60, 42, 11
60, 39, 11
60, 42, 11
60, 43, 11
60, 37, 11
60, 37, 11
60, 41, 11
60, 41, 11
60, 38, 11
60, 40, 11
60, 45, 11
60, 41, 11
60, 39, 11
60, 42, 11
60, 43, 11
60, 38, 11
60, 37, 11
60, 42, 11
60, 40, 11
60, 37, 11
60, 38, 11
60, 42, 11
60, 37, 11
60, 35, 11
60, 39, 11
60, 40, 11
60, 36, 11
60, 38, 11
60, 44, 11
60, 41, 11
60, 38, 11
60, 41, 11
60, 44, 11
60, 38, 11
60, 37, 11
60, 42, 11
60, 42, 11
53, 38, 11
53, 40, 11
53, 46, 11
53, 43, 11
53, 41, 11
53, 44, 11
53, 45, 11
53, 38, 11
53, 37, 11
53, 40, 11
53, 39, 11
53, 35, 11
53, 37, 11
53, 41, 11
53, 38, 11
53, 36, 11
53, 38, 11
53, 41, 11
53, 37, 11
53, 36, 11
53, 37, 11
53, 39, 11
53, 35, 11
53, 34, 11
53, 37, 11
53, 38, 11
53, 35, 11
53, 35, 11
53, 38, 11
53, 38, 11
53, 35, 11
53, 35, 11
53, 36, 11
53, 36, 11
53, 33, 11
53, 33, 11
53, 34, 11
53, 35, 11
53, 33, 11
53, 33, 11
53, 34, 11
53, 35, 11
53, 33, 11
53, 32, 11
53, 32, 11
53, 34, 11
53, 33, 11
53, 32, 11
53, 33, 11
53, 35, 11
53, 35, 11
53, 33, 11
53, 33, 11
53, 34, 11
53, 35, 11
53, 33, 11
53, 33, 11
53, 33, 11
53, 35, 11
53, 34, 11
53, 34, 11
53, 34, 11
53, 37, 11
53, 36, 11
53, 35, 11
53, 34, 11
53, 35, 11
53, 34, 11
53, 32, 11
53, 32, 11
53, 33, 11
53, 35, 11
53, 34, 11
53, 34, 11
53, 34, 11
53, 35, 11
53, 35, 11
53, 34, 11
53, 34, 11
53, 34, 11
53, 36, 11
53, 35, 11
53, 34, 11
53, 33, 11
53, 35, 11
53, 34, 11
53, 33, 11
53, 32, 11
53, 33, 11
53, 33, 11
53, 31, 11
53, 31, 11
53, 31, 11
53, 32, 11
53, 31, 11
53, 31, 11
53, 32, 11
53, 34, 11
53, 34, 11
53, 33, 11
53, 33, 11
53, 33, 11
53, 33, 11
53, 32, 11
53, 32, 11
53, 33, 11
53, 35, 11
53, 36, 11
53, 35, 11
53, 35, 11
53, 36, 11
53, 35, 11
53, 33, 11
53, 33, 11
53, 32, 11
53, 34, 11
53, 33, 11
53, 33, 11
53, 33, 11
53, 36, 11
53, 35, 11
53, 34, 11
53, 34, 11
53, 35, 11
53, 35, 11
53, 33, 11
53, 33, 11
53, 33, 11
53, 34, 11
53, 34, 11
53, 33, 11
53, 33, 11
53, 33, 11
53, 33, 11
53, 31, 11
53, 31, 11
53, 31, 11
53, 31, 11
53, 31, 11
53, 32, 11
53, 33, 11
53, 35, 11
53, 36, 11
53, 33, 11
53, 33, 11
53, 31, 11
53, 31, 11
53, 30, 11
53, 30, 11
53, 31, 11
53, 33, 11
53, 33, 11
53, 33, 11
53, 33, 11
53, 33, 11
53, 33, 11
53, 33, 11
53, 33, 11
53, 33, 11
53, 35, 11
53, 35, 11
53, 33, 11
53, 33, 11
53, 34, 11
53, 35, 11
53, 33, 11
53, 33, 11
53, 34, 11
53, 35, 11
53, 34, 11
53, 34, 11
53, 34, 11
53, 34, 11
53, 35, 11
53, 33, 11
53, 33, 11
53, 32, 11
53, 33, 11
53, 31, 11
53, 31, 11
53, 31, 11
53, 33, 11
53, 32, 11
53, 32, 11
53, 32, 11
53, 33, 11
53, 33, 11
53, 32, 11
53, 32, 11
53, 31, 11
53, 33, 11
53, 34, 11
53, 32, 11
53, 32, 11
53, 33, 11
53, 33, 11
53, 31, 11
53, 32, 11
53, 33, 11
53, 34, 11
53, 34, 11
53, 34, 11
53, 35, 11
53, 35, 11
53, 35, 11
53, 33, 11
53, 33, 11
53, 32, 11
53, 34, 11
53, 33, 11
53, 33, 11
53, 33, 11
53, 35, 11
53, 34, 11
53, 34, 11
53, 34, 11
53, 33, 11
53, 34, 11
53, 33, 11
53, 32, 11
53, 31, 11
53, 33, 11
53, 32, 11
53, 32, 11
53, 32, 11
53, 32, 11
53, 32, 11
53, 32, 11
53, 31, 11
53, 30, 11
53, 31, 11
53, 32, 11
53, 32, 11
53, 33, 11
53, 34, 11
53, 34, 11
53, 32, 11
53, 32, 11
179, 31, 11
179, 33, 11
179, 34, 11
179, 34, 11
179, 37, 11
179, 43, 11
179, 44, 11
179, 48, 11
179, 53, 11
179, 59, 11
179, 61, 11
179, 68, 11
179, 68, 11
179, 73, 11
179, 72, 11
179, 76, 11
179, 72, 11
179, 77, 11
179, 73, 11
179, 78, 11
179, 74, 11
179, 79, 11
179, 77, 11
179, 81, 11
179, 81, 11
179, 83, 11
179, 83, 11
179, 83, 11
179, 84, 11
179, 84, 11
179, 85, 11
179, 85, 11
179, 85, 11
179, 85, 11
179, 85, 11
179, 86, 11
179, 86, 11
179, 86, 11
179, 86, 11
179, 85, 11
179, 84, 11
179, 84, 11
179, 84, 11
179, 85, 11
179, 85, 11
179, 86, 11
179, 86, 11
179, 87, 11
179, 87, 11
179, 88, 11
179, 89, 11
179, 89, 11
179, 89, 11
179, 89, 11
179, 89, 11
179, 90, 11
179, 90, 11
179, 91, 11
179, 90, 11
179, 90, 11
179, 90, 11
179, 90, 11
179, 90, 11
179, 90, 11
179, 90, 11
179, 89, 11
179, 89, 11
179, 88, 11
179, 88, 11
179, 87, 11
179, 87, 11
179, 87, 11
179, 86, 11
179, 87, 11
179, 87, 11
179, 87, 11
179, 86, 11
179, 86, 11
179, 85, 11
179, 85, 11
179, 85, 11
179, 86, 11
179, 87, 11
179, 88, 11
179, 88, 11
179, 88, 11
179, 88, 11
179, 89, 11
179, 88, 11
179, 90, 11
179, 91, 11
179, 91, 11
179, 91, 11
179, 91, 11
179, 91, 11
179, 91, 11
179, 90, 11
179, 90, 11
179, 90, 11
179, 89, 11
179, 89, 11
179, 89, 11
179, 90, 11
179, 90, 11
179, 90, 11
179, 90, 11
179, 89, 11
179, 89, 11
179, 88, 11
179, 88, 11
179, 88, 11
179, 88, 11
179, 88, 11
179, 88, 11
179, 88, 11
179, 88, 11
179, 87, 11
179, 87, 11
179, 87, 11
179, 86, 11
179, 85, 11
179, 86, 11
179, 87, 11
179, 87, 11
179, 87, 11
179, 87, 11
179, 87, 11
179, 87, 11
179, 86, 11
179, 87, 11
179, 88, 11
179, 88, 11
179, 89, 11
179, 90, 11
179, 89, 11
179, 89, 11
179, 89, 11
179, 89, 11
179, 89, 11
179, 89, 11
179, 89, 11
179, 90, 11
179, 89, 11
179, 89, 11
179, 89, 11
179, 89, 11
179, 88, 11
179, 88, 11
179, 87, 11
179, 87, 11
179, 87, 11
179, 87, 11
179, 87, 11
179, 87, 11
179, 88, 11
179, 88, 11
179, 87, 11
179, 87, 11
179, 86, 11
179, 86, 11
179, 85, 11
179, 86, 11
179, 87, 11
179, 87, 11
179, 87, 11
179, 88, 11
179, 88, 11
179, 87, 11
179, 87, 11
179, 87, 11
179, 89, 11
179, 90, 11
179, 90, 11
179, 91, 11
179, 90, 11
179, 89, 11
179, 88, 11
179, 88, 11
179, 88, 11
179, 89, 11
179, 90, 11
179, 90, 11
179, 90, 11
179, 89, 11
179, 88, 11
179, 88, 11
179, 86, 11
179, 85, 11
179, 85, 11
179, 86, 11
179, 86, 11
179, 88, 11
179, 87, 11
179, 87, 11
179, 86, 11
179, 86, 11
179, 85, 11
179, 86, 11
179, 88, 11
179, 88, 11
179, 88, 11
179, 88, 11
179, 89, 11
179, 88, 11
179, 88, 11
179, 89, 11
179, 90, 11
179, 89, 11
179, 90, 11
179, 90, 11
179, 90, 11
179, 90, 11
179, 90, 11
179, 90, 11
179, 90, 11
179, 89, 11
179, 89, 11
179, 89, 11
179, 89, 11
179, 90, 11
179, 89, 11
179, 89, 11
179, 88, 11
179, 88, 11
179, 87, 11
179, 87, 11
179, 86, 11
179, 86, 11
179, 86, 11
179, 86, 11
179, 86, 11
179, 86, 11
179, 86, 11
179, 88, 11
179, 88, 11
179, 88, 11
38, 88, 11
38, 90, 11
38, 89, 11
38, 90, 11
38, 88, 11
38, 88, 11
38, 87, 11
38, 85, 11
38, 84, 11
38, 81, 11
38, 82, 11
38, 76, 11
38, 77, 11
38, 72, 11
38, 76, 11
38, 71, 11
38, 75, 11
38, 70, 11
38, 73, 11
38, 67, 11
38, 67, 11
38, 64, 11
38, 64, 11
38, 63, 11
38, 63, 11
38, 63, 11
38, 62, 11
38, 62, 11
38, 59, 11
38, 59, 11
38, 58, 11
38, 57, 11
38, 57, 11
38, 55, 11
38, 54, 11
38, 55, 11
38, 52, 11
38, 51, 11
38, 54, 11
38, 50, 11
38, 46, 11
38, 50, 11
38, 47, 11
38, 42, 11
38, 46, 11
38, 46, 11
38, 39, 11
38, 39, 11
38, 42, 11
38, 37, 11
38, 34, 11
38, 38, 11
38, 39, 11
38, 36, 11
38, 36, 11
38, 39, 11
38, 38, 11
38, 35, 11
38, 34, 11
38, 35, 11
38, 34, 11
38, 30, 11
38, 30, 11
38, 30, 11
38, 30, 11
38, 30, 11
38, 31, 11
38, 31, 11
38, 31, 11
38, 30, 11
38, 29, 11
38, 28, 11
38, 28, 11
38, 29, 11
38, 28, 11
38, 27, 11
38, 28, 11
38, 28, 11
38, 28, 11
38, 29, 11
38, 28, 11
38, 24, 11
38, 25, 11
38, 25, 11
38, 25, 11
38, 27, 11
38, 26, 11
38, 22, 11
38, 21, 11
38, 21, 11
38, 22, 11
38, 25, 11
38, 26, 11
38, 23, 11
38, 20, 11
38, 18, 11
38, 19, 11
38, 22, 11
38, 25, 11
38, 25, 11
38, 21, 11
38, 17, 11
38, 15, 11
38, 16, 11
38, 19, 11
38, 24, 11
38, 25, 11
38, 23, 11
38, 17, 11
38, 14, 11
38, 12, 11
38, 15, 11
38, 19, 11
38, 23, 11
38, 25, 11
38, 22, 11
38, 16, 11
38, 12, 11
38, 10, 11
38, 11, 11
38, 16, 11
38, 22, 11
38, 25, 11
38, 24, 11
38, 20, 11
38, 14, 11
38, 10, 11
38, 9, 11
38, 11, 11
38, 16, 11
38, 22, 11
38, 24, 11
38, 23, 11
38, 19, 11
38, 14, 11
38, 9, 11
38, 7, 11
38, 9, 11
38, 14, 11
38, 20, 11
38, 23, 11
38, 24, 11
38, 21, 11
38, 16, 11
38, 9, 11
38, 6, 11
38, 6, 11
38, 9, 11
38, 15, 11
38, 21, 11
38, 23, 11
38, 23, 11
38, 20, 11
38, 14, 11
38, 9, 11
38, 6, 11
38, 6, 11
38, 9, 11
38, 14, 11
38, 20, 11
38, 23, 11
38, 23, 11
38, 20, 11
38, 15, 11
38, 8, 11
38, 6, 11
38, 5, 11
38, 7, 11
38, 13, 11
38, 19, 11
38, 22, 11
38, 23, 11
38, 21, 11
38, 16, 11
38, 11, 11
38, 6, 11
38, 4, 11
38, 6, 11
38, 11, 11
38, 17, 11
38, 21, 11
38, 23, 11
38, 22, 11
38, 19, 11
38, 13, 11
38, 8, 11
38, 6, 11
38, 5, 11
38, 7, 11
38, 13, 11
38, 18, 11
38, 22, 11
38, 23, 11
38, 21, 11
38, 16, 11
38, 10, 11
38, 5, 11
38, 4, 11
38, 6, 11
38, 10, 11
38, 16, 11
38, 22, 11
38, 24, 11
38, 23, 11
38, 20, 11
38, 14, 11
38, 8, 11
38, 6, 11
38, 6, 11
38, 8, 11
38, 12, 11
38, 18, 11
38, 21, 11
38, 22, 11
38, 21, 11
38, 17, 11
38, 11, 11
38, 7, 11
38, 4, 11
38, 4, 11
38, 8, 11
38, 14, 11
38, 20, 11
38, 24, 11
38, 24, 11
38, 21, 11
38, 15, 11
38, 10, 11
38, 5, 11
38, 4, 11
38, 6, 11
38, 11, 11
38, 16, 11
38, 22, 11
38, 23, 11
38, 22, 11
38, 19, 11
38, 13, 11
136, 8, 11
136, 6, 11
136, 7, 11
136, 11, 11
136, 17, 11
136, 23, 11
136, 28, 11
136, 33, 11
136, 34, 11
136, 36, 11
136, 43, 11
136, 45, 11
136, 46, 11
136, 51, 11
136, 54, 11
136, 54, 11
136, 56, 11
136, 61, 11
136, 61, 11
136, 66, 11
136, 66, 11
136, 69, 11
136, 66, 11
136, 68, 11
136, 65, 11
136, 68, 11
136, 68, 11
136, 70, 11
136, 71, 11
136, 72, 11
136, 73, 11
136, 72, 11
136, 73, 11
136, 73, 11
136, 74, 11
136, 75, 11
136, 76, 11
136, 78, 11
136, 78, 11
136, 81, 11
136, 80, 11
136, 82, 11
136, 78, 11
136, 80, 11
136, 74, 11
136, 77, 11
136, 74, 11
136, 79, 11
136, 77, 11
136, 81, 11
136, 80, 11
136, 82, 11
136, 82, 11
136, 81, 11
136, 83, 11
136, 80, 11
136, 81, 11
136, 78, 11
136, 81, 11
136, 78, 11
136, 81, 11
136, 81, 11
136, 82, 11
136, 82, 11
136, 81, 11
136, 82, 11
136, 79, 11
136, 82, 11
136, 78, 11
136, 81, 11
136, 79, 11
136, 81, 11
136, 80, 11
136, 80, 11
136, 81, 11
136, 79, 11
136, 80, 11
136, 77, 11
136, 80, 11
136, 78, 11
136, 80, 11
136, 81, 11
136, 82, 11
136, 82, 11
136, 82, 11
136, 84, 11
136, 81, 11
136, 84, 11
136, 82, 11
136, 85, 11
136, 84, 11
136, 85, 11
136, 84, 11
136, 83, 11
136, 83, 11
136, 80, 11
136, 81, 11
136, 79, 11
136, 83, 11
136, 82, 11
136, 83, 11
136, 83, 11
136, 83, 11
136, 83, 11
136, 81, 11
136, 83, 11
136, 80, 11
136, 83, 11
136, 81, 11
136, 82, 11
136, 81, 11
136, 80, 11
136, 78, 11
136, 76, 11
136, 77, 11
136, 75, 11
136, 78, 11
136, 79, 11
136, 82, 11
136, 83, 11
136, 82, 11
136, 83, 11
136, 82, 11
136, 84, 11
136, 81, 11
136, 84, 11
136, 83, 11
136, 85, 11
136, 84, 11
136, 84, 11
136, 84, 11
136, 81, 11
136, 81, 11
136, 78, 11
136, 81, 11
136, 79, 11
136, 81, 11
136, 81, 11
136, 83, 11
136, 83, 11
136, 81, 11
136, 83, 11
136, 79, 11
136, 81, 11
136, 79, 11
136, 81, 11
136, 81, 11
136, 82, 11
136, 81, 11
136, 79, 11
136, 79, 11
136, 75, 11
136, 77, 11
136, 76, 11
136, 79, 11
136, 80, 11
136, 81, 11
136, 82, 11
136, 82, 11
136, 82, 11
136, 80, 11
136, 83, 11
136, 81, 11
136, 84, 11
136, 83, 11
136, 84, 11
136, 84, 11
136, 82, 11
136, 82, 11
136, 80, 11
136, 82, 11
136, 79, 11
136, 83, 11
136, 82, 11
136, 83, 11
136, 83, 11
136, 82, 11
136, 82, 11
136, 80, 11
136, 82, 11
136, 79, 11
136, 82, 11
136, 80, 11
136, 82, 11
136, 82, 11
136, 81, 11
136, 80, 11
136, 78, 11
136, 79, 11
136, 75, 11
136, 79, 11
136, 78, 11
136, 81, 11
136, 82, 11
136, 83, 11
136, 84, 11
136, 82, 11
136, 85, 11
136, 82, 11
136, 84, 11
136, 81, 11
136, 83, 11
136, 83, 11
136, 83, 11
136, 83, 11
136, 82, 11
136, 83, 11
136, 79, 11
136, 81, 11
136, 78, 11
136, 81, 11
136, 81, 11
136, 82, 11
136, 83, 11
136, 82, 11
136, 83, 11
136, 79, 11
136, 80, 11
136, 77, 11
136, 81, 11
136, 80, 11
136, 81, 11
136, 81, 11
136, 80, 11
136, 79, 11
136, 76, 11
136, 78, 11
136, 77, 11
136, 80, 11
136, 80, 11
136, 83, 11
136, 83, 11
136, 81, 11
136, 82, 11
136, 80, 11
136, 82, 11
135, 80, 11
135, 84, 11
135, 83, 11
135, 85, 11
135, 85, 11
135, 84, 11
135, 84, 11
135, 81, 11
135, 82, 11
135, 78, 11
135, 80, 11
135, 79, 11
135, 81, 11
135, 81, 11
135, 83, 11
135, 84, 11
135, 82, 11
135, 83, 11
135, 79, 11
135, 81, 11
135, 78, 11
135, 80, 11
135, 80, 11
135, 81, 11
135, 80, 11
135, 78, 11
135, 79, 11
135, 75, 11
135, 77, 11
135, 76, 11
135, 81, 11
135, 79, 11
135, 83, 11
135, 84, 11
135, 84, 11
135, 84, 11
135, 82, 11
135, 84, 11
135, 81, 11
135, 83, 11
135, 82, 11
135, 84, 11
135, 83, 11
135, 83, 11
135, 83, 11
135, 81, 11
135, 82, 11
135, 79, 11
135, 80, 11
135, 78, 11
135, 80, 11
135, 80, 11
135, 81, 11
135, 82, 11
135, 81, 11
135, 83, 11
135, 79, 11
135, 81, 11
135, 77, 11
135, 81, 11
135, 80, 11
135, 81, 11
135, 81, 11
135, 80, 11
135, 80, 11
135, 77, 11
135, 80, 11
135, 78, 11
135, 81, 11
135, 81, 11
135, 84, 11
135, 84, 11
135, 85, 11
135, 86, 11
135, 84, 11
135, 85, 11
135, 80, 11
135, 82, 11
135, 80, 11
135, 82, 11
135, 81, 11
135, 82, 11
135, 83, 11
135, 80, 11
135, 80, 11
135, 76, 11
135, 78, 11
135, 75, 11
135, 78, 11
135, 79, 11
135, 81, 11
135, 81, 11
135, 80, 11
135, 80, 11
135, 76, 11
135, 79, 11
135, 77, 11
135, 80, 11
135, 80, 11
135, 82, 11
135, 81, 11
135, 80, 11
135, 81, 11
135, 78, 11
135, 80, 11
135, 78, 11
135, 81, 11
135, 80, 11
135, 82, 11
135, 83, 11
135, 84, 11
135, 85, 11
135, 84, 11
135, 86, 11
135, 83, 11
135, 85, 11
135, 82, 11
135, 83, 11
135, 82, 11
135, 83, 11
135, 81, 11
135, 79, 11
135, 80, 11
135, 76, 11
135, 78, 11
135, 75, 11
135, 79, 11
135, 79, 11
135, 81, 11
135, 82, 11
135, 81, 11
135, 80, 11
135, 77, 11
135, 79, 11
135, 77, 11
135, 81, 11
135, 80, 11
135, 82, 11
135, 82, 11
135, 82, 11
135, 82, 11
135, 80, 11
135, 82, 11
135, 78, 11
135, 80, 11
135, 79, 11
135, 82, 11
135, 82, 11
135, 83, 11
135, 84, 11
135, 83, 11
135, 85, 11
135, 81, 11
135, 84, 11
135, 81, 11
135, 85, 11
135, 81, 11
135, 83, 11
135, 83, 11
135, 81, 11
135, 80, 11
135, 78, 11
135, 78, 11
135, 74, 11
135, 76, 11
135, 76, 11
135, 79, 11
135, 79, 11
135, 81, 11
135, 82, 11
135, 79, 11
135, 81, 11
135, 78, 11
135, 80, 11
135, 79, 11
135, 82, 11
135, 81, 11
135, 82, 11
135, 82, 11
135, 81, 11
135, 82, 11
135, 79, 11
135, 82, 11
135, 80, 11
135, 83, 11
135, 82, 11
135, 84, 11
135, 83, 11
135, 82, 11
135, 83, 11
135, 80, 11
135, 82, 11
135, 79, 11
135, 81, 11
135, 80, 11
135, 82, 11
135, 81, 11
135, 81, 11
135, 81, 11
135, 78, 11
135, 78, 11
135, 75, 11
135, 78, 11
135, 77, 11
135, 79, 11
135, 80, 11
135, 82, 11
135, 83, 11
135, 81, 11
135, 85, 11
135, 82, 11
135, 85, 11
135, 82, 11
135, 85, 11
135, 83, 11
135, 84, 11
135, 83, 11
135, 81, 11
135, 81, 11
135, 79, 11
135, 80, 11
135, 77, 11
135, 81, 11
135, 79, 11
135, 81, 11
135, 82, 11
135, 82, 11
135, 83, 11
135, 80, 11
135, 81, 11
135, 78, 11
135, 80, 11
135, 77, 11
135, 81, 11
135, 81, 11
135, 82, 11
117, 81, 11
117, 79, 11
117, 79, 11
117, 75, 11
117, 77, 11
117, 76, 11
117, 79, 11
117, 78, 11
117, 80, 11
117, 80, 11
117, 80, 11
117, 82, 11
117, 80, 11
117, 84, 11
117, 80, 11
117, 83, 11
117, 77, 11
117, 80, 11
117, 74, 11
117, 78, 11
117, 74, 11
117, 78, 11
117, 76, 11
117, 78, 11
117, 76, 11
117, 77, 11
117, 77, 11
117, 75, 11
117, 76, 11
117, 75, 11
117, 77, 11
117, 74, 11
117, 78, 11
117, 75, 11
117, 78, 11
117, 73, 11
117, 76, 11
117, 69, 11
117, 72, 11
117, 67, 11
117, 73, 11
117, 69, 11
117, 76, 11
117, 73, 11
117, 78, 11
117, 74, 11
117, 78, 11
117, 75, 11
117, 76, 11
117, 74, 11
117, 76, 11
117, 75, 11
117, 76, 11
117, 76, 11
117, 76, 11
117, 76, 11
117, 74, 11
117, 76, 11
117, 75, 11
117, 77, 11
117, 75, 11
117, 81, 11
117, 77, 11
117, 82, 11
117, 76, 11
117, 80, 11
117, 72, 11
117, 77, 11
117, 70, 11
117, 76, 11
117, 72, 11
117, 79, 11
117, 74, 11
117, 81, 11
117, 75, 11
117, 80, 11
117, 75, 11
117, 78, 11
117, 73, 11
117, 77, 11
117, 73, 11
117, 76, 11
117, 75, 11
117, 77, 11
117, 75, 11
117, 77, 11
117, 76, 11
117, 76, 11
117, 76, 11
117, 75, 11
117, 76, 11
117, 75, 11
117, 76, 11
117, 75, 11
117, 77, 11
117, 74, 11
117, 77, 11
117, 72, 11
117, 75, 11
117, 70, 11
117, 74, 11
117, 70, 11
117, 76, 11
117, 70, 11
117, 76, 11
117, 71, 11
117, 75, 11
117, 68, 11
117, 73, 11
117, 67, 11
117, 74, 11
117, 70, 11
117, 76, 11
117, 73, 11
117, 78, 11
117, 74, 11
117, 77, 11
117, 74, 11
117, 76, 11
117, 74, 11
117, 75, 11
117, 73, 11
117, 74, 11
117, 74, 11
117, 74, 11
117, 75, 11
117, 75, 11
117, 76, 11
117, 75, 11
117, 78, 11
117, 76, 11
117, 79, 11
117, 76, 11
117, 81, 11
117, 76, 11
117, 80, 11
117, 74, 11
117, 77, 11
117, 71, 11
117, 77, 11
117, 71, 11
117, 78, 11
117, 74, 11
117, 80, 11
117, 74, 11
117, 79, 11
117, 72, 11
117, 77, 11
117, 71, 11
117, 76, 11
117, 72, 11
117, 77, 11
117, 74, 11
117, 79, 11
117, 76, 11
117, 80, 11
117, 77, 11
117, 79, 11
117, 76, 11
117, 77, 11
117, 75, 11
117, 76, 11
117, 75, 11
117, 75, 11
117, 75, 11
117, 74, 11
117, 75, 11
117, 73, 11
117, 74, 11
117, 72, 11
117, 75, 11
117, 72, 11
117, 77, 11
117, 74, 11
117, 79, 11
117, 74, 11
117, 78, 11
117, 72, 11
117, 77, 11
117, 69, 11
117, 73, 11
117, 67, 11
117, 73, 11
117, 68, 11
117, 75, 11
117, 73, 11
117, 78, 11
117, 74, 11
117, 77, 11
117, 73, 11
117, 75, 11
117, 72, 11
117, 75, 11
117, 73, 11
117, 75, 11
117, 75, 11
117, 76, 11
117, 75, 11
117, 76, 11
117, 76, 11
117, 75, 11
117, 77, 11
117, 76, 11
117, 78, 11
117, 76, 11
117, 79, 11
117, 76, 11
117, 79, 11
117, 74, 11
117, 78, 11
117, 73, 11
117, 78, 11
117, 73, 11
117, 79, 11
117, 73, 11
117, 79, 11
117, 74, 11
117, 78, 11
117, 72, 11
117, 77, 11
117, 71, 11
117, 76, 11
117, 73, 11
117, 78, 11
117, 74, 11
117, 79, 11
117, 76, 11
117, 79, 11
117, 76, 11
117, 79, 11
117, 76, 11
117, 77, 11
117, 76, 11
117, 76, 11
117, 75, 11
117, 75, 11
166, 74, 11
166, 73, 11
166, 75, 11
166, 73, 11
166, 76, 11
166, 74, 11
166, 78, 11
166, 75, 11
166, 78, 11
166, 75, 11
166, 80, 11
166, 78, 11
166, 82, 11
166, 83, 11
166, 85, 11
166, 86, 11
166, 86, 11
166, 87, 11
166, 85, 11
166, 87, 11
166, 86, 11
166, 86, 11
166, 85, 11
166, 85, 11
166, 84, 11
166, 84, 11
166, 86, 11
166, 87, 11
166, 87, 11
166, 88, 11
166, 88, 11
166, 88, 11
166, 88, 11
166, 88, 11
166, 87, 11
166, 86, 11
166, 86, 11
166, 85, 11
166, 87, 11
166, 87, 11
166, 87, 11
166, 88, 11
166, 87, 11
166, 87, 11
166, 87, 11
166, 87, 11
166, 86, 11
166, 86, 11
166, 85, 11
166, 86, 11
166, 85, 11
166, 85, 11
166, 85, 11
166, 86, 11
166, 85, 11
166, 87, 11
166, 87, 11
166, 87, 11
166, 86, 11
166, 85, 11
166, 84, 11
166, 84, 11
166, 84, 11
166, 84, 11
166, 84, 11
166, 85, 11
166, 85, 11
166, 85, 11
166, 85, 11
166, 84, 11
166, 83, 11
166, 84, 11
166, 85, 11
166, 85, 11
166, 86, 11
166, 87, 11
166, 86, 11
166, 87, 11
166, 87, 11
166, 87, 11
166, 87, 11
166, 87, 11
166, 86, 11
166, 87, 11
166, 87, 11
166, 87, 11
166, 87, 11
166, 87, 11
166, 86, 11
166, 85, 11
166, 85, 11
166, 86, 11
166, 86, 11
166, 88, 11
166, 89, 11
166, 90, 11
166, 90, 11
166, 90, 11
166, 88, 11
166, 88, 11
166, 87, 11
166, 87, 11
166, 87, 11
166, 87, 11
166, 87, 11
166, 87, 11
166, 88, 11
166, 89, 11
166, 89, 11
166, 89, 11
166, 89, 11
166, 90, 11
166, 88, 11
166, 87, 11
166, 87, 11
166, 86, 11
166, 87, 11
166, 88, 11
166, 89, 11
166, 90, 11
166, 89, 11
166, 89, 11
166, 89, 11
166, 88, 11
166, 87, 11
166, 86, 11
166, 87, 11
166, 86, 11
166, 85, 11
166, 87, 11
166, 88, 11
166, 88, 11
166, 89, 11
166, 89, 11
166, 89, 11
166, 88, 11
166, 86, 11
166, 85, 11
166, 85, 11
166, 85, 11
166, 85, 11
166, 86, 11
166, 87, 11
166, 87, 11
166, 86, 11
166, 86, 11
166, 86, 11
166, 85, 11
166, 84, 11
166, 86, 11
166, 86, 11
166, 86, 11
166, 86, 11
166, 85, 11
166, 84, 11
166, 84, 11
166, 84, 11
166, 85, 11
166, 85, 11
166, 85, 11
166, 84, 11
166, 85, 11
166, 86, 11
166, 86, 11
166, 85, 11
166, 85, 11
166, 84, 11
166, 83, 11
166, 83, 11
166, 83, 11
166, 83, 11
166, 84, 11
166, 85, 11
166, 86, 11
166, 87, 11
166, 87, 11
166, 86, 11
166, 86, 11
166, 85, 11
166, 84, 11
166, 83, 11
166, 84, 11
166, 84, 11
166, 85, 11
166, 85, 11
166, 86, 11
166, 87, 11
166, 87, 11
166, 87, 11
166, 87, 11
166, 86, 11
166, 86, 11
166, 86, 11
166, 86, 11
166, 88, 11
166, 89, 11
166, 89, 11
166, 90, 11
166, 89, 11
166, 88, 11
166, 88, 11
166, 87, 11
166, 87, 11
166, 86, 11
166, 86, 11
166, 87, 11
166, 87, 11
166, 88, 11
166, 89, 11
166, 89, 11
166, 89, 11
166, 89, 11
166, 89, 11
166, 89, 11
166, 88, 11
166, 88, 11
166, 87, 11
166, 87, 11
166, 87, 11
166, 88, 11
166, 88, 11
166, 89, 11
166, 89, 11
166, 88, 11
166, 88, 11
166, 88, 11
166, 87, 11
166, 87, 11
166, 87, 11
166, 87, 11
166, 88, 11
166, 89, 11
166, 88, 11
166, 88, 11
166, 88, 11
166, 87, 11
52, 86, 11
52, 86, 11
52, 86, 11
52, 86, 11
52, 85, 11
52, 85, 11
52, 83, 11
52, 84, 11
52, 81, 11
52, 83, 11
52, 80, 11
52, 82, 11
52, 78, 11
52, 79, 11
52, 74, 11
52, 75, 11
52, 70, 11
52, 71, 11
52, 67, 11
52, 70, 11
52, 67, 11
52, 71, 11
52, 68, 11
52, 70, 11
52, 66, 11
52, 65, 11
52, 62, 11
52, 61, 11
52, 59, 11
52, 58, 11
52, 58, 11
52, 56, 11
52, 56, 11
52, 55, 11
52, 55, 11
52, 55, 11
52, 52, 11
52, 53, 11
52, 53, 11
52, 50, 11
52, 49, 11
52, 52, 11
52, 47, 11
52, 47, 11
52, 50, 11
52, 46, 11
52, 48, 11
52, 51, 11
52, 47, 11
52, 49, 11
52, 53, 11
52, 46, 11
52, 46, 11
52, 50, 11
52, 44, 11
52, 42, 11
52, 48, 11
52, 45, 11
52, 41, 11
52, 45, 11
52, 46, 11
52, 40, 11
52, 42, 11
52, 46, 11
52, 41, 11
52, 38, 11
52, 43, 11
52, 44, 11
52, 39, 11
52, 41, 11
52, 46, 11
52, 44, 11
52, 40, 11
52, 42, 11
52, 45, 11
52, 40, 11
52, 37, 11
52, 40, 11
52, 41, 11
52, 36, 11
52, 37, 11
52, 40, 11
52, 40, 11
52, 37, 11
52, 37, 11
52, 39, 11
52, 39, 11
52, 36, 11
52, 35, 11
52, 38, 11
52, 38, 11
52, 36, 11
52, 35, 11
52, 38, 11
52, 38, 11
52, 36, 11
52, 36, 11
52, 37, 11
52, 38, 11
52, 34, 11
52, 34, 11
52, 35, 11
52, 37, 11
52, 34, 11
52, 35, 11
52, 35, 11
52, 37, 11
52, 35, 11
52, 35, 11
52, 35, 11
52, 37, 11
52, 37, 11
52, 36, 11
52, 35, 11
52, 35, 11
52, 35, 11
52, 33, 11
52, 32, 11
52, 32, 11
52, 34, 11
52, 32, 11
52, 32, 11
52, 32, 11
52, 35, 11
52, 34, 11
52, 33, 11
52, 34, 11
52, 34, 11
52, 34, 11
52, 33, 11
52, 33, 11
52, 32, 11
52, 34, 11
52, 33, 11
52, 32, 11
52, 31, 11
52, 31, 11
52, 31, 11
52, 30, 11
52, 31, 11
52, 32, 11
52, 33, 11
52, 33, 11
52, 32, 11
52, 32, 11
52, 32, 11
52, 32, 11
52, 30, 11
52, 31, 11
52, 31, 11
52, 33, 11
52, 33, 11
52, 33, 11
52, 33, 11
52, 34, 11
52, 34, 11
52, 33, 11
52, 32, 11
52, 33, 11
52, 34, 11
52, 34, 11
52, 32, 11
52, 32, 11
52, 32, 11
52, 31, 11
52, 31, 11
52, 31, 11
52, 31, 11
52, 31, 11
52, 31, 11
52, 30, 11
52, 30, 11
52, 31, 11
52, 32, 11
52, 31, 11
52, 32, 11
52, 32, 11
52, 32, 11
52, 32, 11
52, 32, 11
52, 32, 11
52, 32, 11
52, 33, 11
52, 33, 11
52, 32, 11
52, 32, 11
52, 32, 11
52, 32, 11
52, 32, 11
52, 32, 11
52, 32, 11
52, 32, 11
52, 33, 11
52, 31, 11
52, 31, 11
52, 31, 11
52, 32, 11
52, 31, 11
52, 31, 11
52, 30, 11
52, 30, 11
52, 31, 11
52, 31, 11
52, 31, 11
52, 31, 11
52, 31, 11
52, 31, 11
52, 30, 11
52, 31, 11
52, 32, 11
52, 33, 11
52, 33, 11
52, 34, 11
52, 33, 11
52, 33, 11
52, 33, 11
52, 33, 11
52, 33, 11
52, 34, 11
52, 35, 11
52, 35, 11
52, 33, 11
52, 32, 11
52, 31, 11
52, 31, 11
52, 30, 11
52, 31, 11
52, 31, 11
52, 31, 11
52, 30, 11
52, 29, 11
52, 30, 11
52, 30, 11
52, 31, 11
52, 32, 11
52, 31, 11
52, 31, 11
52, 31, 11
147, 31, 11
147, 31, 11
147, 32, 11
147, 34, 11
147, 38, 11
147, 40, 11
147, 38, 11
147, 42, 11
147, 45, 11
147, 45, 11
147, 47, 11
147, 53, 11
147, 55, 11
147, 57, 11
147, 63, 11
147, 62, 11
147, 67, 11
147, 67, 11
147, 71, 11
147, 68, 11
147, 75, 11
147, 71, 11
147, 77, 11
147, 74, 11
147, 80, 11
147, 76, 11
147, 80, 11
147, 74, 11
147, 79, 11
147, 74, 11
147, 79, 11
147, 75, 11
147, 81, 11
147, 79, 11
147, 83, 11
147, 82, 11
147, 83, 11
147, 84, 11
147, 82, 11
147, 83, 11
147, 80, 11
147, 82, 11
147, 80, 11
147, 82, 11
147, 82, 11
147, 84, 11
147, 84, 11
147, 82, 11
147, 83, 11
147, 80, 11
147, 81, 11
147, 80, 11
147, 82, 11
147, 82, 11
147, 81, 11
147, 80, 11
147, 78, 11
147, 79, 11
147, 77, 11
147, 80, 11
147, 82, 11
147, 83, 11
147, 83, 11
147, 82, 11
147, 83, 11
147, 80, 11
147, 84, 11
147, 83, 11
147, 85, 11
147, 84, 11
147, 83, 11
147, 82, 11
147, 80, 11
147, 82, 11
147, 82, 11
147, 83, 11
147, 84, 11
147, 85, 11
147, 86, 11
147, 84, 11
147, 86, 11
147, 84, 11
147, 85, 11
147, 85, 11
147, 85, 11
147, 85, 11
147, 83, 11
147, 84, 11
147, 82, 11
147, 85, 11
147, 85, 11
147, 85, 11
147, 86, 11
147, 86, 11
147, 87, 11
147, 85, 11
147, 88, 11
147, 87, 11
147, 86, 11
147, 85, 11
147, 84, 11
147, 84, 11
147, 82, 11
147, 84, 11
147, 85, 11
147, 86, 11
147, 86, 11
147, 86, 11
147, 87, 11
147, 84, 11
147, 85, 11
147, 84, 11
147, 85, 11
147, 84, 11
147, 84, 11
147, 84, 11
147, 82, 11
147, 84, 11
147, 84, 11
147, 85, 11
147, 85, 11
147, 85, 11
147, 85, 11
147, 82, 11
147, 82, 11
147, 82, 11
147, 83, 11
147, 83, 11
147, 83, 11
147, 83, 11
147, 80, 11
147, 81, 11
147, 80, 11
147, 82, 11
147, 82, 11
147, 82, 11
147, 82, 11
147, 81, 11
147, 82, 11
147, 81, 11
147, 82, 11
147, 83, 11
147, 82, 11
147, 81, 11
147, 79, 11
147, 80, 11
147, 79, 11
147, 80, 11
147, 82, 11
147, 83, 11
147, 83, 11
147, 82, 11
147, 83, 11
147, 83, 11
147, 84, 11
147, 83, 11
147, 83, 11
147, 83, 11
147, 81, 11
147, 81, 11
147, 81, 11
147, 82, 11
147, 82, 11
147, 83, 11
147, 83, 11
147, 82, 11
147, 83, 11
147, 82, 11
147, 84, 11
147, 83, 11
147, 83, 11
147, 82, 11
147, 80, 11
147, 81, 11
147, 80, 11
147, 82, 11
147, 82, 11
147, 83, 11
147, 83, 11
147, 82, 11
147, 83, 11
147, 83, 11
147, 84, 11
147, 83, 11
147, 83, 11
147, 82, 11
147, 80, 11
147, 81, 11
147, 81, 11
147, 83, 11
147, 82, 11
147, 83, 11
147, 83, 11
147, 82, 11
147, 83, 11
147, 82, 11
147, 84, 11
147, 83, 11
147, 83, 11
147, 82, 11
147, 80, 11
147, 80, 11
147, 80, 11
147, 81, 11
147, 82, 11
147, 83, 11
147, 84, 11
147, 84, 11
147, 85, 11
147, 83, 11
147, 85, 11
147, 85, 11
147, 84, 11
147, 84, 11
147, 83, 11
147, 83, 11
147, 82, 11
147, 84, 11
147, 84, 11
147, 84, 11
147, 85, 11
147, 85, 11
147, 85, 11
147, 85, 11
147, 87, 11
147, 87, 11
147, 87, 11
147, 86, 11
147, 84, 11
147, 84, 11
147, 83, 11
147, 85, 11
147, 85, 11
147, 86, 11
147, 86, 11
147, 86, 11
190, 87, 11
190, 86, 11
190, 88, 11
190, 86, 11
190, 86, 11
190, 85, 11
190, 85, 11
190, 84, 11
190, 86, 11
190, 88, 11
190, 88, 11
190, 90, 11
190, 90, 11
190, 90, 11
190, 90, 11
190, 89, 11
190, 90, 11
190, 90, 11
190, 89, 11
190, 88, 11
190, 88, 11
190, 89, 11
190, 88, 11
190, 88, 11
190, 89, 11
190, 88, 11
190, 87, 11
190, 87, 11
190, 88, 11
190, 87, 11
190, 88, 11
190, 89, 11
190, 89, 11
190, 88, 11
190, 89, 11
190, 88, 11
190, 89, 11
190, 90, 11
190, 90, 11
190, 90, 11
190, 91, 11
190, 91, 11
190, 92, 11
190, 92, 11
190, 91, 11
190, 91, 11
190, 90, 11
190, 90, 11
190, 91, 11
190, 91, 11
190, 91, 11
190, 90, 11
190, 90, 11
190, 89, 11
190, 88, 11
190, 87, 11
190, 88, 11
190, 88, 11
190, 89, 11
190, 88, 11
190, 89, 11
190, 89, 11
190, 88, 11
190, 88, 11
190, 89, 11
190, 90, 11
190, 91, 11
190, 91, 11
190, 91, 11
190, 90, 11
190, 90, 11
190, 89, 11
190, 89, 11
190, 89, 11
190, 89, 11
190, 89, 11
190, 89, 11
190, 87, 11
190, 88, 11
190, 88, 11
190, 88, 11
190, 88, 11
190, 89, 11
190, 89, 11
190, 89, 11
190, 89, 11
190, 89, 11
190, 88, 11
190, 88, 11
190, 88, 11
190, 88, 11
190, 88, 11
190, 89, 11
190, 90, 11
190, 92, 11
190, 91, 11
190, 92, 11
190, 92, 11
190, 91, 11
190, 90, 11
190, 92, 11
190, 92, 11
190, 93, 11
190, 93, 11
190, 93, 11
190, 91, 11
190, 91, 11
190, 89, 11
190, 89, 11
190, 89, 11
190, 88, 11
190, 87, 11
190, 87, 11
190, 86, 11
190, 87, 11
190, 88, 11
190, 88, 11
190, 88, 11
190, 87, 11
190, 88, 11
190, 88, 11
190, 89, 11
190, 90, 11
190, 90, 11
190, 90, 11
190, 90, 11
190, 90, 11
190, 90, 11
190, 91, 11
190, 91, 11
190, 92, 11
190, 90, 11
190, 90, 11
190, 90, 11
190, 89, 11
190, 88, 11
190, 89, 11
190, 90, 11
190, 89, 11
190, 90, 11
190, 89, 11
190, 88, 11
190, 88, 11
190, 87, 11
190, 88, 11
190, 88, 11
190, 89, 11
190, 90, 11
190, 91, 11
190, 90, 11
190, 91, 11
190, 91, 11
190, 90, 11
190, 91, 11
190, 92, 11
190, 92, 11
190, 92, 11
190, 93, 11
190, 92, 11
190, 91, 11
190, 91, 11
190, 90, 11
190, 89, 11
190, 88, 11
190, 89, 11
190, 89, 11
190, 89, 11
190, 87, 11
190, 88, 11
190, 88, 11
190, 87, 11
190, 87, 11
190, 88, 11
190, 88, 11
190, 89, 11
190, 89, 11
190, 89, 11
190, 89, 11
190, 89, 11
190, 89, 11
190, 89, 11
190, 90, 11
190, 90, 11
190, 90, 11
190, 90, 11
190, 89, 11
190, 91, 11
190, 90, 11
190, 90, 11
190, 90, 11
190, 90, 11
190, 90, 11
190, 90, 11
190, 91, 11
190, 92, 11
190, 91, 11
190, 91, 11
190, 90, 11
190, 89, 11
190, 88, 11
190, 88, 11
190, 89, 11
190, 89, 11
190, 88, 11
190, 90, 11
190, 90, 11
190, 90, 11
190, 90, 11
190, 91, 11
190, 91, 11
190, 92, 11
190, 91, 11
190, 92, 11
190, 92, 11
190, 92, 11
190, 92, 11
190, 92, 11
190, 91, 11
190, 89, 11
190, 89, 11
190, 88, 11
190, 87, 11
190, 88, 11
190, 88, 11
190, 88, 11
190, 88, 11
190, 88, 11
190, 87, 11
190, 88, 11
190, 88, 11
190, 89, 11
190, 88, 11
190, 89, 11
190, 89, 11
190, 88, 11
190, 88, 11
173, 89, 11
173, 90, 11
173, 90, 11
173, 90, 11
173, 91, 11
173, 91, 11
173, 90, 11
173, 89, 11
173, 91, 11
173, 90, 11
173, 90, 11
173, 90, 11
173, 90, 11
173, 90, 11
173, 89, 11
173, 89, 11
173, 88, 11
173, 89, 11
173, 88, 11
173, 87, 11
173, 88, 11
173, 87, 11
173, 87, 11
173, 87, 11
173, 87, 11
173, 86, 11
173, 85, 11
173, 85, 11
173, 85, 11
173, 85, 11
173, 86, 11
173, 86, 11
173, 86, 11
173, 86, 11
173, 86, 11
173, 85, 11
173, 85, 11
173, 85, 11
173, 84, 11
173, 84, 11
173, 85, 11
173, 86, 11
173, 86, 11
173, 87, 11
173, 87, 11
173, 86, 11
173, 86, 11
173, 86, 11
173, 86, 11
173, 86, 11
173, 88, 11
173, 88, 11
173, 90, 11
173, 90, 11
173, 91, 11
173, 90, 11
173, 89, 11
173, 88, 11
173, 88, 11
173, 88, 11
173, 89, 11
173, 91, 11
173, 91, 11
173, 91, 11
173, 91, 11
173, 90, 11
173, 89, 11
173, 89, 11
173, 89, 11
173, 88, 11
173, 88, 11
173, 87, 11
173, 87, 11
173, 87, 11
173, 87, 11
173, 86, 11
173, 86, 11
173, 86, 11
173, 86, 11
173, 85, 11
173, 85, 11
173, 85, 11
173, 86, 11
173, 86, 11
173, 86, 11
173, 87, 11
173, 88, 11
173, 86, 11
173, 86, 11
173, 86, 11
173, 85, 11
173, 85, 11
173, 86, 11
173, 87, 11
173, 87, 11
173, 86, 11
173, 87, 11
173, 87, 11
173, 87, 11
173, 86, 11
173, 87, 11
173, 87, 11
173, 87, 11
173, 87, 11
173, 88, 11
173, 88, 11
173, 87, 11
173, 87, 11
173, 88, 11
173, 88, 11
173, 89, 11
173, 89, 11
173, 90, 11
173, 90, 11
173, 90, 11
173, 90, 11
173, 90, 11
173, 89, 11
173, 88, 11
173, 89, 11
173, 88, 11
173, 88, 11
173, 88, 11
173, 87, 11
173, 86, 11
173, 87, 11
173, 87, 11
173, 87, 11
173, 87, 11
173, 87, 11
173, 86, 11
173, 86, 11
173, 86, 11
173, 86, 11
173, 86, 11
173, 86, 11
173, 87, 11
173, 86, 11
173, 86, 11
173, 85, 11
173, 84, 11
173, 84, 11
173, 84, 11
173, 84, 11
173, 85, 11
173, 86, 11
173, 86, 11
173, 86, 11
173, 86, 11
173, 86, 11
173, 85, 11
173, 85, 11
173, 86, 11
173, 87, 11
173, 88, 11
173, 88, 11
173, 89, 11
