8, 11
69, 8, 76, 11
69, 10, 73, 11
69, 13, 70, 11
69, 15, 67, 11
11
69, 2, 83, 11
69, 4, 81, 11
69, 5, 80, 11
69, 6, 78, 11
69, 8, 76, 11
69, 10, 73, 11
69, 13, 70, 11
69, 15, 67, 11
11
69, 2, 83, 11
69, 4, 81, 11
69, 5, 80, 11
69, 6, 78, 11
69, 8, 76, 11
69, 10, 73, 11
69, 13, 70, 11
69, 15, 67, 11
27, 0, 33, 0
27, 2, 31, 5
27, 2, 31, 7
27, 2, 31, 8
27, 2, 31, 8
27, 2, 31, 9
27, 2, 31, 9
27, 2, 31, 9
27, 2, 31, 9
27, 2, 31, 10
27, 2, 31, 11
27, 2, 31, 11
27, 2, 31, 11
27, 2, 31, 11
27, 1, 32, 11
27, 1, 32, 11
27, 1, 32, 11
27, 1, 32, 11
27, 1, 32, 11
27, 0, 33, 11
27, 0, 33, 11
27, 0, 33, 11
27, 0, 33, 11
27, 0, 33, 11
27, 0, 33, 11
27, 0, 33, 11
27, 0, 33, 11
27, 0, 33, 11
27, 0, 33, 11
27, 0, 33, 11
27, 0, 33, 11
27, 0, 33, 11
27, 0, 33, 11
27, 0, 33, 11
27, 0, 33, 11
27, 0, 33, 11
27, 0, 33, 11
27, 0, 33, 11
27, 0, 33, 11
27, 0, 33, 11
27, 0, 33, 11
27, 0, 33, 11
27, 0, 33, 11
27, 0, 33, 11
27, 0, 33, 11
27, 0, 33, 11
27, 0, 33, 11
27, 0, 33, 11
27, 0, 33, 11
27, 0, 33, 11
27, 0, 33, 11
27, 0, 33, 11
27, 0, 33, 11
27, 0, 33, 11
27, 0, 33, 11
27, 0, 33, 11
27, 0, 33, 11
27, 0, 33, 11
27, 0, 33, 11
27, 0, 33, 11
27, 0, 33, 11
27, 0, 33, 11
27, 0, 33, 11
27, 0, 33, 11
27, 0, 33, 11
27, 0, 33, 11
27, 0, 33, 11
27, 0, 33, 11
27, 0, 33, 11
27, 0, 33, 11
27, 0, 33, 11
27, 0, 33, 11
27, 0, 33, 11
27, 0, 33, 11
27, 0, 33, 11
27, 0, 33, 11
27, 0, 33, 11
27, 0, 33, 11
27, 0, 33, 11
27, 0, 33, 11
27, 0, 33, 11
27, 0, 33, 11
27, 0, 33, 11
27, 0, 33, 11
27, 0, 33, 11
27, 0, 33, 11
27, 0, 33, 11
27, 0, 33, 11
27, 0, 33, 11
27, 0, 33, 11
27, 0, 33, 11
27, 0, 33, 11
27, 0, 33, 11
27, 0, 33, 11
27, 0, 33, 11
27, 0, 33, 11
27, 0, 33, 11
27, 0, 33, 11
27, 0, 33, 11
27, 0, 33, 11
27, 0, 33, 11
27, 0, 33, 11
27, 0, 33, 11
27, 0, 33, 11
27, 0, 33, 11
27, 0, 33, 11
27, 0, 33, 11
27, 0, 33, 11
27, 0, 33, 11
27, 0, 33, 11
27, 0, 33, 11
27, 0, 33, 11
27, 0, 33, 11
27, 0, 33, 11
27, 0, 33, 11
27, 0, 33, 11
27, 0, 33, 11
27, 0, 33, 11
27, 0, 33, 11
27, 0, 33, 11
27, 0, 33, 11
27, 0, 33, 11
27, 0, 33, 11
27, 0, 33, 11
27, 0, 33, 11
27, 0, 33, 11
27, 0, 33, 11
27, 0, 33, 11
27, 0, 33, 11
27, 0, 33, 11
27, 0, 33, 11
27, 0, 33, 11
27, 0, 33, 11
27, 0, 33, 11
27, 0, 33, 11
27, 0, 33, 11
27, 0, 33, 11
27, 0, 33, 11
27, 0, 33, 11
27, 0, 33, 11
27, 0, 33, 11
27, 0, 33, 11
69, 0, 86, 11
69, 0, 86, 11
69, 0, 86, 11
69, 0, 86, 11
69, 0, 86, 11
69, 1, 85, 11
69, 1, 85, 11
69, 2, 83, 11
69, 4, 81, 11
69, 5, 80, 11
69, 7, 77, 11
69, 8, 76, 11
69, 9, 75, 11
69, 12, 71, 11
69, 15, 67, 11
69, 17, 65, 11
69, 19, 62, 11
69, 20, 61, 11
69, 21, 60, 11
69, 23, 57, 11
69, 24, 56, 11
69, 26, 53, 11
69, 28, 51, 11
69, 28, 51, 11
69, 28, 51, 11
69, 28, 51, 11
69, 29, 50, 11
69, 30, 48, 11
69, 30, 48, 11
69, 30, 48, 11
69, 30, 48, 11
69, 30, 48, 11
69, 30, 48, 11
69, 30, 48, 11
69, 30, 48, 11
69, 30, 48, 11
69, 30, 48, 11
69, 30, 48, 11
69, 29, 50, 11
69, 29, 50, 11
69, 29, 50, 11
69, 29, 50, 11
69, 28, 51, 11
69, 27, 52, 11
69, 27, 52, 11
69, 27, 52, 11
69, 27, 52, 11
69, 27, 52, 11
69, 27, 52, 11
69, 26, 53, 11
69, 26, 53, 11
69, 26, 53, 11
69, 27, 52, 11
69, 27, 52, 11
69, 26, 53, 11
69, 26, 53, 11
69, 26, 53, 11
69, 26, 53, 11
69, 27, 52, 11
69, 26, 53, 11
69, 26, 53, 11
69, 26, 53, 11
69, 26, 53, 11
69, 27, 52, 11
69, 27, 52, 11
69, 27, 52, 11
69, 27, 52, 11
69, 27, 52, 11
69, 27, 52, 11
69, 28, 51, 11
69, 27, 52, 11
69, 28, 51, 11
69, 27, 52, 11
69, 28, 51, 11
69, 28, 51, 11
69, 27, 52, 11
69, 27, 52, 11
69, 27, 52, 11
69, 27, 52, 11
69, 28, 51, 11
69, 28, 51, 11
69, 28, 51, 11
69, 28, 51, 11
69, 28, 51, 11
69, 28, 51, 11
69, 28, 51, 11
69, 28, 51, 11
69, 28, 51, 11
69, 28, 51, 11
69, 28, 51, 11
69, 27, 52, 11
69, 27, 52, 11
69, 27, 52, 11
69, 27, 52, 11
69, 27, 52, 11
69, 27, 52, 11
69, 27, 52, 11
69, 27, 52, 11
69, 27, 52, 11
69, 28, 51, 11
69, 28, 51, 11
69, 28, 51, 11
69, 28, 51, 11
69, 28, 51, 11
69, 28, 51, 11
69, 28, 51, 11
69, 28, 51, 11
69, 28, 51, 11
69, 27, 52, 11
69, 27, 52, 11
69, 27, 52, 11
69, 27, 52, 11
69, 28, 51, 11
69, 27, 52, 11
69, 28, 51, 11
69, 27, 52, 11
69, 28, 51, 11
69, 28, 51, 11
69, 28, 51, 11
69, 27, 52, 11
69, 28, 51, 11
69, 28, 51, 11
69, 28, 51, 11
69, 27, 52, 11
69, 27, 52, 11
69, 27, 52, 11
69, 28, 51, 11
69, 27, 52, 11
69, 27, 52, 11
69, 27, 52, 11
69, 27, 52, 11
69, 28, 51, 11
69, 28, 51, 11
69, 28, 51, 11
69, 27, 52, 11
69, 28, 51, 11
69, 28, 51, 11
69, 28, 51, 11
69, 28, 51, 11
69, 27, 52, 11
69, 27, 52, 11
43, 27, 20, 11
43, 27, 20, 11
43, 27, 20, 11
43, 27, 20, 11
43, 26, 21, 11
43, 26, 21, 11
43, 26, 21, 11
43, 27, 20, 11
43, 26, 21, 11
43, 25, 22, 11
43, 24, 23, 11
43, 24, 23, 11
43, 25, 22, 11
43, 25, 22, 11
43, 23, 25, 11
43, 22, 26, 11
43, 21, 27, 11
43, 19, 30, 11
43, 19, 30, 11
43, 19, 30, 11
43, 19, 30, 11
43, 17, 32, 11
43, 16, 33, 11
43, 15, 35, 11
43, 15, 35, 11
43, 15, 35, 11
43, 15, 35, 11
43, 15, 35, 11
43, 15, 35, 11
43, 14, 36, 11
43, 13, 37, 11
43, 12, 38, 11
43, 12, 38, 11
43, 12, 38, 11
43, 12, 38, 11
43, 12, 38, 11
43, 12, 38, 11
43, 12, 38, 11
43, 12, 38, 11
43, 13, 37, 11
43, 13, 37, 11
43, 13, 37, 11
43, 13, 37, 11
43, 13, 37, 11
43, 12, 38, 11
43, 11, 40, 11
43, 11, 40, 11
43, 11, 40, 11
43, 11, 40, 11
43, 11, 40, 11
43, 11, 40, 11
43, 11, 40, 11
43, 12, 38, 11
43, 13, 37, 11
43, 13, 37, 11
43, 12, 38, 11
43, 12, 38, 11
43, 12, 38, 11
43, 12, 38, 11
43, 12, 38, 11
43, 12, 38, 11
43, 12, 38, 11
43, 12, 38, 11
43, 12, 38, 11
43, 13, 37, 11
43, 13, 37, 11
43, 13, 37, 11
43, 13, 37, 11
43, 12, 38, 11
43, 12, 38, 11
43, 12, 38, 11
43, 12, 38, 11
43, 12, 38, 11
43, 12, 38, 11
43, 12, 38, 11
43, 13, 37, 11
43, 13, 37, 11
43, 13, 37, 11
43, 13, 37, 11
43, 13, 37, 11
43, 12, 38, 11
43, 12, 38, 11
43, 12, 38, 11
43, 12, 38, 11
43, 12, 38, 11
43, 12, 38, 11
43, 12, 38, 11
43, 13, 37, 11
43, 13, 37, 11
43, 13, 37, 11
43, 13, 37, 11
43, 13, 37, 11
43, 12, 38, 11
43, 12, 38, 11
43, 12, 38, 11
43, 12, 38, 11
43, 12, 38, 11
43, 12, 38, 11
43, 12, 38, 11
43, 13, 37, 11
43, 13, 37, 11
43, 13, 37, 11
43, 13, 37, 11
43, 12, 38, 11
43, 12, 38, 11
43, 12, 38, 11
43, 12, 38, 11
43, 12, 38, 11
43, 12, 38, 11
43, 12, 38, 11
43, 12, 38, 11
43, 12, 38, 11
43, 13, 37, 11
43, 13, 37, 11
43, 13, 37, 11
43, 12, 38, 11
43, 11, 40, 11
43, 11, 40, 11
43, 11, 40, 11
43, 11, 40, 11
43, 11, 40, 11
43, 11, 40, 11
43, 12, 38, 11
43, 12, 38, 11
43, 13, 37, 11
43, 13, 37, 11
43, 13, 37, 11
43, 12, 38, 11
43, 12, 38, 11
43, 12, 38, 11
43, 12, 38, 11
43, 12, 38, 11
43, 12, 38, 11
43, 12, 38, 11
43, 13, 37, 11
43, 13, 37, 11
43, 13, 37, 11
43, 13, 37, 11
43, 13, 37, 11
43, 12, 38, 11
43, 12, 38, 11
68, 12, 70, 11
68, 12, 70, 11
68, 12, 70, 11
68, 12, 70, 11
68, 12, 70, 11
68, 13, 68, 11
68, 14, 67, 11
68, 14, 67, 11
68, 16, 65, 11
68, 16, 65, 11
68, 16, 65, 11
68, 16, 65, 11
68, 16, 65, 11
68, 17, 63, 11
68, 18, 62, 11
68, 20, 60, 11
68, 21, 58, 11
68, 21, 58, 11
68, 21, 58, 11
68, 22, 57, 11
68, 24, 55, 11
68, 25, 53, 11
68, 26, 52, 11
68, 27, 51, 11
68, 27, 51, 11
68, 27, 51, 11
68, 27, 51, 11
68, 28, 50, 11
68, 28, 50, 11
68, 28, 50, 11
68, 28, 50, 11
68, 28, 50, 11
68, 29, 48, 11
68, 29, 48, 11
68, 29, 48, 11
68, 29, 48, 11
68, 29, 48, 11
68, 29, 48, 11
68, 29, 48, 11
68, 28, 50, 11
68, 28, 50, 11
68, 28, 50, 11
68, 28, 50, 11
68, 27, 51, 11
68, 27, 51, 11
68, 27, 51, 11
68, 27, 51, 11
68, 27, 51, 11
68, 27, 51, 11
68, 27, 51, 11
68, 27, 51, 11
68, 27, 51, 11
68, 27, 51, 11
68, 28, 50, 11
68, 27, 51, 11
68, 27, 51, 11
68, 27, 51, 11
68, 27, 51, 11
68, 27, 51, 11
68, 27, 51, 11
68, 27, 51, 11
68, 27, 51, 11
68, 27, 51, 11
68, 27, 51, 11
68, 27, 51, 11
68, 28, 50, 11
68, 27, 51, 11
68, 27, 51, 11
68, 27, 51, 11
68, 28, 50, 11
68, 28, 50, 11
68, 27, 51, 11
68, 27, 51, 11
68, 27, 51, 11
68, 27, 51, 11
68, 27, 51, 11
68, 26, 52, 11
68, 27, 51, 11
68, 27, 51, 11
68, 27, 51, 11
68, 27, 51, 11
68, 28, 50, 11
68, 27, 51, 11
68, 27, 51, 11
68, 27, 51, 11
68, 28, 50, 11
68, 28, 50, 11
68, 27, 51, 11
68, 27, 51, 11
68, 27, 51, 11
68, 27, 51, 11
68, 27, 51, 11
68, 27, 51, 11
68, 27, 51, 11
68, 27, 51, 11
68, 28, 50, 11
68, 28, 50, 11
68, 28, 50, 11
68, 28, 50, 11
68, 28, 50, 11
68, 28, 50, 11
68, 28, 50, 11
68, 28, 50, 11
68, 27, 51, 11
68, 27, 51, 11
68, 27, 51, 11
68, 27, 51, 11
68, 27, 51, 11
68, 27, 51, 11
68, 27, 51, 11
68, 27, 51, 11
68, 27, 51, 11
68, 27, 51, 11
68, 27, 51, 11
68, 27, 51, 11
68, 27, 51, 11
68, 27, 51, 11
68, 27, 51, 11
68, 27, 51, 11
68, 27, 51, 11
68, 27, 51, 11
68, 27, 51, 11
68, 27, 51, 11
68, 27, 51, 11
68, 27, 51, 11
68, 27, 51, 11
68, 27, 51, 11
68, 27, 51, 11
68, 27, 51, 11
68, 27, 51, 11
68, 27, 51, 11
68, 27, 51, 11
68, 27, 51, 11
68, 27, 51, 11
68, 27, 51, 11
68, 27, 51, 11
68, 27, 51, 11
68, 27, 51, 11
68, 27, 51, 11
68, 27, 51, 11
68, 27, 51, 11
40, 27, 16, 11
40, 27, 16, 11
40, 27, 16, 11
40, 27, 16, 11
40, 27, 16, 11
40, 27, 16, 11
40, 27, 16, 11
40, 26, 17, 11
40, 27, 16, 11
40, 26, 17, 11
40, 25, 18, 11
40, 24, 20, 11
40, 23, 21, 11
40, 23, 21, 11
40, 23, 21, 11
40, 22, 22, 11
40, 21, 23, 11
40, 19, 26, 11
40, 18, 27, 11
40, 18, 27, 11
40, 17, 28, 11
40, 17, 28, 11
40, 16, 30, 11
40, 14, 32, 11
40, 13, 33, 11
40, 12, 35, 11
40, 11, 36, 11
40, 10, 37, 11
40, 10, 37, 11
40, 10, 37, 11
40, 10, 37, 11
40, 11, 36, 11
40, 11, 36, 11
40, 12, 35, 11
40, 12, 35, 11
40, 12, 35, 11
40, 11, 36, 11
40, 11, 36, 11
40, 9, 38, 11
40, 8, 40, 11
40, 7, 41, 11
40, 7, 41, 11
40, 6, 42, 11
40, 6, 42, 11
40, 7, 41, 11
40, 8, 40, 11
40, 9, 38, 11
40, 10, 37, 11
40, 11, 36, 11
40, 12, 35, 11
40, 13, 33, 11
40, 13, 33, 11
40, 12, 35, 11
40, 11, 36, 11
40, 11, 36, 11
40, 10, 37, 11
40, 9, 38, 11
40, 9, 38, 11
40, 9, 38, 11
40, 9, 38, 11
40, 10, 37, 11
40, 11, 36, 11
40, 11, 36, 11
40, 12, 35, 11
40, 12, 35, 11
40, 12, 35, 11
40, 12, 35, 11
40, 11, 36, 11
40, 10, 37, 11
40, 10, 37, 11
40, 10, 37, 11
40, 10, 37, 11
40, 10, 37, 11
40, 10, 37, 11
40, 11, 36, 11
40, 12, 35, 11
40, 12, 35, 11
40, 12, 35, 11
40, 12, 35, 11
40, 12, 35, 11
40, 11, 36, 11
40, 10, 37, 11
40, 9, 38, 11
40, 9, 38, 11
40, 9, 38, 11
40, 9, 38, 11
40, 9, 38, 11
40, 10, 37, 11
40, 11, 36, 11
40, 12, 35, 11
40, 12, 35, 11
40, 12, 35, 11
40, 12, 35, 11
40, 12, 35, 11
40, 11, 36, 11
40, 10, 37, 11
40, 10, 37, 11
40, 10, 37, 11
40, 10, 37, 11
40, 10, 37, 11
40, 10, 37, 11
40, 11, 36, 11
40, 12, 35, 11
40, 12, 35, 11
40, 13, 33, 11
40, 13, 33, 11
40, 12, 35, 11
40, 11, 36, 11
40, 10, 37, 11
40, 10, 37, 11
40, 9, 38, 11
40, 9, 38, 11
40, 9, 38, 11
40, 9, 38, 11
40, 9, 38, 11
40, 10, 37, 11
40, 11, 36, 11
40, 12, 35, 11
40, 12, 35, 11
40, 12, 35, 11
40, 12, 35, 11
40, 11, 36, 11
40, 10, 37, 11
40, 10, 37, 11
40, 9, 38, 11
40, 9, 38, 11
40, 9, 38, 11
40, 10, 37, 11
40, 10, 37, 11
40, 11, 36, 11
40, 12, 35, 11
40, 12, 35, 11
40, 12, 35, 11
40, 12, 35, 11
40, 11, 36, 11
40, 11, 36, 11
40, 10, 37, 11
40, 9, 38, 11
40, 9, 38, 11
40, 9, 38, 11
40, 9, 38, 11
82, 10, 90, 11
82, 10, 90, 11
82, 11, 88, 11
82, 12, 87, 11
82, 12, 87, 11
82, 13, 86, 11
82, 14, 85, 11
82, 14, 85, 11
82, 14, 85, 11
82, 14, 85, 11
82, 15, 83, 11
82, 16, 82, 11
82, 17, 81, 11
82, 19, 78, 11
82, 21, 76, 11
82, 23, 73, 11
82, 24, 72, 11
82, 26, 70, 11
82, 27, 68, 11
82, 30, 65, 11
82, 32, 62, 11
82, 32, 62, 11
82, 32, 62, 11
82, 34, 60, 11
82, 34, 60, 11
82, 34, 60, 11
82, 35, 58, 11
82, 36, 57, 11
82, 37, 56, 11
82, 36, 57, 11
82, 36, 57, 11
82, 38, 55, 11
82, 38, 55, 11
82, 37, 56, 11
82, 37, 56, 11
82, 38, 55, 11
82, 38, 55, 11
82, 37, 56, 11
82, 37, 56, 11
82, 38, 55, 11
82, 37, 56, 11
82, 36, 57, 11
82, 37, 56, 11
82, 37, 56, 11
82, 36, 57, 11
82, 35, 58, 11
82, 36, 57, 11
82, 36, 57, 11
82, 35, 58, 11
82, 34, 60, 11
82, 35, 58, 11
82, 36, 57, 11
82, 35, 58, 11
82, 34, 60, 11
82, 35, 58, 11
82, 36, 57, 11
82, 35, 58, 11
82, 34, 60, 11
82, 35, 58, 11
82, 36, 57, 11
82, 35, 58, 11
82, 34, 60, 11
82, 34, 60, 11
82, 35, 58, 11
82, 35, 58, 11
82, 33, 61, 11
82, 34, 60, 11
82, 35, 58, 11
82, 35, 58, 11
82, 34, 60, 11
82, 34, 60, 11
82, 36, 57, 11
82, 35, 58, 11
82, 34, 60, 11
82, 35, 58, 11
82, 36, 57, 11
82, 36, 57, 11
82, 34, 60, 11
82, 35, 58, 11
82, 36, 57, 11
82, 36, 57, 11
82, 34, 60, 11
82, 34, 60, 11
82, 36, 57, 11
82, 36, 57, 11
82, 34, 60, 11
82, 34, 60, 11
82, 36, 57, 11
82, 36, 57, 11
82, 34, 60, 11
82, 34, 60, 11
82, 36, 57, 11
82, 36, 57, 11
82, 34, 60, 11
82, 34, 60, 11
82, 36, 57, 11
82, 36, 57, 11
82, 35, 58, 11
82, 35, 58, 11
82, 36, 57, 11
82, 36, 57, 11
82, 35, 58, 11
82, 35, 58, 11
82, 36, 57, 11
82, 37, 56, 11
82, 36, 57, 11
82, 36, 57, 11
82, 37, 56, 11
82, 37, 56, 11
82, 35, 58, 11
82, 35, 58, 11
82, 36, 57, 11
82, 36, 57, 11
82, 35, 58, 11
82, 35, 58, 11
82, 36, 57, 11
82, 36, 57, 11
82, 34, 60, 11
82, 34, 60, 11
82, 36, 57, 11
82, 36, 57, 11
82, 35, 58, 11
82, 35, 58, 11
82, 36, 57, 11
82, 37, 56, 11
82, 35, 58, 11
82, 35, 58, 11
82, 37, 56, 11
82, 37, 56, 11
82, 36, 57, 11
82, 35, 58, 11
82, 37, 56, 11
82, 37, 56, 11
82, 36, 57, 11
82, 35, 58, 11
82, 36, 57, 11
82, 36, 57, 11
82, 35, 58, 11
82, 34, 60, 11
82, 35, 58, 11
82, 36, 57, 11
64, 35, 36, 11
64, 34, 37, 11
64, 35, 36, 11
64, 36, 35, 11
64, 35, 36, 11
64, 34, 37, 11
64, 34, 37, 11
64, 35, 36, 11
64, 34, 37, 11
64, 33, 38, 11
64, 33, 38, 11
64, 33, 38, 11
64, 32, 40, 11
64, 31, 41, 11
64, 31, 41, 11
64, 31, 41, 11
64, 30, 42, 11
64, 29, 43, 11
64, 28, 45, 11
64, 28, 45, 11
64, 28, 45, 11
64, 28, 45, 11
64, 27, 46, 11
64, 26, 47, 11
64, 26, 47, 11
64, 26, 47, 11
64, 26, 47, 11
64, 26, 47, 11
64, 26, 47, 11
64, 25, 48, 11
64, 24, 50, 11
64, 24, 50, 11
64, 25, 48, 11
64, 25, 48, 11
64, 24, 50, 11
64, 24, 50, 11
64, 23, 51, 11
64, 24, 50, 11
64, 25, 48, 11
64, 25, 48, 11
64, 24, 50, 11
64, 23, 51, 11
64, 23, 51, 11
64, 24, 50, 11
64, 25, 48, 11
64, 25, 48, 11
64, 25, 48, 11
64, 24, 50, 11
64, 24, 50, 11
64, 25, 48, 11
64, 26, 47, 11
64, 26, 47, 11
64, 25, 48, 11
64, 25, 48, 11
64, 25, 48, 11
64, 25, 48, 11
64, 26, 47, 11
64, 26, 47, 11
64, 25, 48, 11
64, 25, 48, 11
64, 25, 48, 11
64, 25, 48, 11
64, 26, 47, 11
64, 25, 48, 11
64, 25, 48, 11
64, 25, 48, 11
64, 25, 48, 11
64, 26, 47, 11
64, 26, 47, 11
64, 25, 48, 11
64, 25, 48, 11
64, 25, 48, 11
64, 25, 48, 11
64, 26, 47, 11
64, 26, 47, 11
64, 25, 48, 11
64, 24, 50, 11
64, 24, 50, 11
64, 25, 48, 11
64, 26, 47, 11
64, 25, 48, 11
64, 24, 50, 11
64, 24, 50, 11
64, 24, 50, 11
64, 25, 48, 11
64, 26, 47, 11
64, 25, 48, 11
64, 24, 50, 11
64, 24, 50, 11
64, 24, 50, 11
64, 25, 48, 11
64, 26, 47, 11
64, 25, 48, 11
64, 24, 50, 11
64, 24, 50, 11
64, 24, 50, 11
64, 25, 48, 11
64, 25, 48, 11
64, 25, 48, 11
64, 24, 50, 11
64, 24, 50, 11
64, 25, 48, 11
64, 26, 47, 11
64, 26, 47, 11
64, 25, 48, 11
64, 25, 48, 11
64, 24, 50, 11
64, 25, 48, 11
64, 26, 47, 11
64, 25, 48, 11
64, 24, 50, 11
64, 24, 50, 11
64, 24, 50, 11
64, 24, 50, 11
64, 25, 48, 11
64, 25, 48, 11
64, 24, 50, 11
64, 24, 50, 11
64, 24, 50, 11
64, 25, 48, 11
64, 26, 47, 11
64, 25, 48, 11
64, 24, 50, 11
64, 24, 50, 11
64, 24, 50, 11
64, 25, 48, 11
64, 25, 48, 11
64, 24, 50, 11
64, 24, 50, 11
64, 24, 50, 11
64, 24, 50, 11
64, 25, 48, 11
64, 26, 47, 11
64, 25, 48, 11
64, 25, 48, 11
64, 25, 48, 11
64, 25, 48, 11
64, 27, 46, 11
64, 27, 46, 11
64, 26, 47, 11
64, 25, 48, 11
28, 25, 3, 11
28, 26, 2, 11
28, 26, 2, 11
28, 26, 2, 11
28, 25, 3, 11
28, 24, 5, 11
28, 24, 5, 11
28, 25, 3, 11
28, 25, 3, 11
28, 25, 3, 11
28, 23, 6, 11
28, 22, 7, 11
28, 21, 8, 11
28, 20, 10, 11
28, 20, 10, 11
28, 19, 11, 11
28, 18, 12, 11
28, 16, 15, 11
28, 15, 16, 11
28, 14, 17, 11
28, 15, 16, 11
28, 15, 16, 11
28, 15, 16, 11
28, 14, 17, 11
28, 13, 18, 11
28, 13, 18, 11
28, 12, 20, 11
28, 11, 21, 11
28, 9, 23, 11
28, 8, 25, 11
28, 6, 27, 11
28, 5, 28, 11
28, 3, 31, 11
28, 2, 32, 11
28, 2, 32, 11
28, 1, 33, 11
28, 1, 33, 11
28, 0, 35, 11
28, 0, 35, 11
28, 0, 35, 11
28, 0, 35, 11
28, 0, 35, 11
28, 0, 35, 11
28, 0, 35, 11
28, 0, 35, 11
28, 0, 35, 11
28, 0, 35, 11
28, 0, 35, 11
28, 0, 35, 11
28, 0, 35, 11
28, 0, 35, 11
28, 0, 35, 11
28, 0, 35, 11
28, 0, 35, 11
28, 0, 35, 11
28, 0, 35, 11
28, 0, 35, 11
28, 0, 35, 11
28, 0, 35, 11
28, 0, 35, 11
28, 0, 35, 11
28, 0, 35, 11
28, 0, 35, 11
28, 0, 35, 11
28, 0, 35, 11
28, 0, 35, 11
28, 0, 35, 11
28, 0, 35, 11
28, 0, 35, 11
28, 0, 35, 11
28, 0, 35, 11
28, 0, 35, 11
28, 0, 35, 11
28, 0, 35, 11
28, 0, 35, 11
28, 0, 35, 11
28, 0, 35, 11
28, 0, 35, 11
28, 0, 35, 11
28, 0, 35, 11
28, 0, 35, 11
28, 0, 35, 11
28, 0, 35, 11
28, 0, 35, 11
28, 0, 35, 11
28, 0, 35, 11
28, 0, 35, 11
28, 0, 35, 11
28, 0, 35, 11
28, 0, 35, 11
28, 0, 35, 11
28, 0, 35, 11
28, 0, 35, 11
28, 0, 35, 11
28, 0, 35, 11
28, 0, 35, 11
28, 0, 35, 11
28, 0, 35, 11
28, 0, 35, 11
28, 0, 35, 11
28, 0, 35, 11
28, 0, 35, 11
28, 0, 35, 11
28, 0, 35, 11
28, 0, 35, 11
28, 0, 35, 11
28, 0, 35, 11
28, 0, 35, 11
28, 0, 35, 11
28, 0, 35, 11
28, 0, 35, 11
28, 0, 35, 11
28, 0, 35, 11
28, 0, 35, 11
28, 0, 35, 11
28, 0, 35, 11
28, 0, 35, 11
28, 0, 35, 11
28, 0, 35, 11
28, 0, 35, 11
28, 0, 35, 11
28, 0, 35, 11
28, 0, 35, 11
28, 0, 35, 11
28, 0, 35, 11
28, 0, 35, 11
28, 0, 35, 11
28, 0, 35, 11
28, 0, 35, 11
28, 0, 35, 11
28, 0, 35, 11
28, 0, 35, 11
28, 0, 35, 11
28, 0, 35, 11
28, 0, 35, 11
28, 0, 35, 11
28, 0, 35, 11
28, 0, 35, 11
28, 0, 35, 11
28, 0, 35, 11
28, 0, 35, 11
28, 0, 35, 11
63, 0, 78, 11
63, 0, 78, 11
63, 0, 78, 11
63, 0, 78, 11
63, 0, 78, 11
63, 0, 78, 11
63, 0, 78, 11
63, 0, 78, 11
63, 1, 77, 11
63, 2, 76, 11
63, 3, 75, 11
63, 5, 72, 11
63, 6, 71, 11
63, 8, 68, 11
63, 9, 67, 11
63, 11, 65, 11
63, 14, 61, 11
63, 17, 57, 11
63, 19, 55, 11
63, 20, 53, 11
63, 20, 53, 11
63, 21, 52, 11
63, 23, 50, 11
63, 24, 48, 11
63, 25, 47, 11
63, 26, 46, 11
63, 25, 47, 11
63, 26, 46, 11
63, 26, 46, 11
63, 27, 45, 11
63, 28, 43, 11
63, 28, 43, 11
63, 28, 43, 11
63, 28, 43, 11
63, 28, 43, 11
63, 28, 43, 11
63, 28, 43, 11
63, 27, 45, 11
63, 27, 45, 11
63, 27, 45, 11
63, 27, 45, 11
63, 26, 46, 11
63, 26, 46, 11
63, 26, 46, 11
63, 26, 46, 11
63, 26, 46, 11
63, 26, 46, 11
63, 25, 47, 11
63, 25, 47, 11
63, 25, 47, 11
63, 25, 47, 11
63, 26, 46, 11
63, 26, 46, 11
63, 25, 47, 11
63, 24, 48, 11
63, 24, 48, 11
63, 24, 48, 11
63, 25, 47, 11
63, 25, 47, 11
63, 24, 48, 11
63, 23, 50, 11
63, 23, 50, 11
63, 24, 48, 11
63, 25, 47, 11
63, 25, 47, 11
63, 23, 50, 11
63, 23, 50, 11
63, 23, 50, 11
63, 24, 48, 11
63, 25, 47, 11
63, 25, 47, 11
63, 24, 48, 11
63, 23, 50, 11
63, 23, 50, 11
63, 24, 48, 11
63, 25, 47, 11
63, 25, 47, 11
63, 24, 48, 11
63, 23, 50, 11
63, 23, 50, 11
63, 24, 48, 11
63, 25, 47, 11
63, 25, 47, 11
63, 24, 48, 11
63, 23, 50, 11
63, 23, 50, 11
63, 24, 48, 11
63, 25, 47, 11
63, 25, 47, 11
63, 23, 50, 11
63, 23, 50, 11
63, 23, 50, 11
63, 24, 48, 11
63, 25, 47, 11
63, 25, 47, 11
63, 23, 50, 11
63, 22, 51, 11
63, 23, 50, 11
63, 23, 50, 11
63, 24, 48, 11
63, 24, 48, 11
63, 23, 50, 11
63, 22, 51, 11
63, 22, 51, 11
63, 23, 50, 11
63, 24, 48, 11
63, 25, 47, 11
63, 23, 50, 11
63, 23, 50, 11
63, 23, 50, 11
63, 24, 48, 11
63, 25, 47, 11
63, 25, 47, 11
63, 24, 48, 11
63, 24, 48, 11
63, 24, 48, 11
63, 24, 48, 11
63, 25, 47, 11
63, 25, 47, 11
63, 24, 48, 11
63, 24, 48, 11
63, 24, 48, 11
63, 24, 48, 11
63, 25, 47, 11
63, 25, 47, 11
63, 24, 48, 11
63, 24, 48, 11
63, 24, 48, 11
63, 24, 48, 11
63, 25, 47, 11
63, 25, 47, 11
63, 24, 48, 11
63, 23, 50, 11
63, 24, 48, 11
63, 24, 48, 11
63, 25, 47, 11
63, 25, 47, 11
63, 24, 48, 11
63, 24, 48, 11
63, 24, 48, 11
63, 25, 47, 11
49, 26, 28, 11
49, 25, 30, 11
49, 24, 31, 11
49, 24, 31, 11
49, 24, 31, 11
49, 25, 30, 11
49, 25, 30, 11
49, 24, 31, 11
49, 23, 32, 11
49, 22, 33, 11
49, 23, 32, 11
49, 24, 31, 11
49, 24, 31, 11
49, 23, 32, 11
49, 22, 33, 11
49, 21, 35, 11
49, 20, 36, 11
49, 20, 36, 11
49, 21, 35, 11
49, 21, 35, 11
49, 20, 36, 11
49, 19, 37, 11
49, 18, 38, 11
49, 18, 38, 11
49, 18, 38, 11
49, 18, 38, 11
49, 18, 38, 11
49, 18, 38, 11
49, 17, 40, 11
49, 16, 41, 11
49, 16, 41, 11
49, 16, 41, 11
49, 16, 41, 11
49, 16, 41, 11
49, 16, 41, 11
49, 16, 41, 11
49, 16, 41, 11
49, 16, 41, 11
49, 15, 42, 11
49, 15, 42, 11
49, 15, 42, 11
49, 15, 42, 11
49, 15, 42, 11
49, 15, 42, 11
49, 15, 42, 11
49, 16, 41, 11
49, 16, 41, 11
49, 16, 41, 11
49, 16, 41, 11
49, 16, 41, 11
49, 16, 41, 11
49, 16, 41, 11
49, 16, 41, 11
49, 16, 41, 11
49, 16, 41, 11
49, 16, 41, 11
49, 16, 41, 11
49, 16, 41, 11
49, 16, 41, 11
49, 16, 41, 11
49, 16, 41, 11
49, 16, 41, 11
49, 16, 41, 11
49, 16, 41, 11
49, 16, 41, 11
49, 16, 41, 11
49, 16, 41, 11
49, 16, 41, 11
49, 16, 41, 11
49, 16, 41, 11
49, 16, 41, 11
49, 16, 41, 11
49, 16, 41, 11
49, 16, 41, 11
49, 16, 41, 11
49, 16, 41, 11
49, 16, 41, 11
49, 16, 41, 11
49, 16, 41, 11
49, 16, 41, 11
49, 16, 41, 11
49, 16, 41, 11
49, 16, 41, 11
49, 16, 41, 11
49, 16, 41, 11
49, 16, 41, 11
49, 15, 42, 11
49, 15, 42, 11
49, 15, 42, 11
49, 15, 42, 11
49, 15, 42, 11
49, 15, 42, 11
49, 15, 42, 11
49, 15, 42, 11
49, 15, 42, 11
49, 15, 42, 11
49, 15, 42, 11
49, 15, 42, 11
49, 15, 42, 11
49, 15, 42, 11
49, 15, 42, 11
49, 15, 42, 11
49, 15, 42, 11
49, 15, 42, 11
49, 15, 42, 11
49, 15, 42, 11
49, 15, 42, 11
49, 15, 42, 11
49, 15, 42, 11
49, 16, 41, 11
49, 16, 41, 11
49, 16, 41, 11
49, 16, 41, 11
49, 16, 41, 11
49, 16, 41, 11
49, 16, 41, 11
49, 16, 41, 11
49, 16, 41, 11
49, 16, 41, 11
49, 16, 41, 11
49, 16, 41, 11
49, 16, 41, 11
49, 16, 41, 11
49, 16, 41, 11
49, 16, 41, 11
49, 16, 41, 11
49, 16, 41, 11
49, 16, 41, 11
49, 16, 41, 11
49, 16, 41, 11
49, 16, 41, 11
49, 15, 42, 11
49, 15, 42, 11
49, 16, 41, 11
49, 16, 41, 11
49, 16, 41, 11
49, 16, 41, 11
49, 16, 41, 11
49, 16, 41, 11
49, 16, 41, 11
49, 15, 42, 11
40, 15, 31, 11
40, 15, 31, 11
40, 15, 31, 11
40, 15, 31, 11
40, 16, 30, 11
40, 16, 30, 11
40, 16, 30, 11
40, 16, 30, 11
40, 15, 31, 11
40, 15, 31, 11
40, 16, 30, 11
40, 16, 30, 11
40, 16, 30, 11
40, 16, 30, 11
40, 16, 30, 11
40, 15, 31, 11
40, 14, 32, 11
40, 13, 33, 11
40, 12, 35, 11
40, 11, 36, 11
40, 11, 36, 11
40, 11, 36, 11
40, 11, 36, 11
40, 10, 37, 11
40, 10, 37, 11
40, 11, 36, 11
40, 11, 36, 11
40, 12, 35, 11
40, 12, 35, 11
40, 12, 35, 11
40, 11, 36, 11
40, 10, 37, 11
40, 10, 37, 11
40, 9, 38, 11
40, 8, 40, 11
40, 8, 40, 11
40, 8, 40, 11
40, 8, 40, 11
40, 9, 38, 11
40, 10, 37, 11
40, 11, 36, 11
40, 12, 35, 11
40, 12, 35, 11
40, 12, 35, 11
40, 12, 35, 11
40, 11, 36, 11
40, 10, 37, 11
40, 10, 37, 11
40, 9, 38, 11
40, 9, 38, 11
40, 9, 38, 11
40, 9, 38, 11
40, 9, 38, 11
40, 10, 37, 11
40, 11, 36, 11
40, 12, 35, 11
40, 12, 35, 11
40, 12, 35, 11
40, 12, 35, 11
40, 11, 36, 11
40, 10, 37, 11
40, 10, 37, 11
40, 9, 38, 11
40, 9, 38, 11
40, 9, 38, 11
40, 9, 38, 11
40, 10, 37, 11
40, 11, 36, 11
40, 12, 35, 11
40, 12, 35, 11
40, 12, 35, 11
40, 12, 35, 11
40, 11, 36, 11
40, 11, 36, 11
40, 10, 37, 11
40, 10, 37, 11
40, 10, 37, 11
40, 10, 37, 11
40, 10, 37, 11
40, 10, 37, 11
40, 11, 36, 11
40, 12, 35, 11
40, 12, 35, 11
40, 13, 33, 11
40, 12, 35, 11
40, 12, 35, 11
40, 11, 36, 11
40, 10, 37, 11
40, 9, 38, 11
40, 9, 38, 11
40, 9, 38, 11
40, 9, 38, 11
40, 9, 38, 11
40, 9, 38, 11
40, 10, 37, 11
40, 11, 36, 11
40, 12, 35, 11
40, 12, 35, 11
40, 12, 35, 11
40, 12, 35, 11
40, 11, 36, 11
40, 10, 37, 11
40, 10, 37, 11
40, 9, 38, 11
40, 9, 38, 11
40, 9, 38, 11
40, 9, 38, 11
40, 10, 37, 11
40, 10, 37, 11
40, 11, 36, 11
40, 12, 35, 11
40, 12, 35, 11
40, 12, 35, 11
40, 11, 36, 11
40, 10, 37, 11
40, 9, 38, 11
40, 9, 38, 11
40, 9, 38, 11
40, 9, 38, 11
40, 10, 37, 11
40, 10, 37, 11
40, 11, 36, 11
40, 12, 35, 11
40, 13, 33, 11
40, 13, 33, 11
40, 13, 33, 11
40, 13, 33, 11
40, 12, 35, 11
40, 11, 36, 11
40, 10, 37, 11
40, 10, 37, 11
40, 9, 38, 11
40, 9, 38, 11
40, 9, 38, 11
40, 9, 38, 11
40, 10, 37, 11
40, 11, 36, 11
40, 11, 36, 11
40, 12, 35, 11
40, 12, 35, 11
40, 11, 36, 11
85, 11, 92, 11
85, 10, 93, 11
85, 9, 95, 11
85, 9, 95, 11
85, 9, 95, 11
85, 9, 95, 11
85, 10, 93, 11
85, 10, 93, 11
85, 12, 91, 11
85, 14, 88, 11
85, 16, 86, 11
85, 19, 82, 11
85, 20, 81, 11
85, 22, 78, 11
85, 24, 76, 11
85, 25, 75, 11
85, 28, 71, 11
85, 30, 68, 11
85, 32, 66, 11
85, 32, 66, 11
85, 34, 63, 11
85, 35, 62, 11
85, 37, 60, 11
85, 37, 60, 11
85, 38, 58, 11
85, 40, 56, 11
85, 40, 56, 11
85, 39, 57, 11
85, 40, 56, 11
85, 41, 55, 11
85, 40, 56, 11
85, 40, 56, 11
85, 40, 56, 11
85, 41, 55, 11
85, 39, 57, 11
85, 39, 57, 11
85, 40, 56, 11
85, 39, 57, 11
85, 38, 58, 11
85, 38, 58, 11
85, 39, 57, 11
85, 38, 58, 11
85, 36, 61, 11
85, 36, 61, 11
85, 37, 60, 11
85, 37, 60, 11
85, 35, 62, 11
85, 35, 62, 11
85, 36, 61, 11
85, 36, 61, 11
85, 35, 62, 11
85, 35, 62, 11
85, 36, 61, 11
85, 36, 61, 11
85, 35, 62, 11
85, 36, 61, 11
85, 37, 60, 11
85, 37, 60, 11
85, 36, 61, 11
85, 36, 61, 11
85, 38, 58, 11
85, 37, 60, 11
85, 36, 61, 11
85, 37, 60, 11
85, 38, 58, 11
85, 38, 58, 11
85, 37, 60, 11
85, 37, 60, 11
85, 38, 58, 11
85, 37, 60, 11
85, 36, 61, 11
85, 37, 60, 11
85, 38, 58, 11
85, 37, 60, 11
85, 36, 61, 11
85, 37, 60, 11
85, 38, 58, 11
85, 37, 60, 11
85, 36, 61, 11
85, 37, 60, 11
85, 37, 60, 11
85, 36, 61, 11
85, 36, 61, 11
85, 37, 60, 11
85, 37, 60, 11
85, 36, 61, 11
85, 36, 61, 11
85, 37, 60, 11
85, 37, 60, 11
85, 36, 61, 11
85, 36, 61, 11
85, 37, 60, 11
85, 37, 60, 11
85, 36, 61, 11
85, 37, 60, 11
85, 38, 58, 11
85, 37, 60, 11
85, 36, 61, 11
85, 37, 60, 11
85, 38, 58, 11
85, 37, 60, 11
85, 36, 61, 11
85, 37, 60, 11
85, 38, 58, 11
85, 37, 60, 11
85, 36, 61, 11
85, 37, 60, 11
85, 37, 60, 11
85, 36, 61, 11
85, 36, 61, 11
85, 37, 60, 11
85, 37, 60, 11
85, 35, 62, 11
85, 35, 62, 11
85, 36, 61, 11
85, 36, 61, 11
85, 35, 62, 11
85, 36, 61, 11
85, 37, 60, 11
85, 37, 60, 11
85, 35, 62, 11
85, 36, 61, 11
85, 37, 60, 11
85, 37, 60, 11
85, 36, 61, 11
85, 36, 61, 11
85, 38, 58, 11
85, 37, 60, 11
85, 36, 61, 11
85, 37, 60, 11
85, 38, 58, 11
85, 37, 60, 11
85, 36, 61, 11
85, 37, 60, 11
85, 38, 58, 11
85, 37, 60, 11
85, 36, 61, 11
85, 37, 60, 11
85, 38, 58, 11
85, 36, 61, 11
85, 36, 61, 11
62, 37, 31, 11
62, 37, 31, 11
62, 36, 32, 11
62, 36, 32, 11
62, 37, 31, 11
62, 37, 31, 11
62, 35, 33, 11
62, 35, 33, 11
62, 37, 31, 11
62, 36, 32, 11
62, 35, 33, 11
62, 35, 33, 11
62, 35, 33, 11
62, 34, 35, 11
62, 33, 36, 11
62, 33, 36, 11
62, 33, 36, 11
62, 32, 37, 11
62, 31, 38, 11
62, 30, 40, 11
62, 30, 40, 11
62, 30, 40, 11
62, 28, 42, 11
62, 27, 43, 11
62, 27, 43, 11
62, 27, 43, 11
62, 27, 43, 11
62, 27, 43, 11
62, 25, 46, 11
62, 25, 46, 11
62, 24, 47, 11
62, 25, 46, 11
62, 25, 46, 11
62, 25, 46, 11
62, 24, 47, 11
62, 23, 48, 11
62, 22, 50, 11
62, 23, 48, 11
62, 24, 47, 11
62, 24, 47, 11
62, 23, 48, 11
62, 21, 51, 11
62, 21, 51, 11
62, 22, 50, 11
62, 23, 48, 11
62, 24, 47, 11
62, 23, 48, 11
62, 22, 50, 11
62, 22, 50, 11
62, 23, 48, 11
62, 24, 47, 11
62, 25, 46, 11
62, 25, 46, 11
62, 23, 48, 11
62, 23, 48, 11
62, 23, 48, 11
62, 24, 47, 11
62, 25, 46, 11
62, 25, 46, 11
62, 23, 48, 11
62, 23, 48, 11
62, 23, 48, 11
62, 23, 48, 11
62, 24, 47, 11
62, 24, 47, 11
62, 23, 48, 11
62, 22, 50, 11
62, 22, 50, 11
62, 23, 48, 11
62, 24, 47, 11
62, 24, 47, 11
62, 23, 48, 11
62, 23, 48, 11
62, 23, 48, 11
62, 23, 48, 11
62, 25, 46, 11
62, 25, 46, 11
62, 24, 47, 11
62, 23, 48, 11
62, 23, 48, 11
62, 23, 48, 11
62, 25, 46, 11
62, 25, 46, 11
62, 24, 47, 11
62, 23, 48, 11
62, 22, 50, 11
62, 23, 48, 11
62, 24, 47, 11
62, 24, 47, 11
62, 23, 48, 11
62, 22, 50, 11
62, 21, 51, 11
62, 22, 50, 11
62, 23, 48, 11
62, 24, 47, 11
62, 24, 47, 11
62, 22, 50, 11
62, 21, 51, 11
62, 21, 51, 11
62, 22, 50, 11
62, 23, 48, 11
62, 24, 47, 11
62, 23, 48, 11
62, 22, 50, 11
62, 22, 50, 11
62, 22, 50, 11
62, 24, 47, 11
62, 25, 46, 11
62, 24, 47, 11
62, 23, 48, 11
62, 22, 50, 11
62, 22, 50, 11
62, 23, 48, 11
62, 24, 47, 11
62, 24, 47, 11
62, 23, 48, 11
62, 22, 50, 11
62, 22, 50, 11
62, 23, 48, 11
62, 24, 47, 11
62, 24, 47, 11
62, 24, 47, 11
62, 23, 48, 11
62, 23, 48, 11
62, 24, 47, 11
62, 25, 46, 11
62, 25, 46, 11
62, 24, 47, 11
62, 24, 47, 11
62, 24, 47, 11
62, 24, 47, 11
62, 25, 46, 11
62, 25, 46, 11
62, 24, 47, 11
62, 24, 47, 11
62, 23, 48, 11
62, 24, 47, 11
62, 25, 46, 11
62, 25, 46, 11
62, 24, 47, 11
62, 23, 48, 11
82, 23, 73, 11
82, 24, 72, 11
82, 25, 71, 11
82, 25, 71, 11
82, 24, 72, 11
82, 24, 72, 11
82, 24, 72, 11
82, 24, 72, 11
82, 26, 70, 11
82, 26, 70, 11
82, 26, 70, 11
82, 27, 68, 11
82, 27, 68, 11
82, 27, 68, 11
82, 29, 66, 11
82, 30, 65, 11
82, 30, 65, 11
82, 30, 65, 11
82, 30, 65, 11
82, 31, 63, 11
82, 32, 62, 11
82, 31, 63, 11
82, 32, 62, 11
82, 34, 60, 11
82, 33, 61, 11
82, 33, 61, 11
82, 34, 60, 11
82, 35, 58, 11
82, 35, 58, 11
82, 34, 60, 11
82, 34, 60, 11
82, 36, 57, 11
82, 36, 57, 11
82, 34, 60, 11
82, 34, 60, 11
82, 36, 57, 11
82, 36, 57, 11
82, 34, 60, 11
82, 35, 58, 11
82, 36, 57, 11
82, 36, 57, 11
82, 34, 60, 11
82, 35, 58, 11
82, 36, 57, 11
82, 36, 57, 11
82, 34, 60, 11
82, 35, 58, 11
82, 36, 57, 11
82, 36, 57, 11
82, 35, 58, 11
82, 35, 58, 11
82, 36, 57, 11
82, 36, 57, 11
82, 34, 60, 11
82, 35, 58, 11
82, 36, 57, 11
82, 36, 57, 11
82, 34, 60, 11
82, 34, 60, 11
82, 36, 57, 11
82, 36, 57, 11
82, 34, 60, 11
82, 34, 60, 11
82, 35, 58, 11
82, 35, 58, 11
82, 34, 60, 11
82, 34, 60, 11
82, 35, 58, 11
82, 36, 57, 11
82, 34, 60, 11
82, 34, 60, 11
82, 36, 57, 11
82, 36, 57, 11
82, 35, 58, 11
82, 34, 60, 11
82, 36, 57, 11
82, 36, 57, 11
82, 35, 58, 11
82, 34, 60, 11
82, 35, 58, 11
82, 36, 57, 11
82, 35, 58, 11
82, 34, 60, 11
82, 35, 58, 11
82, 36, 57, 11
82, 35, 58, 11
82, 34, 60, 11
82, 35, 58, 11
82, 36, 57, 11
82, 35, 58, 11
82, 34, 60, 11
82, 36, 57, 11
82, 36, 57, 11
82, 36, 57, 11
82, 35, 58, 11
82, 36, 57, 11
82, 37, 56, 11
82, 37, 56, 11
82, 36, 57, 11
82, 37, 56, 11
82, 38, 55, 11
82, 37, 56, 11
82, 36, 57, 11
82, 37, 56, 11
82, 38, 55, 11
82, 37, 56, 11
82, 36, 57, 11
82, 36, 57, 11
82, 38, 55, 11
82, 37, 56, 11
82, 36, 57, 11
82, 36, 57, 11
82, 37, 56, 11
82, 37, 56, 11
82, 36, 57, 11
82, 36, 57, 11
82, 38, 55, 11
82, 37, 56, 11
82, 36, 57, 11
82, 36, 57, 11
82, 37, 56, 11
82, 37, 56, 11
82, 35, 58, 11
82, 35, 58, 11
82, 36, 57, 11
82, 36, 57, 11
82, 35, 58, 11
82, 34, 60, 11
82, 35, 58, 11
82, 36, 57, 11
82, 34, 60, 11
82, 34, 60, 11
82, 34, 60, 11
82, 35, 58, 11
82, 34, 60, 11
82, 33, 61, 11
82, 34, 60, 11
82, 35, 58, 11
82, 34, 60, 11
82, 33, 61, 11
82, 34, 60, 11
27, 35, 0, 11
27, 34, 0, 11
27, 33, 0, 11
27, 33, 0, 11
27, 34, 0, 11
27, 34, 0, 11
27, 33, 0, 11
27, 32, 0, 11
27, 32, 0, 11
27, 32, 0, 11
27, 31, 0, 11
27, 30, 0, 11
27, 31, 0, 11
27, 31, 0, 11
27, 29, 0, 11
27, 27, 0, 11
27, 26, 1, 11
27, 25, 2, 11
27, 25, 2, 11
27, 24, 3, 11
27, 23, 5, 11
27, 21, 7, 11
27, 20, 8, 11
27, 18, 11, 11
27, 18, 11, 11
27, 17, 12, 11
27, 17, 12, 11
27, 16, 13, 11
27, 14, 16, 11
27, 12, 18, 11
27, 10, 21, 11
27, 9, 22, 11
27, 7, 25, 11
27, 6, 26, 11
27, 5, 27, 11
27, 4, 28, 11
27, 3, 30, 11
27, 2, 31, 11
27, 2, 31, 11
27, 2, 31, 11
27, 3, 30, 11
27, 3, 30, 11
27, 4, 28, 11
27, 4, 28, 11
27, 5, 27, 11
27, 5, 27, 11
27, 5, 27, 11
27, 6, 26, 11
27, 5, 27, 11
27, 5, 27, 11
27, 5, 27, 11
27, 4, 28, 11
27, 3, 30, 11
27, 2, 31, 11
27, 2, 31, 11
27, 1, 32, 11
27, 1, 32, 11
27, 0, 33, 11
27, 0, 33, 11
27, 0, 33, 11
27, 0, 33, 11
27, 0, 33, 11
27, 0, 33, 11
27, 0, 33, 11
27, 0, 33, 11
27, 0, 33, 11
27, 0, 33, 11
27, 0, 33, 11
27, 0, 33, 11
27, 0, 33, 11
27, 0, 33, 11
27, 0, 33, 11
27, 0, 33, 11
27, 0, 33, 11
27, 0, 33, 11
27, 0, 33, 11
27, 0, 33, 11
27, 0, 33, 11
27, 0, 33, 11
27, 0, 33, 11
27, 0, 33, 11
27, 0, 33, 11
27, 0, 33, 11
27, 0, 33, 11
27, 0, 33, 11
27, 0, 33, 11
27, 0, 33, 11
27, 0, 33, 11
27, 0, 33, 11
27, 0, 33, 11
27, 0, 33, 11
27, 0, 33, 11
27, 0, 33, 11
27, 0, 33, 11
27, 0, 33, 11
27, 0, 33, 11
27, 0, 33, 11
27, 0, 33, 11
27, 0, 33, 11
27, 0, 33, 11
27, 0, 33, 11
27, 0, 33, 11
27, 0, 33, 11
27, 0, 33, 11
27, 0, 33, 11
27, 0, 33, 11
27, 0, 33, 11
27, 0, 33, 11
27, 0, 33, 11
27, 0, 33, 11
27, 0, 33, 11
27, 0, 33, 11
27, 0, 33, 11
27, 0, 33, 11
27, 0, 33, 11
27, 0, 33, 11
27, 0, 33, 11
27, 0, 33, 11
27, 0, 33, 11
27, 0, 33, 11
27, 0, 33, 11
27, 0, 33, 11
27, 0, 33, 11
27, 0, 33, 11
27, 0, 33, 11
27, 0, 33, 11
27, 0, 33, 11
27, 0, 33, 11
27, 0, 33, 11
27, 0, 33, 11
27, 0, 33, 11
27, 0, 33, 11
27, 0, 33, 11
27, 0, 33, 11
27, 0, 33, 11
27, 0, 33, 11
27, 0, 33, 11
27, 0, 33, 11
27, 0, 33, 11
27, 0, 33, 11
27, 0, 33, 11
27, 0, 33, 11
53, 0, 66, 11
53, 0, 66, 11
53, 0, 66, 11
53, 0, 66, 11
53, 0, 66, 11
53, 1, 65, 11
53, 1, 65, 11
53, 2, 63, 11
53, 3, 62, 11
53, 4, 61, 11
53, 4, 61, 11
53, 5, 60, 11
53, 6, 58, 11
53, 6, 58, 11
53, 7, 57, 11
53, 8, 56, 11
53, 9, 55, 11
53, 10, 53, 11
53, 10, 53, 11
53, 11, 52, 11
53, 11, 52, 11
53, 12, 51, 11
53, 14, 48, 11
53, 16, 46, 11
53, 18, 43, 11
53, 18, 43, 11
53, 19, 42, 11
53, 19, 42, 11
53, 19, 42, 11
53, 20, 41, 11
53, 21, 40, 11
53, 22, 38, 11
53, 22, 38, 11
53, 22, 38, 11
53, 20, 41, 11
53, 20, 41, 11
53, 20, 41, 11
53, 21, 40, 11
53, 22, 38, 11
53, 22, 38, 11
53, 21, 40, 11
53, 19, 42, 11
53, 19, 42, 11
53, 19, 42, 11
53, 20, 41, 11
53, 21, 40, 11
53, 21, 40, 11
53, 20, 41, 11
53, 19, 42, 11
53, 18, 43, 11
53, 18, 43, 11
53, 19, 42, 11
53, 20, 41, 11
53, 20, 41, 11
53, 20, 41, 11
53, 18, 43, 11
53, 18, 43, 11
53, 17, 45, 11
53, 17, 45, 11
53, 18, 43, 11
53, 19, 42, 11
53, 19, 42, 11
53, 18, 43, 11
53, 17, 45, 11
53, 17, 45, 11
53, 17, 45, 11
53, 17, 45, 11
53, 18, 43, 11
53, 18, 43, 11
53, 19, 42, 11
53, 18, 43, 11
53, 18, 43, 11
53, 17, 45, 11
53, 17, 45, 11
53, 17, 45, 11
53, 17, 45, 11
53, 19, 42, 11
53, 19, 42, 11
53, 18, 43, 11
53, 18, 43, 11
53, 17, 45, 11
53, 17, 45, 11
53, 18, 43, 11
53, 18, 43, 11
53, 19, 42, 11
53, 20, 41, 11
53, 19, 42, 11
53, 18, 43, 11
53, 18, 43, 11
53, 18, 43, 11
53, 18, 43, 11
53, 19, 42, 11
53, 20, 41, 11
53, 20, 41, 11
53, 19, 42, 11
53, 18, 43, 11
53, 18, 43, 11
53, 18, 43, 11
53, 18, 43, 11
53, 19, 42, 11
53, 19, 42, 11
53, 19, 42, 11
53, 18, 43, 11
53, 18, 43, 11
53, 17, 45, 11
53, 17, 45, 11
53, 17, 45, 11
53, 18, 43, 11
53, 18, 43, 11
53, 18, 43, 11
53, 18, 43, 11
53, 17, 45, 11
53, 17, 45, 11
53, 17, 45, 11
53, 17, 45, 11
53, 18, 43, 11
53, 18, 43, 11
53, 18, 43, 11
53, 18, 43, 11
53, 17, 45, 11
53, 17, 45, 11
53, 17, 45, 11
53, 17, 45, 11
53, 18, 43, 11
53, 19, 42, 11
53, 19, 42, 11
53, 19, 42, 11
53, 18, 43, 11
53, 18, 43, 11
53, 18, 43, 11
53, 18, 43, 11
53, 18, 43, 11
53, 19, 42, 11
53, 19, 42, 11
53, 19, 42, 11
53, 18, 43, 11
53, 18, 43, 11
53, 18, 43, 11
53, 18, 43, 11
53, 18, 43, 11
53, 19, 42, 11
57, 19, 47, 11
57, 19, 47, 11
57, 18, 48, 11
57, 17, 50, 11
57, 17, 50, 11
57, 17, 50, 11
57, 17, 50, 11
57, 18, 48, 11
57, 19, 47, 11
57, 19, 47, 11
57, 18, 48, 11
57, 18, 48, 11
57, 18, 48, 11
57, 18, 48, 11
57, 19, 47, 11
57, 20, 46, 11
57, 21, 45, 11
57, 20, 46, 11
57, 19, 47, 11
57, 19, 47, 11
57, 19, 47, 11
57, 19, 47, 11
57, 20, 46, 11
57, 21, 45, 11
57, 21, 45, 11
57, 20, 46, 11
57, 19, 47, 11
57, 19, 47, 11
57, 20, 46, 11
57, 21, 45, 11
57, 22, 43, 11
57, 22, 43, 11
57, 21, 45, 11
57, 20, 46, 11
57, 20, 46, 11
57, 20, 46, 11
57, 22, 43, 11
57, 23, 42, 11
57, 23, 42, 11
57, 22, 43, 11
57, 20, 46, 11
57, 19, 47, 11
57, 20, 46, 11
57, 22, 43, 11
57, 22, 43, 11
57, 22, 43, 11
57, 21, 45, 11
57, 20, 46, 11
57, 19, 47, 11
57, 20, 46, 11
57, 21, 45, 11
57, 22, 43, 11
57, 22, 43, 11
57, 20, 46, 11
57, 20, 46, 11
57, 19, 47, 11
57, 20, 46, 11
57, 22, 43, 11
57, 22, 43, 11
57, 22, 43, 11
57, 21, 45, 11
57, 20, 46, 11
57, 20, 46, 11
57, 21, 45, 11
57, 22, 43, 11
57, 23, 42, 11
57, 22, 43, 11
57, 21, 45, 11
57, 20, 46, 11
57, 19, 47, 11
57, 20, 46, 11
57, 21, 45, 11
57, 22, 43, 11
57, 22, 43, 11
57, 20, 46, 11
57, 19, 47, 11
57, 19, 47, 11
57, 20, 46, 11
57, 21, 45, 11
57, 22, 43, 11
57, 22, 43, 11
57, 20, 46, 11
57, 20, 46, 11
57, 19, 47, 11
57, 20, 46, 11
57, 22, 43, 11
57, 22, 43, 11
57, 22, 43, 11
57, 21, 45, 11
57, 20, 46, 11
57, 20, 46, 11
57, 21, 45, 11
57, 22, 43, 11
57, 23, 42, 11
57, 22, 43, 11
57, 21, 45, 11
57, 20, 46, 11
57, 19, 47, 11
57, 20, 46, 11
57, 21, 45, 11
57, 22, 43, 11
57, 22, 43, 11
57, 20, 46, 11
57, 19, 47, 11
57, 19, 47, 11
57, 20, 46, 11
57, 21, 45, 11
57, 22, 43, 11
57, 21, 45, 11
57, 20, 46, 11
57, 19, 47, 11
57, 19, 47, 11
57, 20, 46, 11
57, 21, 45, 11
57, 22, 43, 11
57, 22, 43, 11
57, 20, 46, 11
57, 19, 47, 11
57, 19, 47, 11
57, 20, 46, 11
57, 22, 43, 11
57, 22, 43, 11
57, 22, 43, 11
57, 20, 46, 11
57, 19, 47, 11
57, 19, 47, 11
57, 20, 46, 11
57, 21, 45, 11
57, 22, 43, 11
57, 21, 45, 11
57, 20, 46, 11
57, 19, 47, 11
57, 19, 47, 11
57, 20, 46, 11
57, 21, 45, 11
57, 22, 43, 11
57, 22, 43, 11
57, 20, 46, 11
57, 19, 47, 11
57, 19, 47, 11
57, 20, 46, 11
59, 22, 46, 11
59, 22, 46, 11
59, 22, 46, 11
59, 20, 48, 11
59, 19, 50, 11
59, 19, 50, 11
59, 20, 48, 11
59, 21, 47, 11
59, 21, 47, 11
59, 21, 47, 11
59, 20, 48, 11
59, 19, 50, 11
59, 18, 51, 11
59, 19, 50, 11
59, 20, 48, 11
59, 21, 47, 11
59, 21, 47, 11
59, 20, 48, 11
59, 19, 50, 11
59, 19, 50, 11
59, 19, 50, 11
59, 20, 48, 11
59, 22, 46, 11
59, 22, 46, 11
59, 21, 47, 11
59, 20, 48, 11
59, 19, 50, 11
59, 20, 48, 11
59, 21, 47, 11
59, 23, 45, 11
59, 23, 45, 11
59, 22, 46, 11
59, 21, 47, 11
59, 20, 48, 11
59, 21, 47, 11
59, 22, 46, 11
59, 23, 45, 11
59, 23, 45, 11
59, 22, 46, 11
59, 21, 47, 11
59, 20, 48, 11
59, 21, 47, 11
59, 23, 45, 11
59, 23, 45, 11
59, 23, 45, 11
59, 22, 46, 11
59, 21, 47, 11
59, 21, 47, 11
59, 23, 45, 11
59, 24, 43, 11
59, 24, 43, 11
59, 23, 45, 11
59, 21, 47, 11
59, 21, 47, 11
59, 21, 47, 11
59, 22, 46, 11
59, 23, 45, 11
59, 23, 45, 11
59, 21, 47, 11
59, 20, 48, 11
59, 20, 48, 11
59, 21, 47, 11
59, 22, 46, 11
59, 23, 45, 11
59, 22, 46, 11
59, 21, 47, 11
59, 20, 48, 11
59, 21, 47, 11
59, 22, 46, 11
59, 23, 45, 11
59, 23, 45, 11
59, 22, 46, 11
59, 21, 47, 11
59, 21, 47, 11
59, 22, 46, 11
59, 23, 45, 11
59, 23, 45, 11
59, 23, 45, 11
59, 21, 47, 11
59, 20, 48, 11
59, 20, 48, 11
59, 21, 47, 11
59, 22, 46, 11
59, 23, 45, 11
59, 22, 46, 11
59, 21, 47, 11
59, 20, 48, 11
59, 21, 47, 11
59, 22, 46, 11
59, 23, 45, 11
59, 23, 45, 11
59, 21, 47, 11
59, 20, 48, 11
59, 20, 48, 11
59, 21, 47, 11
59, 23, 45, 11
59, 23, 45, 11
59, 23, 45, 11
59, 22, 46, 11
59, 21, 47, 11
59, 21, 47, 11
59, 22, 46, 11
59, 23, 45, 11
59, 24, 43, 11
59, 23, 45, 11
59, 21, 47, 11
59, 21, 47, 11
59, 21, 47, 11
59, 22, 46, 11
59, 23, 45, 11
59, 23, 45, 11
59, 21, 47, 11
59, 20, 48, 11
59, 20, 48, 11
59, 21, 47, 11
59, 23, 45, 11
59, 23, 45, 11
59, 23, 45, 11
59, 21, 47, 11
59, 21, 47, 11
59, 21, 47, 11
59, 22, 46, 11
59, 23, 45, 11
59, 23, 45, 11
59, 22, 46, 11
59, 20, 48, 11
59, 20, 48, 11
59, 20, 48, 11
59, 22, 46, 11
59, 22, 46, 11
59, 22, 46, 11
59, 21, 47, 11
59, 20, 48, 11
59, 20, 48, 11
59, 21, 47, 11
59, 23, 45, 11
59, 23, 45, 11
59, 23, 45, 11
59, 21, 47, 11
59, 20, 48, 11
59, 20, 48, 11
80, 21, 73, 11
80, 22, 72, 11
80, 23, 71, 11
80, 22, 72, 11
80, 20, 75, 11
80, 20, 75, 11
80, 21, 73, 11
80, 23, 71, 11
80, 24, 70, 11
80, 24, 70, 11
80, 23, 71, 11
80, 24, 70, 11
80, 24, 70, 11
80, 26, 67, 11
80, 28, 65, 11
80, 29, 63, 11
80, 29, 63, 11
80, 29, 63, 11
80, 29, 63, 11
80, 31, 61, 11
80, 32, 60, 11
80, 32, 60, 11
80, 32, 60, 11
80, 33, 58, 11
80, 34, 57, 11
80, 33, 58, 11
80, 33, 58, 11
80, 34, 57, 11
80, 35, 56, 11
80, 35, 56, 11
80, 34, 57, 11
80, 35, 56, 11
80, 36, 55, 11
80, 36, 55, 11
80, 35, 56, 11
80, 35, 56, 11
80, 37, 53, 11
80, 36, 55, 11
80, 35, 56, 11
80, 35, 56, 11
80, 36, 55, 11
80, 35, 56, 11
80, 34, 57, 11
80, 34, 57, 11
80, 35, 56, 11
80, 35, 56, 11
80, 34, 57, 11
80, 33, 58, 11
80, 34, 57, 11
80, 35, 56, 11
80, 34, 57, 11
80, 33, 58, 11
80, 34, 57, 11
80, 35, 56, 11
80, 34, 57, 11
80, 34, 57, 11
80, 34, 57, 11
80, 36, 55, 11
80, 35, 56, 11
80, 34, 57, 11
80, 35, 56, 11
80, 36, 55, 11
80, 36, 55, 11
80, 35, 56, 11
80, 35, 56, 11
80, 36, 55, 11
80, 36, 55, 11
80, 34, 57, 11
80, 34, 57, 11
80, 34, 57, 11
80, 35, 56, 11
80, 34, 57, 11
80, 33, 58, 11
80, 33, 58, 11
80, 35, 56, 11
80, 34, 57, 11
80, 33, 58, 11
80, 34, 57, 11
80, 35, 56, 11
80, 35, 56, 11
80, 35, 56, 11
80, 35, 56, 11
80, 36, 55, 11
80, 36, 55, 11
80, 35, 56, 11
80, 34, 57, 11
80, 35, 56, 11
80, 35, 56, 11
80, 34, 57, 11
80, 33, 58, 11
80, 34, 57, 11
80, 35, 56, 11
80, 34, 57, 11
80, 33, 58, 11
80, 33, 58, 11
80, 34, 57, 11
80, 34, 57, 11
80, 33, 58, 11
80, 33, 58, 11
80, 33, 58, 11
80, 33, 58, 11
80, 32, 60, 11
80, 32, 60, 11
80, 32, 60, 11
80, 33, 58, 11
80, 32, 60, 11
80, 32, 60, 11
80, 32, 60, 11
80, 33, 58, 11
80, 34, 57, 11
80, 33, 58, 11
80, 33, 58, 11
80, 34, 57, 11
80, 35, 56, 11
80, 34, 57, 11
80, 34, 57, 11
80, 35, 56, 11
80, 35, 56, 11
80, 35, 56, 11
80, 34, 57, 11
80, 34, 57, 11
80, 36, 55, 11
80, 35, 56, 11
80, 34, 57, 11
80, 35, 56, 11
80, 36, 55, 11
80, 36, 55, 11
80, 35, 56, 11
80, 35, 56, 11
80, 36, 55, 11
80, 36, 55, 11
80, 34, 57, 11
80, 34, 57, 11
80, 35, 56, 11
80, 35, 56, 11
80, 34, 57, 11
80, 34, 57, 11
80, 34, 57, 11
80, 35, 56, 11
80, 35, 56, 11
80, 34, 57, 11
72, 35, 46, 11
72, 36, 45, 11
72, 36, 45, 11
72, 35, 46, 11
72, 35, 46, 11
72, 35, 46, 11
72, 35, 46, 11
72, 34, 47, 11
72, 34, 47, 11
72, 34, 47, 11
72, 34, 47, 11
72, 33, 48, 11
72, 32, 50, 11
72, 32, 50, 11
72, 32, 50, 11
72, 32, 50, 11
72, 31, 51, 11
72, 31, 51, 11
72, 31, 51, 11
72, 31, 51, 11
72, 30, 52, 11
72, 30, 52, 11
72, 30, 52, 11
72, 30, 52, 11
72, 30, 52, 11
72, 30, 52, 11
72, 29, 53, 11
72, 30, 52, 11
72, 30, 52, 11
72, 29, 53, 11
72, 29, 53, 11
72, 29, 53, 11
72, 29, 53, 11
72, 29, 53, 11
72, 29, 53, 11
72, 29, 53, 11
72, 29, 53, 11
72, 29, 53, 11
72, 29, 53, 11
72, 29, 53, 11
72, 29, 53, 11
72, 29, 53, 11
72, 29, 53, 11
72, 29, 53, 11
72, 30, 52, 11
72, 30, 52, 11
72, 30, 52, 11
72, 30, 52, 11
72, 30, 52, 11
72, 30, 52, 11
72, 30, 52, 11
72, 30, 52, 11
72, 29, 53, 11
72, 29, 53, 11
72, 29, 53, 11
72, 29, 53, 11
72, 29, 53, 11
72, 29, 53, 11
72, 29, 53, 11
72, 29, 53, 11
72, 29, 53, 11
72, 29, 53, 11
72, 30, 52, 11
72, 30, 52, 11
72, 30, 52, 11
72, 30, 52, 11
72, 30, 52, 11
72, 30, 52, 11
72, 30, 52, 11
72, 30, 52, 11
72, 30, 52, 11
72, 30, 52, 11
72, 29, 53, 11
72, 29, 53, 11
72, 29, 53, 11
72, 29, 53, 11
72, 29, 53, 11
72, 29, 53, 11
72, 29, 53, 11
72, 29, 53, 11
72, 29, 53, 11
72, 29, 53, 11
72, 29, 53, 11
72, 29, 53, 11
72, 30, 52, 11
72, 30, 52, 11
72, 30, 52, 11
72, 30, 52, 11
72, 30, 52, 11
72, 30, 52, 11
72, 30, 52, 11
72, 30, 52, 11
72, 30, 52, 11
72, 30, 52, 11
72, 30, 52, 11
72, 29, 53, 11
72, 29, 53, 11
72, 29, 53, 11
72, 29, 53, 11
72, 29, 53, 11
72, 29, 53, 11
72, 29, 53, 11
72, 29, 53, 11
72, 30, 52, 11
72, 30, 52, 11
72, 30, 52, 11
72, 30, 52, 11
72, 30, 52, 11
72, 30, 52, 11
72, 30, 52, 11
72, 30, 52, 11
72, 30, 52, 11
72, 30, 52, 11
72, 30, 52, 11
72, 30, 52, 11
72, 29, 53, 11
72, 29, 53, 11
72, 29, 53, 11
72, 29, 53, 11
72, 29, 53, 11
72, 29, 53, 11
72, 29, 53, 11
72, 29, 53, 11
72, 29, 53, 11
72, 29, 53, 11
72, 29, 53, 11
72, 29, 53, 11
72, 30, 52, 11
72, 30, 52, 11
72, 30, 52, 11
72, 30, 52, 11
72, 30, 52, 11
72, 30, 52, 11
72, 30, 52, 11
72, 30, 52, 11
72, 30, 52, 11
72, 30, 52, 11
72, 29, 53, 11
72, 29, 53, 11
72, 29, 53, 11
72, 29, 53, 11
73, 29, 55, 11
73, 29, 55, 11
73, 29, 55, 11
73, 29, 55, 11
73, 29, 55, 11
73, 29, 55, 11
73, 30, 53, 11
73, 30, 53, 11
73, 30, 53, 11
73, 30, 53, 11
73, 30, 53, 11
73, 30, 53, 11
73, 30, 53, 11
73, 30, 53, 11
73, 29, 55, 11
73, 29, 55, 11
73, 29, 55, 11
73, 29, 55, 11
73, 29, 55, 11
73, 29, 55, 11
73, 29, 55, 11
73, 30, 53, 11
73, 29, 55, 11
73, 30, 53, 11
73, 30, 53, 11
73, 30, 53, 11
73, 30, 53, 11
73, 31, 52, 11
73, 31, 52, 11
73, 31, 52, 11
73, 31, 52, 11
73, 31, 52, 11
73, 31, 52, 11
73, 31, 52, 11
73, 31, 52, 11
73, 31, 52, 11
73, 31, 52, 11
73, 30, 53, 11
73, 30, 53, 11
73, 30, 53, 11
73, 30, 53, 11
73, 29, 55, 11
73, 29, 55, 11
73, 29, 55, 11
73, 30, 53, 11
73, 30, 53, 11
73, 30, 53, 11
73, 30, 53, 11
73, 30, 53, 11
73, 31, 52, 11
73, 31, 52, 11
73, 31, 52, 11
73, 31, 52, 11
73, 31, 52, 11
73, 31, 52, 11
73, 31, 52, 11
73, 31, 52, 11
73, 31, 52, 11
73, 30, 53, 11
73, 30, 53, 11
73, 30, 53, 11
73, 30, 53, 11
73, 30, 53, 11
73, 30, 53, 11
73, 30, 53, 11
73, 30, 53, 11
73, 30, 53, 11
73, 30, 53, 11
73, 30, 53, 11
73, 30, 53, 11
73, 30, 53, 11
73, 30, 53, 11
73, 30, 53, 11
73, 30, 53, 11
73, 30, 53, 11
73, 30, 53, 11
73, 30, 53, 11
73, 30, 53, 11
73, 30, 53, 11
73, 30, 53, 11
73, 30, 53, 11
73, 30, 53, 11
73, 30, 53, 11
73, 30, 53, 11
73, 30, 53, 11
73, 30, 53, 11
73, 30, 53, 11
73, 29, 55, 11
73, 29, 55, 11
73, 30, 53, 11
73, 30, 53, 11
73, 30, 53, 11
73, 30, 53, 11
73, 30, 53, 11
73, 30, 53, 11
73, 30, 53, 11
73, 30, 53, 11
73, 31, 52, 11
73, 31, 52, 11
73, 31, 52, 11
73, 30, 53, 11
73, 31, 52, 11
73, 30, 53, 11
73, 30, 53, 11
73, 30, 53, 11
73, 30, 53, 11
73, 29, 55, 11
73, 29, 55, 11
73, 29, 55, 11
73, 29, 55, 11
73, 29, 55, 11
73, 29, 55, 11
73, 30, 53, 11
73, 30, 53, 11
73, 30, 53, 11
73, 30, 53, 11
73, 30, 53, 11
73, 30, 53, 11
73, 30, 53, 11
73, 31, 52, 11
73, 31, 52, 11
73, 30, 53, 11
73, 30, 53, 11
73, 30, 53, 11
73, 30, 53, 11
73, 30, 53, 11
73, 30, 53, 11
73, 30, 53, 11
73, 30, 53, 11
73, 30, 53, 11
73, 30, 53, 11
73, 30, 53, 11
73, 30, 53, 11
73, 30, 53, 11
73, 30, 53, 11
73, 30, 53, 11
73, 29, 55, 11
73, 30, 53, 11
73, 30, 53, 11
73, 30, 53, 11
73, 30, 53, 11
39, 30, 11, 11
39, 30, 11, 11
39, 30, 11, 11
39, 30, 11, 11
39, 30, 11, 11
39, 30, 11, 11
39, 30, 11, 11
39, 29, 12, 11
39, 29, 12, 11
39, 29, 12, 11
39, 29, 12, 11
39, 28, 13, 11
39, 26, 16, 11
39, 26, 16, 11
39, 25, 17, 11
39, 25, 17, 11
39, 25, 17, 11
39, 24, 18, 11
39, 22, 21, 11
39, 20, 23, 11
39, 19, 25, 11
39, 19, 25, 11
39, 18, 26, 11
39, 17, 27, 11
39, 16, 28, 11
39, 14, 31, 11
39, 12, 33, 11
39, 11, 35, 11
39, 11, 35, 11
39, 11, 35, 11
39, 11, 35, 11
39, 11, 35, 11
39, 11, 35, 11
39, 12, 33, 11
39, 12, 33, 11
39, 12, 33, 11
39, 12, 33, 11
39, 11, 35, 11
39, 10, 36, 11
39, 9, 37, 11
39, 8, 38, 11
39, 7, 40, 11
39, 6, 41, 11
39, 6, 41, 11
39, 6, 41, 11
39, 7, 40, 11
39, 7, 40, 11
39, 8, 38, 11
39, 10, 36, 11
39, 11, 35, 11
39, 12, 33, 11
39, 12, 33, 11
39, 12, 33, 11
39, 11, 35, 11
39, 11, 35, 11
39, 9, 37, 11
39, 9, 37, 11
39, 8, 38, 11
39, 8, 38, 11
39, 8, 38, 11
39, 8, 38, 11
39, 9, 37, 11
39, 10, 36, 11
39, 11, 35, 11
39, 12, 33, 11
39, 12, 33, 11
39, 12, 33, 11
39, 12, 33, 11
39, 11, 35, 11
39, 10, 36, 11
39, 9, 37, 11
39, 9, 37, 11
39, 9, 37, 11
39, 9, 37, 11
39, 9, 37, 11
39, 9, 37, 11
39, 10, 36, 11
39, 11, 35, 11
39, 12, 33, 11
39, 13, 32, 11
39, 13, 32, 11
39, 13, 32, 11
39, 12, 33, 11
39, 11, 35, 11
39, 10, 36, 11
39, 9, 37, 11
39, 8, 38, 11
39, 8, 38, 11
39, 8, 38, 11
39, 8, 38, 11
39, 8, 38, 11
39, 9, 37, 11
39, 10, 36, 11
39, 11, 35, 11
39, 12, 33, 11
39, 12, 33, 11
39, 12, 33, 11
39, 11, 35, 11
39, 10, 36, 11
39, 10, 36, 11
39, 9, 37, 11
39, 8, 38, 11
39, 8, 38, 11
39, 8, 38, 11
39, 8, 38, 11
39, 9, 37, 11
39, 9, 37, 11
39, 10, 36, 11
39, 11, 35, 11
39, 12, 33, 11
39, 12, 33, 11
39, 12, 33, 11
39, 11, 35, 11
39, 10, 36, 11
39, 9, 37, 11
39, 9, 37, 11
39, 8, 38, 11
39, 8, 38, 11
39, 8, 38, 11
39, 9, 37, 11
39, 9, 37, 11
39, 10, 36, 11
39, 11, 35, 11
39, 12, 33, 11
39, 12, 33, 11
39, 12, 33, 11
39, 11, 35, 11
39, 11, 35, 11
39, 9, 37, 11
39, 9, 37, 11
39, 8, 38, 11
39, 8, 38, 11
39, 8, 38, 11
39, 8, 38, 11
39, 9, 37, 11
39, 9, 37, 11
39, 10, 36, 11
39, 11, 35, 11
39, 12, 33, 11
39, 13, 32, 11
39, 12, 33, 11
49, 12, 46, 11
49, 10, 48, 11
49, 10, 48, 11
49, 9, 50, 11
49, 9, 50, 11
49, 9, 50, 11
49, 9, 50, 11
49, 9, 50, 11
49, 10, 48, 11
49, 10, 48, 11
49, 12, 46, 11
49, 12, 46, 11
49, 13, 45, 11
49, 13, 45, 11
49, 13, 45, 11
49, 13, 45, 11
49, 13, 45, 11
49, 13, 45, 11
49, 13, 45, 11
49, 13, 45, 11
49, 13, 45, 11
49, 14, 43, 11
49, 14, 43, 11
49, 15, 42, 11
49, 16, 41, 11
49, 16, 41, 11
49, 16, 41, 11
49, 16, 41, 11
49, 16, 41, 11
49, 16, 41, 11
49, 16, 41, 11
49, 17, 40, 11
49, 17, 40, 11
49, 17, 40, 11
49, 17, 40, 11
49, 17, 40, 11
49, 17, 40, 11
49, 17, 40, 11
49, 17, 40, 11
49, 17, 40, 11
49, 17, 40, 11
49, 17, 40, 11
49, 16, 41, 11
49, 16, 41, 11
49, 16, 41, 11
49, 16, 41, 11
49, 16, 41, 11
49, 16, 41, 11
49, 16, 41, 11
49, 16, 41, 11
49, 15, 42, 11
49, 15, 42, 11
49, 15, 42, 11
49, 15, 42, 11
49, 15, 42, 11
49, 15, 42, 11
49, 14, 43, 11
49, 14, 43, 11
49, 14, 43, 11
49, 14, 43, 11
49, 14, 43, 11
49, 14, 43, 11
49, 14, 43, 11
49, 14, 43, 11
49, 15, 42, 11
49, 15, 42, 11
49, 15, 42, 11
49, 15, 42, 11
49, 15, 42, 11
49, 15, 42, 11
49, 15, 42, 11
49, 16, 41, 11
49, 16, 41, 11
49, 16, 41, 11
49, 16, 41, 11
49, 16, 41, 11
49, 16, 41, 11
49, 16, 41, 11
49, 16, 41, 11
49, 16, 41, 11
49, 16, 41, 11
49, 16, 41, 11
49, 16, 41, 11
49, 16, 41, 11
49, 16, 41, 11
49, 16, 41, 11
49, 16, 41, 11
49, 16, 41, 11
49, 16, 41, 11
49, 16, 41, 11
49, 15, 42, 11
49, 15, 42, 11
49, 15, 42, 11
49, 15, 42, 11
49, 15, 42, 11
49, 15, 42, 11
49, 16, 41, 11
49, 16, 41, 11
49, 16, 41, 11
49, 15, 42, 11
49, 16, 41, 11
49, 16, 41, 11
49, 16, 41, 11
49, 16, 41, 11
49, 16, 41, 11
49, 16, 41, 11
49, 16, 41, 11
49, 16, 41, 11
49, 16, 41, 11
49, 16, 41, 11
49, 16, 41, 11
49, 16, 41, 11
49, 16, 41, 11
49, 16, 41, 11
49, 16, 41, 11
49, 16, 41, 11
49, 16, 41, 11
49, 16, 41, 11
49, 16, 41, 11
49, 16, 41, 11
49, 16, 41, 11
49, 16, 41, 11
49, 16, 41, 11
49, 16, 41, 11
49, 16, 41, 11
49, 16, 41, 11
49, 16, 41, 11
49, 15, 42, 11
49, 15, 42, 11
49, 15, 42, 11
49, 15, 42, 11
49, 15, 42, 11
49, 16, 41, 11
49, 16, 41, 11
49, 16, 41, 11
49, 16, 41, 11
49, 15, 42, 11
49, 16, 41, 11
49, 15, 42, 11
49, 16, 41, 11
49, 16, 41, 11
27, 16, 13, 11
27, 16, 13, 11
27, 16, 13, 11
27, 16, 13, 11
27, 16, 13, 11
27, 16, 13, 11
27, 16, 13, 11
27, 16, 13, 11
27, 16, 13, 11
27, 15, 15, 11
27, 15, 15, 11
27, 14, 16, 11
27, 13, 17, 11
27, 11, 20, 11
27, 10, 21, 11
27, 9, 22, 11
27, 8, 23, 11
27, 7, 25, 11
27, 6, 26, 11
27, 6, 26, 11
27, 5, 27, 11
27, 5, 27, 11
27, 5, 27, 11
27, 6, 26, 11
27, 6, 26, 11
27, 6, 26, 11
27, 6, 26, 11
27, 6, 26, 11
27, 5, 27, 11
27, 4, 28, 11
27, 3, 30, 11
27, 2, 31, 11
27, 2, 31, 11
27, 1, 32, 11
27, 0, 33, 11
27, 0, 33, 11
27, 0, 33, 11
27, 0, 33, 11
27, 0, 33, 11
27, 0, 33, 11
27, 0, 33, 11
27, 0, 33, 11
27, 0, 33, 11
27, 1, 32, 11
27, 1, 32, 11
27, 1, 32, 11
27, 0, 33, 11
27, 0, 33, 11
27, 0, 33, 11
27, 0, 33, 11
27, 0, 33, 11
27, 0, 33, 11
27, 0, 33, 11
27, 0, 33, 11
27, 0, 33, 11
27, 0, 33, 11
27, 0, 33, 11
27, 0, 33, 11
27, 0, 33, 11
27, 0, 33, 11
27, 0, 33, 11
27, 0, 33, 11
27, 0, 33, 11
27, 0, 33, 11
27, 0, 33, 11
27, 0, 33, 11
27, 0, 33, 11
27, 0, 33, 11
27, 0, 33, 11
27, 0, 33, 11
27, 0, 33, 11
27, 0, 33, 11
27, 0, 33, 11
27, 0, 33, 11
27, 0, 33, 11
27, 0, 33, 11
27, 0, 33, 11
27, 0, 33, 11
27, 0, 33, 11
27, 0, 33, 11
27, 0, 33, 11
27, 0, 33, 11
27, 0, 33, 11
27, 0, 33, 11
27, 0, 33, 11
27, 0, 33, 11
27, 0, 33, 11
27, 0, 33, 11
27, 0, 33, 11
27, 0, 33, 11
27, 0, 33, 11
27, 0, 33, 11
27, 0, 33, 11
27, 0, 33, 11
27, 0, 33, 11
27, 0, 33, 11
27, 0, 33, 11
27, 0, 33, 11
27, 0, 33, 11
27, 0, 33, 11
27, 0, 33, 11
27, 0, 33, 11
27, 0, 33, 11
27, 0, 33, 11
27, 0, 33, 11
27, 0, 33, 11
27, 0, 33, 11
27, 0, 33, 11
27, 0, 33, 11
27, 0, 33, 11
27, 0, 33, 11
27, 0, 33, 11
27, 0, 33, 11
27, 0, 33, 11
27, 0, 33, 11
27, 0, 33, 11
27, 0, 33, 11
27, 0, 33, 11
27, 0, 33, 11
27, 0, 33, 11
27, 0, 33, 11
27, 0, 33, 11
27, 0, 33, 11
27, 0, 33, 11
27, 0, 33, 11
27, 0, 33, 11
27, 0, 33, 11
27, 0, 33, 11
27, 0, 33, 11
27, 0, 33, 11
27, 0, 33, 11
27, 0, 33, 11
27, 0, 33, 11
27, 0, 33, 11
27, 0, 33, 11
27, 0, 33, 11
27, 0, 33, 11
27, 0, 33, 11
27, 0, 33, 11
27, 0, 33, 11
27, 0, 33, 11
27, 0, 33, 11
70, 0, 87, 11
70, 0, 87, 11
70, 0, 87, 11
70, 0, 87, 11
70, 1, 86, 11
70, 2, 85, 11
70, 3, 83, 11
70, 3, 83, 11
70, 4, 82, 11
70, 5, 81, 11
70, 6, 80, 11
70, 8, 77, 11
70, 10, 75, 11
70, 12, 72, 11
70, 13, 71, 11
70, 14, 70, 11
70, 16, 67, 11
70, 18, 65, 11
70, 20, 62, 11
70, 22, 60, 11
70, 24, 57, 11
70, 25, 56, 11
70, 26, 55, 11
70, 27, 53, 11
70, 28, 52, 11
70, 30, 50, 11
70, 31, 48, 11
70, 31, 48, 11
70, 31, 48, 11
70, 32, 47, 11
70, 32, 47, 11
70, 32, 47, 11
70, 32, 47, 11
70, 32, 47, 11
70, 32, 47, 11
70, 32, 47, 11
70, 31, 48, 11
70, 31, 48, 11
70, 31, 48, 11
70, 31, 48, 11
70, 30, 50, 11
70, 30, 50, 11
70, 30, 50, 11
70, 30, 50, 11
70, 29, 51, 11
70, 28, 52, 11
70, 29, 51, 11
70, 28, 52, 11
70, 28, 52, 11
70, 28, 52, 11
70, 28, 52, 11
70, 28, 52, 11
70, 28, 52, 11
70, 28, 52, 11
70, 28, 52, 11
70, 28, 52, 11
70, 28, 52, 11
70, 28, 52, 11
70, 28, 52, 11
70, 28, 52, 11
70, 28, 52, 11
70, 28, 52, 11
70, 28, 52, 11
70, 28, 52, 11
70, 28, 52, 11
70, 28, 52, 11
70, 28, 52, 11
70, 28, 52, 11
70, 28, 52, 11
70, 28, 52, 11
70, 28, 52, 11
70, 28, 52, 11
70, 28, 52, 11
70, 28, 52, 11
70, 28, 52, 11
70, 28, 52, 11
70, 28, 52, 11
70, 28, 52, 11
70, 28, 52, 11
70, 28, 52, 11
70, 28, 52, 11
70, 28, 52, 11
70, 28, 52, 11
70, 28, 52, 11
70, 28, 52, 11
70, 28, 52, 11
70, 28, 52, 11
70, 28, 52, 11
70, 28, 52, 11
70, 28, 52, 11
70, 28, 52, 11
70, 28, 52, 11
70, 28, 52, 11
70, 28, 52, 11
70, 28, 52, 11
70, 28, 52, 11
70, 28, 52, 11
70, 28, 52, 11
70, 28, 52, 11
70, 28, 52, 11
70, 29, 51, 11
70, 29, 51, 11
70, 29, 51, 11
70, 29, 51, 11
70, 29, 51, 11
70, 29, 51, 11
70, 29, 51, 11
70, 29, 51, 11
70, 29, 51, 11
70, 29, 51, 11
70, 29, 51, 11
70, 29, 51, 11
70, 29, 51, 11
70, 28, 52, 11
70, 28, 52, 11
70, 28, 52, 11
70, 28, 52, 11
70, 28, 52, 11
70, 28, 52, 11
70, 28, 52, 11
70, 28, 52, 11
70, 28, 52, 11
70, 28, 52, 11
70, 28, 52, 11
70, 28, 52, 11
70, 28, 52, 11
70, 28, 52, 11
70, 28, 52, 11
70, 29, 51, 11
70, 28, 52, 11
70, 29, 51, 11
70, 29, 51, 11
70, 29, 51, 11
70, 29, 51, 11
70, 29, 51, 11
70, 29, 51, 11
70, 29, 51, 11
70, 29, 51, 11
70, 29, 51, 11
70, 29, 51, 11
70, 29, 51, 11
23, 29, 0, 11
23, 29, 0, 11
23, 29, 0, 11
23, 29, 0, 11
23, 29, 0, 11
23, 28, 0, 11
23, 28, 0, 11
23, 27, 0, 11
23, 27, 0, 11
23, 27, 0, 11
23, 27, 0, 11
23, 26, 0, 11
23, 25, 0, 11
23, 23, 0, 11
23, 22, 1, 11
23, 21, 2, 11
23, 21, 2, 11
23, 20, 3, 11
23, 19, 5, 11
23, 17, 7, 11
23, 16, 8, 11
23, 15, 10, 11
23, 15, 10, 11
23, 15, 10, 11
23, 15, 10, 11
23, 15, 10, 11
23, 14, 11, 11
23, 13, 12, 11
23, 12, 13, 11
23, 11, 15, 11
23, 9, 17, 11
23, 8, 18, 11
23, 6, 21, 11
23, 5, 22, 11
23, 4, 23, 11
23, 2, 26, 11
23, 2, 26, 11
23, 1, 27, 11
23, 1, 27, 11
23, 0, 28, 11
23, 0, 28, 11
23, 0, 28, 11
23, 0, 28, 11
23, 0, 28, 11
23, 0, 28, 11
23, 0, 28, 11
23, 0, 28, 11
23, 0, 28, 11
23, 0, 28, 11
23, 0, 28, 11
23, 0, 28, 11
23, 0, 28, 11
23, 0, 28, 11
23, 0, 28, 11
23, 0, 28, 11
23, 0, 28, 11
23, 0, 28, 11
23, 0, 28, 11
23, 0, 28, 11
23, 0, 28, 11
23, 0, 28, 11
23, 0, 28, 11
23, 0, 28, 11
23, 0, 28, 11
23, 0, 28, 11
23, 0, 28, 11
23, 0, 28, 11
23, 0, 28, 11
23, 0, 28, 11
23, 0, 28, 11
23, 0, 28, 11
23, 0, 28, 11
23, 0, 28, 11
23, 0, 28, 11
23, 0, 28, 11
23, 0, 28, 11
23, 0, 28, 11
23, 0, 28, 11
23, 0, 28, 11
23, 0, 28, 11
23, 0, 28, 11
23, 0, 28, 11
23, 0, 28, 11
23, 0, 28, 11
23, 0, 28, 11
23, 0, 28, 11
23, 0, 28, 11
23, 0, 28, 11
23, 0, 28, 11
23, 0, 28, 11
23, 0, 28, 11
23, 0, 28, 11
23, 0, 28, 11
23, 0, 28, 11
23, 0, 28, 11
23, 0, 28, 11
23, 0, 28, 11
23, 0, 28, 11
23, 0, 28, 11
23, 0, 28, 11
23, 0, 28, 11
23, 0, 28, 11
23, 0, 28, 11
23, 0, 28, 11
23, 0, 28, 11
23, 0, 28, 11
23, 0, 28, 11
23, 0, 28, 11
23, 0, 28, 11
23, 0, 28, 11
23, 0, 28, 11
23, 0, 28, 11
23, 0, 28, 11
23, 0, 28, 11
23, 0, 28, 11
23, 0, 28, 11
23, 0, 28, 11
23, 0, 28, 11
23, 0, 28, 11
23, 0, 28, 11
23, 0, 28, 11
23, 0, 28, 11
23, 0, 28, 11
23, 0, 28, 11
23, 0, 28, 11
23, 0, 28, 11
23, 0, 28, 11
23, 0, 28, 11
23, 0, 28, 11
23, 0, 28, 11
23, 0, 28, 11
23, 0, 28, 11
23, 0, 28, 11
23, 0, 28, 11
23, 0, 28, 11
23, 0, 28, 11
23, 0, 28, 11
23, 0, 28, 11
23, 0, 28, 11
23, 0, 28, 11
23, 0, 28, 11
23, 0, 28, 11
89, 0, 111, 11
89, 0, 111, 11
89, 0, 111, 11
89, 0, 111, 11
89, 0, 111, 11
89, 1, 110, 11
89, 1, 110, 11
89, 2, 108, 11
89, 4, 106, 11
89, 5, 105, 11
89, 7, 102, 11
89, 9, 100, 11
89, 12, 96, 11
89, 14, 93, 11
89, 17, 90, 11
89, 21, 85, 11
89, 25, 80, 11
89, 27, 77, 11
89, 29, 75, 11
89, 32, 71, 11
89, 34, 68, 11
89, 36, 66, 11
89, 38, 63, 11
89, 39, 62, 11
89, 41, 60, 11
89, 41, 60, 11
89, 42, 58, 11
89, 43, 57, 11
89, 44, 56, 11
89, 44, 56, 11
89, 44, 56, 11
89, 45, 55, 11
89, 45, 55, 11
89, 45, 55, 11
89, 45, 55, 11
89, 44, 56, 11
89, 44, 56, 11
89, 44, 56, 11
89, 43, 57, 11
89, 43, 57, 11
89, 43, 57, 11
89, 41, 60, 11
89, 41, 60, 11
89, 41, 60, 11
89, 41, 60, 11
89, 40, 61, 11
89, 40, 61, 11
89, 40, 61, 11
89, 40, 61, 11
89, 39, 62, 11
89, 40, 61, 11
89, 41, 60, 11
89, 40, 61, 11
89, 40, 61, 11
89, 40, 61, 11
89, 41, 60, 11
89, 40, 61, 11
89, 40, 61, 11
89, 41, 60, 11
89, 41, 60, 11
89, 40, 61, 11
89, 40, 61, 11
89, 41, 60, 11
89, 41, 60, 11
89, 40, 61, 11
89, 40, 61, 11
89, 41, 60, 11
89, 40, 61, 11
89, 40, 61, 11
89, 41, 60, 11
89, 41, 60, 11
89, 40, 61, 11
89, 40, 61, 11
89, 40, 61, 11
89, 40, 61, 11
89, 39, 62, 11
89, 39, 62, 11
89, 40, 61, 11
89, 39, 62, 11
89, 38, 63, 11
89, 38, 63, 11
89, 39, 62, 11
89, 38, 63, 11
89, 38, 63, 11
89, 38, 63, 11
89, 39, 62, 11
89, 38, 63, 11
89, 38, 63, 11
89, 39, 62, 11
89, 38, 63, 11
89, 38, 63, 11
89, 38, 63, 11
89, 39, 62, 11
89, 38, 63, 11
89, 38, 63, 11
89, 38, 63, 11
89, 39, 62, 11
89, 38, 63, 11
89, 38, 63, 11
89, 39, 62, 11
89, 39, 62, 11
89, 38, 63, 11
89, 38, 63, 11
89, 39, 62, 11
89, 39, 62, 11
89, 39, 62, 11
89, 39, 62, 11
89, 39, 62, 11
89, 39, 62, 11
89, 39, 62, 11
89, 39, 62, 11
89, 39, 62, 11
89, 39, 62, 11
89, 39, 62, 11
89, 40, 61, 11
89, 39, 62, 11
89, 39, 62, 11
89, 40, 61, 11
89, 40, 61, 11
89, 40, 61, 11
89, 40, 61, 11
89, 41, 60, 11
89, 40, 61, 11
89, 40, 61, 11
89, 40, 61, 11
89, 41, 60, 11
89, 40, 61, 11
89, 40, 61, 11
89, 40, 61, 11
89, 41, 60, 11
89, 40, 61, 11
89, 39, 62, 11
89, 40, 61, 11
89, 40, 61, 11
89, 39, 62, 11
89, 39, 62, 11
89, 40, 61, 11
89, 39, 62, 11
89, 39, 62, 11
89, 39, 62, 11
89, 39, 62, 11
78, 39, 48, 11
78, 38, 50, 11
78, 39, 48, 11
78, 39, 48, 11
78, 39, 48, 11
78, 39, 48, 11
78, 39, 48, 11
78, 38, 50, 11
78, 38, 50, 11
78, 38, 50, 11
78, 38, 50, 11
78, 37, 51, 11
78, 36, 52, 11
78, 37, 51, 11
78, 37, 51, 11
78, 36, 52, 11
78, 35, 53, 11
78, 36, 52, 11
78, 36, 52, 11
78, 35, 53, 11
78, 34, 55, 11
78, 35, 53, 11
78, 35, 53, 11
78, 33, 56, 11
78, 33, 56, 11
78, 34, 55, 11
78, 34, 55, 11
78, 33, 56, 11
78, 32, 57, 11
78, 33, 56, 11
78, 33, 56, 11
78, 32, 57, 11
78, 32, 57, 11
78, 32, 57, 11
78, 33, 56, 11
78, 32, 57, 11
78, 32, 57, 11
78, 32, 57, 11
78, 33, 56, 11
78, 33, 56, 11
78, 32, 57, 11
78, 32, 57, 11
78, 33, 56, 11
78, 34, 55, 11
78, 33, 56, 11
78, 33, 56, 11
78, 33, 56, 11
78, 34, 55, 11
78, 34, 55, 11
78, 33, 56, 11
78, 33, 56, 11
78, 34, 55, 11
78, 34, 55, 11
78, 33, 56, 11
78, 33, 56, 11
78, 34, 55, 11
78, 35, 53, 11
78, 34, 55, 11
78, 34, 55, 11
78, 34, 55, 11
78, 35, 53, 11
78, 35, 53, 11
78, 34, 55, 11
78, 34, 55, 11
78, 35, 53, 11
78, 35, 53, 11
78, 34, 55, 11
78, 33, 56, 11
78, 33, 56, 11
78, 34, 55, 11
78, 33, 56, 11
78, 32, 57, 11
78, 32, 57, 11
78, 33, 56, 11
78, 32, 57, 11
78, 32, 57, 11
78, 32, 57, 11
78, 33, 56, 11
78, 33, 56, 11
78, 32, 57, 11
78, 32, 57, 11
78, 33, 56, 11
78, 34, 55, 11
78, 34, 55, 11
78, 33, 56, 11
78, 33, 56, 11
78, 34, 55, 11
78, 34, 55, 11
78, 33, 56, 11
78, 33, 56, 11
78, 34, 55, 11
78, 35, 53, 11
78, 34, 55, 11
78, 33, 56, 11
78, 34, 55, 11
78, 35, 53, 11
78, 34, 55, 11
78, 33, 56, 11
78, 33, 56, 11
78, 34, 55, 11
78, 34, 55, 11
78, 33, 56, 11
78, 33, 56, 11
78, 33, 56, 11
78, 34, 55, 11
78, 33, 56, 11
78, 32, 57, 11
78, 32, 57, 11
78, 33, 56, 11
78, 33, 56, 11
78, 32, 57, 11
78, 31, 58, 11
78, 32, 57, 11
78, 33, 56, 11
78, 32, 57, 11
78, 32, 57, 11
78, 32, 57, 11
78, 33, 56, 11
78, 33, 56, 11
78, 32, 57, 11
78, 32, 57, 11
78, 33, 56, 11
78, 34, 55, 11
78, 33, 56, 11
78, 33, 56, 11
78, 33, 56, 11
78, 34, 55, 11
78, 34, 55, 11
78, 33, 56, 11
78, 33, 56, 11
78, 34, 55, 11
78, 34, 55, 11
78, 34, 55, 11
78, 34, 55, 11
78, 34, 55, 11
78, 35, 53, 11
78, 34, 55, 11
78, 33, 56, 11
78, 34, 55, 11
78, 34, 55, 11
78, 34, 55, 11
76, 33, 53, 11
76, 33, 53, 11
76, 33, 53, 11
76, 33, 53, 11
76, 32, 55, 11
76, 32, 55, 11
76, 32, 55, 11
76, 33, 53, 11
76, 32, 55, 11
76, 32, 55, 11
76, 32, 55, 11
76, 32, 55, 11
76, 32, 55, 11
76, 31, 56, 11
76, 31, 56, 11
76, 31, 56, 11
76, 32, 55, 11
76, 31, 56, 11
76, 31, 56, 11
76, 31, 56, 11
76, 32, 55, 11
76, 32, 55, 11
76, 31, 56, 11
76, 31, 56, 11
76, 32, 55, 11
76, 33, 53, 11
76, 32, 55, 11
76, 32, 55, 11
76, 32, 55, 11
76, 33, 53, 11
76, 33, 53, 11
76, 33, 53, 11
76, 33, 53, 11
76, 33, 53, 11
76, 34, 52, 11
76, 34, 52, 11
76, 33, 53, 11
76, 33, 53, 11
76, 34, 52, 11
76, 34, 52, 11
76, 33, 53, 11
76, 33, 53, 11
76, 33, 53, 11
76, 33, 53, 11
76, 32, 55, 11
76, 32, 55, 11
76, 32, 55, 11
76, 32, 55, 11
76, 32, 55, 11
76, 31, 56, 11
76, 31, 56, 11
76, 31, 56, 11
76, 31, 56, 11
76, 31, 56, 11
76, 31, 56, 11
76, 31, 56, 11
76, 31, 56, 11
76, 32, 55, 11
76, 31, 56, 11
76, 32, 55, 11
76, 32, 55, 11
76, 33, 53, 11
76, 33, 53, 11
76, 32, 55, 11
76, 32, 55, 11
76, 33, 53, 11
76, 33, 53, 11
76, 32, 55, 11
76, 32, 55, 11
76, 32, 55, 11
76, 33, 53, 11
76, 32, 55, 11
76, 32, 55, 11
76, 32, 55, 11
76, 32, 55, 11
76, 32, 55, 11
76, 32, 55, 11
76, 31, 56, 11
76, 31, 56, 11
76, 32, 55, 11
76, 32, 55, 11
76, 31, 56, 11
76, 31, 56, 11
76, 32, 55, 11
76, 32, 55, 11
76, 32, 55, 11
76, 32, 55, 11
76, 32, 55, 11
76, 33, 53, 11
76, 33, 53, 11
76, 32, 55, 11
76, 32, 55, 11
76, 33, 53, 11
76, 33, 53, 11
76, 33, 53, 11
76, 32, 55, 11
76, 33, 53, 11
76, 33, 53, 11
76, 33, 53, 11
76, 32, 55, 11
76, 32, 55, 11
76, 31, 56, 11
76, 32, 55, 11
76, 31, 56, 11
76, 30, 57, 11
76, 30, 57, 11
76, 30, 57, 11
76, 30, 57, 11
76, 29, 58, 11
76, 30, 57, 11
76, 30, 57, 11
76, 31, 56, 11
76, 31, 56, 11
76, 31, 56, 11
76, 31, 56, 11
76, 32, 55, 11
76, 33, 53, 11
76, 32, 55, 11
76, 33, 53, 11
76, 33, 53, 11
76, 33, 53, 11
76, 33, 53, 11
76, 33, 53, 11
76, 33, 53, 11
76, 34, 52, 11
76, 34, 52, 11
76, 33, 53, 11
76, 33, 53, 11
76, 33, 53, 11
76, 34, 52, 11
76, 34, 52, 11
76, 33, 53, 11
76, 33, 53, 11
76, 33, 53, 11
76, 33, 53, 11
76, 32, 55, 11
76, 32, 55, 11
76, 32, 55, 11
76, 32, 55, 11
76, 32, 55, 11
76, 31, 56, 11
85, 31, 67, 11
85, 31, 67, 11
85, 31, 67, 11
85, 31, 67, 11
85, 31, 67, 11
85, 31, 67, 11
85, 31, 67, 11
85, 32, 66, 11
85, 31, 67, 11
85, 31, 67, 11
85, 32, 66, 11
85, 33, 65, 11
85, 33, 65, 11
85, 33, 65, 11
85, 34, 63, 11
85, 35, 62, 11
85, 35, 62, 11
85, 35, 62, 11
85, 35, 62, 11
85, 37, 60, 11
85, 37, 60, 11
85, 36, 61, 11
85, 36, 61, 11
85, 38, 58, 11
85, 38, 58, 11
85, 36, 61, 11
85, 37, 60, 11
85, 38, 58, 11
85, 38, 58, 11
85, 37, 60, 11
85, 37, 60, 11
85, 38, 58, 11
85, 38, 58, 11
85, 37, 60, 11
85, 37, 60, 11
85, 39, 57, 11
85, 39, 57, 11
85, 37, 60, 11
85, 38, 58, 11
85, 39, 57, 11
85, 39, 57, 11
85, 38, 58, 11
85, 38, 58, 11
85, 39, 57, 11
85, 39, 57, 11
85, 37, 60, 11
85, 38, 58, 11
85, 39, 57, 11
85, 38, 58, 11
85, 37, 60, 11
85, 37, 60, 11
85, 38, 58, 11
85, 38, 58, 11
85, 36, 61, 11
85, 37, 60, 11
85, 38, 58, 11
85, 37, 60, 11
85, 36, 61, 11
85, 37, 60, 11
85, 38, 58, 11
85, 37, 60, 11
85, 36, 61, 11
85, 37, 60, 11
85, 38, 58, 11
85, 38, 58, 11
85, 37, 60, 11
85, 37, 60, 11
85, 39, 57, 11
85, 38, 58, 11
85, 37, 60, 11
85, 38, 58, 11
85, 39, 57, 11
85, 38, 58, 11
85, 37, 60, 11
85, 38, 58, 11
85, 39, 57, 11
85, 38, 58, 11
85, 37, 60, 11
85, 37, 60, 11
85, 38, 58, 11
85, 37, 60, 11
85, 36, 61, 11
85, 36, 61, 11
85, 37, 60, 11
85, 37, 60, 11
85, 35, 62, 11
85, 36, 61, 11
85, 37, 60, 11
85, 37, 60, 11
85, 36, 61, 11
85, 36, 61, 11
85, 38, 58, 11
85, 37, 60, 11
85, 36, 61, 11
85, 37, 60, 11
85, 38, 58, 11
85, 37, 60, 11
85, 36, 61, 11
85, 37, 60, 11
85, 38, 58, 11
85, 37, 60, 11
85, 36, 61, 11
85, 38, 58, 11
85, 38, 58, 11
85, 37, 60, 11
85, 37, 60, 11
85, 38, 58, 11
85, 39, 57, 11
85, 38, 58, 11
85, 37, 60, 11
85, 38, 58, 11
85, 39, 57, 11
85, 37, 60, 11
85, 37, 60, 11
85, 38, 58, 11
85, 39, 57, 11
85, 37, 60, 11
85, 37, 60, 11
85, 38, 58, 11
85, 38, 58, 11
85, 37, 60, 11
85, 36, 61, 11
85, 38, 58, 11
85, 38, 58, 11
85, 37, 60, 11
85, 37, 60, 11
85, 38, 58, 11
85, 38, 58, 11
85, 37, 60, 11
85, 37, 60, 11
85, 38, 58, 11
85, 38, 58, 11
85, 37, 60, 11
85, 37, 60, 11
85, 38, 58, 11
85, 38, 58, 11
85, 37, 60, 11
85, 37, 60, 11
85, 38, 58, 11
85, 38, 58, 11
85, 37, 60, 11
87, 37, 62, 11
87, 38, 61, 11
87, 38, 61, 11
87, 37, 62, 11
87, 37, 62, 11
87, 38, 61, 11
87, 38, 61, 11
87, 36, 63, 11
87, 36, 63, 11
87, 38, 61, 11
87, 38, 61, 11
87, 36, 63, 11
87, 36, 63, 11
87, 38, 61, 11
87, 38, 61, 11
87, 37, 62, 11
87, 37, 62, 11
87, 38, 61, 11
87, 38, 61, 11
87, 37, 62, 11
87, 38, 61, 11
87, 39, 60, 11
87, 39, 60, 11
87, 38, 61, 11
87, 39, 60, 11
87, 40, 58, 11
87, 39, 60, 11
87, 38, 61, 11
87, 39, 60, 11
87, 40, 58, 11
87, 39, 60, 11
87, 38, 61, 11
87, 39, 60, 11
87, 39, 60, 11
87, 38, 61, 11
87, 38, 61, 11
87, 39, 60, 11
87, 39, 60, 11
87, 38, 61, 11
87, 37, 62, 11
87, 39, 60, 11
87, 39, 60, 11
87, 37, 62, 11
87, 38, 61, 11
87, 39, 60, 11
87, 39, 60, 11
87, 38, 61, 11
87, 38, 61, 11
87, 39, 60, 11
87, 38, 61, 11
87, 37, 62, 11
87, 38, 61, 11
87, 39, 60, 11
87, 37, 62, 11
87, 37, 62, 11
87, 37, 62, 11
87, 38, 61, 11
87, 36, 63, 11
87, 36, 63, 11
87, 37, 62, 11
87, 37, 62, 11
87, 36, 63, 11
87, 36, 63, 11
87, 37, 62, 11
87, 37, 62, 11
87, 35, 65, 11
87, 36, 63, 11
87, 37, 62, 11
87, 37, 62, 11
87, 36, 63, 11
87, 37, 62, 11
87, 38, 61, 11
87, 37, 62, 11
87, 36, 63, 11
87, 37, 62, 11
87, 38, 61, 11
87, 37, 62, 11
87, 37, 62, 11
87, 38, 61, 11
87, 38, 61, 11
87, 37, 62, 11
87, 36, 63, 11
87, 37, 62, 11
87, 38, 61, 11
87, 37, 62, 11
87, 37, 62, 11
87, 38, 61, 11
87, 38, 61, 11
87, 36, 63, 11
87, 37, 62, 11
87, 38, 61, 11
87, 38, 61, 11
87, 38, 61, 11
87, 38, 61, 11
87, 39, 60, 11
87, 38, 61, 11
87, 38, 61, 11
87, 39, 60, 11
87, 40, 58, 11
87, 38, 61, 11
87, 38, 61, 11
87, 39, 60, 11
87, 39, 60, 11
87, 38, 61, 11
87, 38, 61, 11
87, 39, 60, 11
87, 39, 60, 11
87, 38, 61, 11
87, 39, 60, 11
87, 40, 58, 11
87, 39, 60, 11
87, 38, 61, 11
87, 39, 60, 11
87, 40, 58, 11
87, 39, 60, 11
87, 38, 61, 11
87, 39, 60, 11
87, 40, 58, 11
87, 38, 61, 11
87, 38, 61, 11
87, 39, 60, 11
87, 39, 60, 11
87, 38, 61, 11
87, 38, 61, 11
87, 40, 58, 11
87, 39, 60, 11
87, 38, 61, 11
87, 39, 60, 11
87, 40, 58, 11
87, 40, 58, 11
87, 39, 60, 11
87, 39, 60, 11
87, 40, 58, 11
87, 40, 58, 11
87, 38, 61, 11
87, 39, 60, 11
87, 40, 58, 11
87, 39, 60, 11
87, 38, 61, 11
87, 39, 60, 11
87, 40, 58, 11
86, 38, 60, 11
86, 38, 60, 11
86, 39, 58, 11
86, 39, 58, 11
86, 38, 60, 11
86, 37, 61, 11
86, 38, 60, 11
86, 39, 58, 11
86, 37, 61, 11
86, 37, 61, 11
86, 38, 60, 11
86, 39, 58, 11
86, 37, 61, 11
86, 37, 61, 11
86, 39, 58, 11
86, 39, 58, 11
86, 37, 61, 11
86, 37, 61, 11
86, 38, 60, 11
86, 38, 60, 11
86, 37, 61, 11
86, 37, 61, 11
86, 39, 58, 11
86, 38, 60, 11
86, 37, 61, 11
86, 37, 61, 11
86, 39, 58, 11
86, 39, 58, 11
86, 37, 61, 11
86, 38, 60, 11
86, 39, 58, 11
86, 39, 58, 11
86, 38, 60, 11
86, 38, 60, 11
86, 40, 57, 11
86, 39, 58, 11
86, 38, 60, 11
86, 38, 60, 11
86, 39, 58, 11
86, 38, 60, 11
86, 37, 61, 11
86, 38, 60, 11
86, 38, 60, 11
86, 37, 61, 11
86, 36, 62, 11
86, 37, 61, 11
86, 38, 60, 11
86, 37, 61, 11
86, 36, 62, 11
86, 37, 61, 11
86, 38, 60, 11
86, 37, 61, 11
86, 37, 61, 11
86, 38, 60, 11
86, 39, 58, 11
86, 38, 60, 11
86, 37, 61, 11
86, 38, 60, 11
86, 39, 58, 11
86, 38, 60, 11
86, 37, 61, 11
86, 38, 60, 11
86, 38, 60, 11
86, 37, 61, 11
86, 37, 61, 11
86, 38, 60, 11
86, 38, 60, 11
86, 36, 62, 11
86, 36, 62, 11
86, 37, 61, 11
86, 37, 61, 11
86, 36, 62, 11
86, 36, 62, 11
86, 37, 61, 11
86, 37, 61, 11
86, 35, 63, 11
86, 35, 63, 11
86, 37, 61, 11
86, 37, 61, 11
86, 35, 63, 11
86, 36, 62, 11
86, 37, 61, 11
86, 37, 61, 11
86, 36, 62, 11
86, 37, 61, 11
86, 38, 60, 11
86, 37, 61, 11
86, 36, 62, 11
86, 37, 61, 11
86, 38, 60, 11
86, 37, 61, 11
86, 37, 61, 11
86, 38, 60, 11
86, 38, 60, 11
86, 37, 61, 11
86, 36, 62, 11
86, 37, 61, 11
86, 38, 60, 11
86, 36, 62, 11
86, 36, 62, 11
86, 37, 61, 11
86, 37, 61, 11
86, 36, 62, 11
86, 36, 62, 11
86, 37, 61, 11
86, 37, 61, 11
86, 35, 63, 11
86, 35, 63, 11
86, 37, 61, 11
86, 37, 61, 11
86, 35, 63, 11
86, 36, 62, 11
86, 37, 61, 11
86, 37, 61, 11
86, 36, 62, 11
86, 36, 62, 11
86, 37, 61, 11
86, 37, 61, 11
86, 36, 62, 11
86, 36, 62, 11
86, 37, 61, 11
86, 36, 62, 11
86, 36, 62, 11
86, 37, 61, 11
86, 38, 60, 11
86, 37, 61, 11
86, 37, 61, 11
86, 38, 60, 11
86, 38, 60, 11
86, 37, 61, 11
86, 38, 60, 11
86, 39, 58, 11
86, 39, 58, 11
86, 38, 60, 11
86, 38, 60, 11
86, 40, 57, 11
86, 39, 58, 11
86, 38, 60, 11
86, 39, 58, 11
86, 40, 57, 11
86, 39, 58, 11
62, 39, 28, 11
62, 39, 28, 11
62, 40, 27, 11
62, 39, 28, 11
62, 38, 30, 11
62, 39, 28, 11
62, 39, 28, 11
62, 38, 30, 11
62, 37, 31, 11
62, 37, 31, 11
62, 37, 31, 11
62, 36, 32, 11
62, 35, 33, 11
62, 34, 35, 11
62, 34, 35, 11
62, 32, 37, 11
62, 31, 38, 11
62, 31, 38, 11
62, 30, 40, 11
62, 29, 41, 11
62, 27, 43, 11
62, 27, 43, 11
62, 27, 43, 11
62, 27, 43, 11
62, 27, 43, 11
62, 25, 46, 11
62, 24, 47, 11
62, 24, 47, 11
62, 24, 47, 11
62, 25, 46, 11
62, 25, 46, 11
62, 23, 48, 11
62, 22, 50, 11
62, 21, 51, 11
62, 22, 50, 11
62, 23, 48, 11
62, 24, 47, 11
62, 23, 48, 11
62, 21, 51, 11
62, 21, 51, 11
62, 21, 51, 11
62, 23, 48, 11
62, 24, 47, 11
62, 23, 48, 11
62, 22, 50, 11
62, 21, 51, 11
62, 22, 50, 11
62, 23, 48, 11
62, 24, 47, 11
62, 25, 46, 11
62, 24, 47, 11
62, 23, 48, 11
62, 22, 50, 11
62, 23, 48, 11
62, 24, 47, 11
62, 25, 46, 11
62, 24, 47, 11
62, 23, 48, 11
62, 22, 50, 11
62, 23, 48, 11
62, 24, 47, 11
62, 25, 46, 11
62, 25, 46, 11
62, 23, 48, 11
62, 23, 48, 11
62, 23, 48, 11
62, 24, 47, 11
62, 24, 47, 11
62, 24, 47, 11
62, 23, 48, 11
62, 22, 50, 11
62, 22, 50, 11
62, 23, 48, 11
62, 24, 47, 11
62, 24, 47, 11
62, 23, 48, 11
62, 22, 50, 11
62, 22, 50, 11
62, 23, 48, 11
62, 24, 47, 11
62, 24, 47, 11
62, 23, 48, 11
62, 22, 50, 11
62, 22, 50, 11
62, 22, 50, 11
62, 23, 48, 11
62, 24, 47, 11
62, 24, 47, 11
62, 23, 48, 11
62, 23, 48, 11
62, 23, 48, 11
62, 25, 46, 11
62, 25, 46, 11
62, 25, 46, 11
62, 24, 47, 11
62, 23, 48, 11
62, 24, 47, 11
62, 25, 46, 11
62, 26, 45, 11
62, 25, 46, 11
62, 24, 47, 11
62, 23, 48, 11
62, 24, 47, 11
62, 25, 46, 11
62, 26, 45, 11
62, 25, 46, 11
62, 24, 47, 11
62, 23, 48, 11
62, 22, 50, 11
62, 23, 48, 11
62, 24, 47, 11
62, 24, 47, 11
62, 22, 50, 11
62, 22, 50, 11
62, 22, 50, 11
62, 22, 50, 11
62, 24, 47, 11
62, 24, 47, 11
62, 23, 48, 11
62, 22, 50, 11
62, 22, 50, 11
62, 23, 48, 11
62, 24, 47, 11
62, 25, 46, 11
62, 24, 47, 11
62, 23, 48, 11
62, 22, 50, 11
62, 23, 48, 11
62, 24, 47, 11
62, 25, 46, 11
62, 24, 47, 11
62, 23, 48, 11
62, 22, 50, 11
62, 23, 48, 11
62, 24, 47, 11
62, 24, 47, 11
62, 24, 47, 11
62, 23, 48, 11
62, 23, 48, 11
62, 23, 48, 11
62, 24, 47, 11
47, 25, 27, 11
47, 25, 27, 11
47, 23, 30, 11
47, 22, 31, 11
47, 23, 30, 11
47, 24, 28, 11
47, 25, 27, 11
47, 24, 28, 11
47, 23, 30, 11
47, 21, 32, 11
47, 21, 32, 11
47, 21, 32, 11
47, 22, 31, 11
47, 22, 31, 11
47, 21, 32, 11
47, 20, 33, 11
47, 18, 36, 11
47, 18, 36, 11
47, 18, 36, 11
47, 18, 36, 11
47, 18, 36, 11
47, 17, 37, 11
47, 16, 38, 11
47, 15, 40, 11
47, 15, 40, 11
47, 15, 40, 11
47, 16, 38, 11
47, 16, 38, 11
47, 15, 40, 11
47, 15, 40, 11
47, 14, 41, 11
47, 14, 41, 11
47, 13, 42, 11
47, 14, 41, 11
47, 14, 41, 11
47, 14, 41, 11
47, 14, 41, 11
47, 14, 41, 11
47, 14, 41, 11
47, 14, 41, 11
47, 14, 41, 11
47, 13, 42, 11
47, 13, 42, 11
47, 13, 42, 11
47, 13, 42, 11
47, 13, 42, 11
47, 13, 42, 11
47, 13, 42, 11
47, 13, 42, 11
47, 13, 42, 11
47, 13, 42, 11
47, 14, 41, 11
47, 14, 41, 11
47, 14, 41, 11
47, 14, 41, 11
47, 14, 41, 11
47, 14, 41, 11
47, 14, 41, 11
47, 13, 42, 11
47, 13, 42, 11
47, 13, 42, 11
47, 13, 42, 11
47, 14, 41, 11
47, 14, 41, 11
47, 14, 41, 11
47, 14, 41, 11
47, 14, 41, 11
47, 14, 41, 11
47, 15, 40, 11
47, 15, 40, 11
47, 15, 40, 11
47, 15, 40, 11
47, 15, 40, 11
47, 15, 40, 11
47, 15, 40, 11
47, 15, 40, 11
47, 15, 40, 11
47, 15, 40, 11
47, 15, 40, 11
47, 15, 40, 11
47, 15, 40, 11
47, 15, 40, 11
47, 15, 40, 11
47, 15, 40, 11
47, 15, 40, 11
47, 15, 40, 11
47, 15, 40, 11
47, 15, 40, 11
47, 15, 40, 11
47, 15, 40, 11
47, 15, 40, 11
47, 15, 40, 11
47, 15, 40, 11
47, 15, 40, 11
47, 14, 41, 11
47, 14, 41, 11
47, 14, 41, 11
47, 14, 41, 11
47, 15, 40, 11
47, 15, 40, 11
47, 15, 40, 11
47, 15, 40, 11
47, 15, 40, 11
47, 15, 40, 11
47, 15, 40, 11
47, 15, 40, 11
47, 15, 40, 11
47, 15, 40, 11
47, 15, 40, 11
47, 15, 40, 11
47, 15, 40, 11
47, 15, 40, 11
47, 15, 40, 11
47, 15, 40, 11
47, 15, 40, 11
47, 15, 40, 11
47, 15, 40, 11
47, 15, 40, 11
47, 15, 40, 11
47, 15, 40, 11
47, 15, 40, 11
47, 15, 40, 11
47, 15, 40, 11
47, 15, 40, 11
47, 15, 40, 11
47, 15, 40, 11
47, 15, 40, 11
47, 15, 40, 11
47, 15, 40, 11
47, 15, 40, 11
47, 15, 40, 11
47, 15, 40, 11
47, 14, 41, 11
47, 14, 41, 11
47, 14, 41, 11
47, 14, 41, 11
47, 14, 41, 11
47, 14, 41, 11
47, 14, 41, 11
47, 14, 41, 11
47, 14, 41, 11
70, 15, 68, 11
70, 15, 68, 11
70, 15, 68, 11
70, 15, 68, 11
70, 15, 68, 11
70, 15, 68, 11
70, 15, 68, 11
70, 15, 68, 11
70, 16, 67, 11
70, 17, 66, 11
70, 18, 65, 11
70, 18, 65, 11
70, 18, 65, 11
70, 19, 63, 11
70, 20, 62, 11
70, 22, 60, 11
70, 23, 58, 11
70, 24, 57, 11
70, 23, 58, 11
70, 24, 57, 11
70, 24, 57, 11
70, 26, 55, 11
70, 27, 53, 11
70, 28, 52, 11
70, 28, 52, 11
70, 28, 52, 11
70, 28, 52, 11
70, 29, 51, 11
70, 30, 50, 11
70, 30, 50, 11
70, 30, 50, 11
70, 30, 50, 11
70, 30, 50, 11
70, 31, 48, 11
70, 31, 48, 11
70, 30, 50, 11
70, 30, 50, 11
70, 30, 50, 11
70, 30, 50, 11
70, 29, 51, 11
70, 29, 51, 11
70, 29, 51, 11
70, 28, 52, 11
70, 28, 52, 11
70, 28, 52, 11
70, 28, 52, 11
70, 28, 52, 11
70, 28, 52, 11
70, 28, 52, 11
70, 28, 52, 11
70, 28, 52, 11
70, 28, 52, 11
70, 28, 52, 11
70, 28, 52, 11
70, 28, 52, 11
70, 28, 52, 11
70, 28, 52, 11
70, 28, 52, 11
70, 28, 52, 11
70, 27, 53, 11
70, 27, 53, 11
70, 27, 53, 11
70, 27, 53, 11
70, 27, 53, 11
70, 27, 53, 11
70, 27, 53, 11
70, 27, 53, 11
70, 27, 53, 11
70, 28, 52, 11
70, 28, 52, 11
70, 28, 52, 11
70, 28, 52, 11
70, 28, 52, 11
70, 28, 52, 11
70, 28, 52, 11
70, 27, 53, 11
70, 28, 52, 11
70, 28, 52, 11
70, 28, 52, 11
70, 28, 52, 11
70, 28, 52, 11
70, 28, 52, 11
70, 28, 52, 11
70, 28, 52, 11
70, 28, 52, 11
70, 28, 52, 11
70, 28, 52, 11
70, 28, 52, 11
70, 28, 52, 11
70, 28, 52, 11
70, 28, 52, 11
70, 28, 52, 11
70, 28, 52, 11
70, 28, 52, 11
70, 28, 52, 11
70, 28, 52, 11
70, 28, 52, 11
70, 29, 51, 11
70, 29, 51, 11
70, 29, 51, 11
70, 29, 51, 11
70, 29, 51, 11
70, 29, 51, 11
70, 29, 51, 11
70, 29, 51, 11
70, 29, 51, 11
70, 28, 52, 11
70, 28, 52, 11
70, 28, 52, 11
70, 28, 52, 11
70, 28, 52, 11
70, 27, 53, 11
70, 28, 52, 11
70, 28, 52, 11
70, 27, 53, 11
70, 28, 52, 11
70, 28, 52, 11
70, 28, 52, 11
70, 28, 52, 11
70, 28, 52, 11
70, 28, 52, 11
70, 28, 52, 11
70, 28, 52, 11
70, 28, 52, 11
70, 28, 52, 11
70, 28, 52, 11
70, 28, 52, 11
70, 28, 52, 11
70, 28, 52, 11
70, 28, 52, 11
70, 28, 52, 11
70, 28, 52, 11
70, 28, 52, 11
70, 28, 52, 11
70, 28, 52, 11
70, 28, 52, 11
70, 28, 52, 11
70, 28, 52, 11
70, 28, 52, 11
70, 28, 52, 11
70, 28, 52, 11
53, 28, 31, 11
53, 28, 31, 11
53, 28, 31, 11
53, 28, 31, 11
53, 28, 31, 11
53, 28, 31, 11
53, 27, 32, 11
53, 27, 32, 11
53, 27, 32, 11
53, 27, 32, 11
53, 27, 32, 11
53, 26, 33, 11
53, 25, 35, 11
53, 24, 36, 11
53, 24, 36, 11
53, 25, 35, 11
53, 25, 35, 11
53, 24, 36, 11
53, 22, 38, 11
53, 21, 40, 11
53, 20, 41, 11
53, 21, 40, 11
53, 22, 38, 11
53, 21, 40, 11
53, 20, 41, 11
53, 19, 42, 11
53, 18, 43, 11
53, 17, 45, 11
53, 18, 43, 11
53, 18, 43, 11
53, 18, 43, 11
53, 18, 43, 11
53, 17, 45, 11
53, 16, 46, 11
53, 16, 46, 11
53, 16, 46, 11
53, 16, 46, 11
53, 17, 45, 11
53, 17, 45, 11
53, 17, 45, 11
53, 17, 45, 11
53, 16, 46, 11
53, 16, 46, 11
53, 16, 46, 11
53, 16, 46, 11
53, 16, 46, 11
53, 17, 45, 11
53, 17, 45, 11
53, 17, 45, 11
53, 17, 45, 11
53, 17, 45, 11
53, 17, 45, 11
53, 17, 45, 11
53, 17, 45, 11
53, 18, 43, 11
53, 18, 43, 11
53, 18, 43, 11
53, 18, 43, 11
53, 18, 43, 11
53, 17, 45, 11
53, 17, 45, 11
53, 18, 43, 11
53, 18, 43, 11
53, 19, 42, 11
53, 19, 42, 11
53, 18, 43, 11
53, 18, 43, 11
53, 17, 45, 11
53, 17, 45, 11
53, 18, 43, 11
53, 18, 43, 11
53, 19, 42, 11
53, 19, 42, 11
53, 19, 42, 11
53, 18, 43, 11
53, 18, 43, 11
53, 18, 43, 11
53, 18, 43, 11
53, 19, 42, 11
53, 19, 42, 11
53, 19, 42, 11
53, 18, 43, 11
53, 17, 45, 11
53, 17, 45, 11
53, 17, 45, 11
53, 18, 43, 11
53, 19, 42, 11
53, 19, 42, 11
53, 19, 42, 11
53, 18, 43, 11
53, 17, 45, 11
53, 17, 45, 11
53, 18, 43, 11
53, 18, 43, 11
53, 19, 42, 11
53, 20, 41, 11
53, 19, 42, 11
53, 18, 43, 11
53, 18, 43, 11
53, 17, 45, 11
53, 17, 45, 11
53, 18, 43, 11
53, 19, 42, 11
53, 19, 42, 11
53, 19, 42, 11
53, 18, 43, 11
53, 17, 45, 11
53, 17, 45, 11
53, 17, 45, 11
53, 18, 43, 11
53, 19, 42, 11
53, 19, 42, 11
53, 19, 42, 11
53, 18, 43, 11
53, 18, 43, 11
53, 18, 43, 11
53, 18, 43, 11
53, 18, 43, 11
53, 19, 42, 11
53, 20, 41, 11
53, 19, 42, 11
53, 18, 43, 11
53, 18, 43, 11
53, 18, 43, 11
53, 18, 43, 11
53, 18, 43, 11
53, 19, 42, 11
53, 19, 42, 11
53, 19, 42, 11
53, 18, 43, 11
53, 18, 43, 11
53, 18, 43, 11
53, 18, 43, 11
53, 18, 43, 11
53, 19, 42, 11
53, 19, 42, 11
53, 18, 43, 11
53, 18, 43, 11
53, 17, 45, 11
53, 17, 45, 11
53, 17, 45, 11
69, 17, 65, 11
69, 18, 63, 11
69, 19, 62, 11
69, 18, 63, 11
69, 17, 65, 11
69, 17, 65, 11
69, 17, 65, 11
69, 17, 65, 11
69, 19, 62, 11
69, 20, 61, 11
69, 20, 61, 11
69, 20, 61, 11
69, 19, 62, 11
69, 20, 61, 11
69, 21, 60, 11
69, 23, 57, 11
69, 24, 56, 11
69, 25, 55, 11
69, 24, 56, 11
69, 25, 55, 11
69, 25, 55, 11
69, 26, 53, 11
69, 27, 52, 11
69, 28, 51, 11
69, 27, 52, 11
69, 28, 51, 11
69, 28, 51, 11
69, 28, 51, 11
69, 29, 50, 11
69, 28, 51, 11
69, 29, 50, 11
69, 29, 50, 11
69, 29, 50, 11
69, 29, 50, 11
69, 28, 51, 11
69, 28, 51, 11
69, 28, 51, 11
69, 28, 51, 11
69, 28, 51, 11
69, 28, 51, 11
69, 28, 51, 11
69, 28, 51, 11
69, 28, 51, 11
69, 28, 51, 11
69, 28, 51, 11
69, 28, 51, 11
69, 28, 51, 11
69, 27, 52, 11
69, 27, 52, 11
69, 27, 52, 11
69, 27, 52, 11
69, 27, 52, 11
69, 27, 52, 11
69, 27, 52, 11
69, 27, 52, 11
69, 27, 52, 11
69, 27, 52, 11
69, 27, 52, 11
69, 27, 52, 11
69, 28, 51, 11
69, 27, 52, 11
69, 28, 51, 11
69, 28, 51, 11
69, 27, 52, 11
69, 28, 51, 11
69, 28, 51, 11
69, 28, 51, 11
69, 28, 51, 11
