87, 57, 21
87, 57, 21
87, 57, 21
87, 57, 21
87, 57, 21
87, 57, 21
87, 57, 21
87, 57, 21
56, 21
87, 56, 21
87, 57, 21
87, 57, 21
87, 57, 21
87, 57, 21
87, 57, 21
87, 57, 21
87, 57, 21
87, 57, 21
87, 57, 21
87, 0, 0
87, 1, 10
87, 3, 13
87, 6, 15
87, 7, 16
87, 8, 17
87, 9, 17
87, 10, 18
87, 11, 18
87, 12, 18
87, 13, 20
87, 14, 21
87, 15, 21
87, 16, 21
87, 16, 21
87, 17, 21
87, 18, 21
87, 19, 21
87, 19, 21
87, 20, 21
87, 22, 21
87, 24, 21
87, 25, 21
87, 27, 21
87, 28, 21
87, 30, 21
87, 31, 21
87, 33, 21
87, 34, 21
87, 35, 21
87, 37, 21
87, 38, 21
87, 40, 21
87, 41, 21
87, 42, 21
87, 44, 21
87, 45, 21
87, 46, 21
87, 47, 21
87, 48, 21
87, 49, 21
87, 50, 21
87, 51, 21
87, 52, 21
87, 52, 21
87, 53, 21
87, 53, 21
87, 54, 21
87, 54, 21
87, 55, 21
87, 55, 21
87, 55, 21
87, 56, 21
87, 56, 21
87, 56, 21
87, 56, 21
87, 56, 21
87, 56, 21
87, 57, 21
87, 57, 21
87, 57, 21
87, 57, 21
87, 57, 21
87, 57, 21
87, 57, 21
87, 57, 21
87, 57, 21
87, 57, 21
87, 58, 21
87, 58, 21
87, 58, 21
87, 58, 21
87, 58, 21
87, 58, 21
87, 58, 21
87, 58, 21
87, 58, 21
87, 58, 21
87, 58, 21
87, 58, 21
87, 58, 21
87, 58, 21
87, 58, 21
87, 58, 21
87, 58, 21
87, 58, 21
87, 58, 21
87, 58, 21
87, 58, 21
87, 58, 21
87, 58, 21
87, 58, 21
87, 58, 21
87, 58, 21
87, 58, 21
87, 58, 21
87, 58, 21
87, 58, 21
87, 58, 21
87, 58, 21
87, 58, 21
87, 58, 21
87, 58, 21
87, 58, 21
87, 58, 21
87, 58, 21
87, 58, 21
87, 58, 21
87, 58, 21
87, 58, 21
87, 58, 21
87, 58, 21
87, 58, 21
87, 58, 21
87, 58, 21
87, 58, 21
87, 58, 21
87, 58, 21
87, 58, 21
87, 58, 21
87, 58, 21
87, 58, 21
87, 58, 21
87, 58, 21
87, 58, 21
87, 58, 21
87, 58, 21
87, 58, 21
87, 58, 21
87, 58, 21
87, 58, 21
87, 58, 21
87, 58, 21
87, 58, 21
87, 58, 21
87, 58, 21
87, 58, 21
87, 58, 21
87, 58, 21
87, 58, 21
87, 58, 21
87, 58, 21
87, 58, 21
87, 58, 21
87, 58, 21
87, 58, 21
87, 58, 21
87, 58, 21
87, 58, 21
87, 58, 21
87, 58, 21
87, 58, 21
87, 58, 21
87, 58, 21
87, 58, 21
87, 58, 21
87, 58, 21
87, 58, 21
87, 58, 21
87, 58, 21
87, 58, 21
87, 58, 21
87, 58, 21
87, 58, 21
87, 58, 21
87, 58, 21
87, 58, 21
87, 58, 21
87, 58, 21
87, 58, 21
87, 58, 21
189, 58, 21
189, 58, 21
189, 58, 21
189, 58, 21
189, 58, 21
189, 58, 21
189, 59, 21
189, 59, 21
189, 59, 21
189, 60, 21
189, 60, 21
189, 61, 21
189, 61, 21
189, 62, 21
189, 63, 21
189, 64, 21
189, 64, 21
189, 65, 21
189, 66, 21
189, 67, 21
189, 69, 21
189, 70, 21
189, 71, 21
189, 72, 21
189, 73, 21
189, 74, 21
189, 75, 21
189, 77, 21
189, 78, 21
189, 79, 21
189, 80, 21
189, 81, 21
189, 82, 21
189, 82, 21
189, 83, 21
189, 84, 21
189, 84, 21
189, 85, 21
189, 85, 21
189, 85, 21
189, 86, 21
189, 86, 21
189, 86, 21
189, 86, 21
189, 86, 21
189, 87, 21
189, 87, 21
189, 87, 21
189, 87, 21
189, 87, 21
189, 87, 21
189, 87, 21
189, 87, 21
189, 87, 21
189, 87, 21
189, 87, 21
189, 87, 21
189, 87, 21
189, 87, 21
189, 87, 21
189, 87, 21
189, 87, 21
189, 87, 21
189, 87, 21
189, 87, 21
189, 87, 21
189, 87, 21
189, 87, 21
189, 87, 21
189, 87, 21
189, 87, 21
189, 87, 21
189, 87, 21
189, 87, 21
189, 87, 21
189, 87, 21
189, 87, 21
189, 87, 21
189, 87, 21
189, 87, 21
189, 87, 21
189, 87, 21
189, 87, 21
189, 87, 21
189, 87, 21
189, 87, 21
189, 87, 21
189, 87, 21
189, 87, 21
189, 87, 21
189, 87, 21
189, 87, 21
189, 87, 21
189, 87, 21
189, 87, 21
189, 87, 21
189, 87, 21
189, 87, 21
189, 87, 21
189, 87, 21
189, 87, 21
189, 87, 21
189, 87, 21
189, 87, 21
189, 87, 21
189, 87, 21
189, 87, 21
189, 87, 21
189, 87, 21
189, 87, 21
189, 87, 21
189, 87, 21
189, 87, 21
189, 87, 21
189, 87, 21
189, 87, 21
189, 87, 21
189, 87, 21
189, 87, 21
189, 87, 21
189, 87, 21
189, 87, 21
189, 87, 21
189, 87, 21
189, 87, 21
189, 87, 21
189, 87, 21
189, 87, 21
189, 87, 21
189, 87, 21
189, 87, 21
189, 87, 21
189, 87, 21
189, 87, 21
189, 87, 21
189, 87, 21
189, 87, 21
189, 87, 21
189, 87, 21
189, 87, 21
189, 87, 21
189, 87, 21
189, 87, 21
189, 87, 21
189, 87, 21
189, 87, 21
189, 87, 21
189, 87, 21
189, 87, 21
189, 87, 21
189, 87, 21
189, 87, 21
189, 87, 21
189, 87, 21
189, 87, 21
189, 87, 21
189, 87, 21
189, 87, 21
189, 87, 21
189, 87, 21
189, 87, 21
189, 87, 21
189, 87, 21
189, 87, 21
189, 87, 21
189, 87, 21
189, 87, 21
189, 87, 21
189, 87, 21
189, 87, 21
189, 87, 21
133, 87, 21
133, 87, 21
133, 87, 21
133, 87, 21
133, 87, 21
133, 87, 21
133, 87, 21
133, 87, 21
133, 87, 21
133, 86, 21
133, 86, 21
133, 86, 21
133, 86, 21
133, 86, 21
133, 86, 21
133, 85, 21
133, 85, 21
133, 85, 21
133, 85, 21
133, 84, 21
133, 84, 21
133, 84, 21
133, 83, 21
133, 83, 21
133, 83, 21
133, 82, 21
133, 82, 21
133, 82, 21
133, 81, 21
133, 81, 21
133, 81, 21
133, 81, 21
133, 80, 21
133, 80, 21
133, 80, 21
133, 79, 21
133, 79, 21
133, 79, 21
133, 78, 21
133, 78, 21
133, 78, 21
133, 78, 21
133, 77, 21
133, 77, 21
133, 77, 21
133, 77, 21
133, 77, 21
133, 76, 21
133, 76, 21
133, 76, 21
133, 76, 21
133, 76, 21
133, 76, 21
133, 76, 21
133, 76, 21
133, 76, 21
133, 76, 21
133, 76, 21
133, 76, 21
133, 76, 21
133, 76, 21
133, 77, 21
133, 77, 21
133, 77, 21
133, 77, 21
133, 77, 21
133, 78, 21
133, 78, 21
133, 78, 21
133, 78, 21
133, 78, 21
133, 78, 21
133, 78, 21
133, 78, 21
133, 78, 21
133, 78, 21
133, 78, 21
133, 78, 21
133, 78, 21
133, 78, 21
133, 78, 21
133, 78, 21
133, 78, 21
133, 78, 21
133, 77, 21
133, 77, 21
133, 77, 21
133, 77, 21
133, 77, 21
133, 76, 21
133, 76, 21
133, 76, 21
133, 76, 21
133, 76, 21
133, 76, 21
133, 76, 21
133, 76, 21
133, 75, 21
133, 75, 21
133, 75, 21
133, 75, 21
133, 75, 21
133, 75, 21
133, 75, 21
133, 76, 21
133, 76, 21
133, 76, 21
133, 76, 21
133, 76, 21
133, 76, 21
133, 76, 21
133, 77, 21
133, 77, 21
133, 77, 21
133, 77, 21
133, 77, 21
133, 78, 21
133, 78, 21
133, 78, 21
133, 78, 21
133, 78, 21
133, 78, 21
133, 78, 21
133, 78, 21
133, 78, 21
133, 78, 21
133, 78, 21
133, 78, 21
133, 78, 21
133, 78, 21
133, 78, 21
133, 78, 21
133, 78, 21
133, 78, 21
133, 77, 21
133, 77, 21
133, 77, 21
133, 77, 21
133, 77, 21
133, 77, 21
133, 76, 21
133, 76, 21
133, 76, 21
133, 76, 21
133, 76, 21
133, 76, 21
133, 76, 21
133, 76, 21
133, 76, 21
133, 76, 21
133, 76, 21
133, 76, 21
133, 76, 21
133, 76, 21
133, 76, 21
133, 76, 21
133, 76, 21
133, 76, 21
133, 76, 21
133, 77, 21
133, 77, 21
133, 77, 21
133, 77, 21
133, 77, 21
133, 77, 21
133, 77, 21
133, 78, 21
133, 78, 21
133, 78, 21
133, 78, 21
133, 78, 21
58, 78, 21
58, 78, 21
58, 78, 21
58, 78, 21
58, 78, 21
58, 78, 21
58, 78, 21
58, 78, 21
58, 77, 21
58, 77, 21
58, 77, 21
58, 76, 21
58, 76, 21
58, 75, 21
58, 74, 21
58, 74, 21
58, 73, 21
58, 72, 21
58, 71, 21
58, 70, 21
58, 70, 21
58, 68, 21
58, 67, 21
58, 66, 21
58, 65, 21
58, 64, 21
58, 63, 21
58, 62, 21
58, 60, 21
58, 59, 21
58, 58, 21
58, 57, 21
58, 56, 21
58, 55, 21
58, 54, 21
58, 53, 21
58, 52, 21
58, 50, 21
58, 50, 21
58, 49, 21
58, 48, 21
58, 47, 21
58, 46, 21
58, 46, 21
58, 45, 21
58, 44, 21
58, 44, 21
58, 43, 21
58, 42, 21
58, 42, 21
58, 41, 21
58, 41, 21
58, 41, 21
58, 40, 21
58, 40, 21
58, 40, 21
58, 39, 21
58, 39, 21
58, 39, 21
58, 38, 21
58, 38, 21
58, 38, 21
58, 38, 21
58, 38, 21
58, 38, 21
58, 38, 21
58, 37, 21
58, 37, 21
58, 37, 21
58, 37, 21
58, 37, 21
58, 37, 21
58, 37, 21
58, 37, 21
58, 37, 21
58, 36, 21
58, 36, 21
58, 36, 21
58, 36, 21
58, 36, 21
58, 36, 21
58, 36, 21
58, 36, 21
58, 36, 21
58, 36, 21
58, 36, 21
58, 35, 21
58, 35, 21
58, 35, 21
58, 35, 21
58, 35, 21
58, 35, 21
58, 35, 21
58, 35, 21
58, 35, 21
58, 35, 21
58, 35, 21
58, 35, 21
58, 35, 21
58, 35, 21
58, 35, 21
58, 35, 21
58, 35, 21
58, 35, 21
58, 35, 21
58, 35, 21
58, 35, 21
58, 35, 21
58, 35, 21
58, 35, 21
58, 35, 21
58, 35, 21
58, 35, 21
58, 35, 21
58, 35, 21
58, 35, 21
58, 35, 21
58, 35, 21
58, 35, 21
58, 35, 21
58, 35, 21
58, 35, 21
58, 35, 21
58, 35, 21
58, 35, 21
58, 35, 21
58, 35, 21
58, 35, 21
58, 35, 21
58, 35, 21
58, 35, 21
58, 35, 21
58, 35, 21
58, 35, 21
58, 35, 21
58, 35, 21
58, 35, 21
58, 35, 21
58, 35, 21
58, 35, 21
58, 35, 21
58, 34, 21
58, 34, 21
58, 34, 21
58, 34, 21
58, 35, 21
58, 34, 21
58, 35, 21
58, 34, 21
58, 34, 21
58, 34, 21
58, 34, 21
58, 34, 21
58, 34, 21
58, 34, 21
58, 34, 21
58, 34, 21
58, 34, 21
58, 34, 21
58, 34, 21
58, 34, 21
58, 34, 21
58, 34, 21
58, 34, 21
58, 34, 21
58, 34, 21
58, 34, 21
58, 34, 21
58, 35, 21
58, 35, 21
58, 35, 21
150, 35, 21
150, 35, 21
150, 35, 21
150, 35, 21
150, 35, 21
150, 35, 21
150, 36, 21
150, 36, 21
150, 37, 21
150, 37, 21
150, 38, 21
150, 39, 21
150, 39, 21
150, 41, 21
150, 42, 21
150, 43, 21
150, 44, 21
150, 45, 21
150, 47, 21
150, 49, 21
150, 50, 21
150, 52, 21
150, 54, 21
150, 56, 21
150, 58, 21
150, 59, 21
150, 61, 21
150, 63, 21
150, 64, 21
150, 66, 21
150, 67, 21
150, 69, 21
150, 70, 21
150, 72, 21
150, 73, 21
150, 74, 21
150, 75, 21
150, 76, 21
150, 76, 21
150, 77, 21
150, 77, 21
150, 78, 21
150, 78, 21
150, 78, 21
150, 79, 21
150, 79, 21
150, 79, 21
150, 80, 21
150, 80, 21
150, 80, 21
150, 81, 21
150, 81, 21
150, 81, 21
150, 80, 21
150, 80, 21
150, 80, 21
150, 80, 21
150, 80, 21
150, 81, 21
150, 81, 21
150, 81, 21
150, 81, 21
150, 81, 21
150, 81, 21
150, 81, 21
150, 81, 21
150, 81, 21
150, 81, 21
150, 81, 21
150, 80, 21
150, 80, 21
150, 81, 21
150, 81, 21
150, 81, 21
150, 81, 21
150, 81, 21
150, 81, 21
150, 81, 21
150, 81, 21
150, 81, 21
150, 81, 21
150, 81, 21
150, 81, 21
150, 81, 21
150, 81, 21
150, 81, 21
150, 81, 21
150, 81, 21
150, 81, 21
150, 81, 21
150, 81, 21
150, 81, 21
150, 81, 21
150, 81, 21
150, 81, 21
150, 80, 21
150, 80, 21
150, 80, 21
150, 80, 21
150, 81, 21
150, 81, 21
150, 81, 21
150, 81, 21
150, 81, 21
150, 81, 21
150, 81, 21
150, 81, 21
150, 81, 21
150, 81, 21
150, 81, 21
150, 81, 21
150, 81, 21
150, 81, 21
150, 81, 21
150, 81, 21
150, 82, 21
150, 82, 21
150, 82, 21
150, 82, 21
150, 81, 21
150, 81, 21
150, 81, 21
150, 81, 21
150, 81, 21
150, 81, 21
150, 81, 21
150, 81, 21
150, 81, 21
150, 81, 21
150, 81, 21
150, 81, 21
150, 81, 21
150, 81, 21
150, 81, 21
150, 81, 21
150, 81, 21
150, 81, 21
150, 81, 21
150, 81, 21
150, 81, 21
150, 81, 21
150, 81, 21
150, 81, 21
150, 81, 21
150, 81, 21
150, 81, 21
150, 81, 21
150, 81, 21
150, 81, 21
150, 81, 21
150, 81, 21
150, 81, 21
150, 81, 21
150, 81, 21
150, 81, 21
150, 81, 21
150, 81, 21
150, 81, 21
150, 81, 21
150, 81, 21
150, 81, 21
150, 81, 21
150, 81, 21
150, 81, 21
150, 81, 21
150, 81, 21
150, 81, 21
150, 81, 21
150, 81, 21
150, 82, 21
150, 82, 21
172, 82, 21
172, 81, 21
172, 81, 21
172, 81, 21
172, 81, 21
172, 81, 21
172, 81, 21
172, 81, 21
172, 81, 21
172, 81, 21
172, 81, 21
172, 82, 21
172, 82, 21
172, 82, 21
172, 82, 21
172, 82, 21
172, 82, 21
172, 82, 21
172, 82, 21
172, 82, 21
172, 82, 21
172, 82, 21
172, 82, 21
172, 83, 21
172, 83, 21
172, 83, 21
172, 83, 21
172, 83, 21
172, 83, 21
172, 83, 21
172, 84, 21
172, 84, 21
172, 84, 21
172, 84, 21
172, 84, 21
172, 84, 21
172, 84, 21
172, 84, 21
172, 84, 21
172, 84, 21
172, 85, 21
172, 85, 21
172, 85, 21
172, 84, 21
172, 84, 21
172, 84, 21
172, 84, 21
172, 85, 21
172, 85, 21
172, 85, 21
172, 85, 21
172, 85, 21
172, 84, 21
172, 84, 21
172, 84, 21
172, 85, 21
172, 85, 21
172, 85, 21
172, 85, 21
172, 85, 21
172, 84, 21
172, 84, 21
172, 84, 21
172, 85, 21
172, 85, 21
172, 85, 21
172, 85, 21
172, 85, 21
172, 84, 21
172, 84, 21
172, 84, 21
172, 85, 21
172, 85, 21
172, 85, 21
172, 85, 21
172, 85, 21
172, 84, 21
172, 84, 21
172, 84, 21
172, 85, 21
172, 85, 21
172, 85, 21
172, 85, 21
172, 85, 21
172, 84, 21
172, 84, 21
172, 84, 21
172, 84, 21
172, 85, 21
172, 85, 21
172, 85, 21
172, 84, 21
172, 84, 21
172, 84, 21
172, 84, 21
172, 84, 21
172, 85, 21
172, 85, 21
172, 85, 21
172, 84, 21
172, 84, 21
172, 84, 21
172, 84, 21
172, 84, 21
172, 84, 21
172, 85, 21
172, 85, 21
172, 84, 21
172, 84, 21
172, 84, 21
172, 84, 21
172, 84, 21
172, 84, 21
172, 85, 21
172, 85, 21
172, 85, 21
172, 84, 21
172, 84, 21
172, 84, 21
172, 84, 21
172, 85, 21
172, 85, 21
172, 85, 21
172, 85, 21
172, 85, 21
172, 84, 21
172, 84, 21
172, 85, 21
172, 85, 21
172, 85, 21
172, 85, 21
172, 85, 21
172, 85, 21
172, 85, 21
172, 85, 21
172, 85, 21
172, 85, 21
172, 85, 21
172, 85, 21
172, 85, 21
172, 85, 21
172, 85, 21
172, 85, 21
172, 85, 21
172, 85, 21
172, 85, 21
172, 85, 21
172, 85, 21
172, 85, 21
172, 85, 21
172, 84, 21
172, 85, 21
172, 85, 21
172, 85, 21
172, 85, 21
172, 85, 21
172, 85, 21
172, 84, 21
172, 84, 21
172, 84, 21
172, 84, 21
172, 85, 21
172, 85, 21
172, 85, 21
172, 84, 21
172, 84, 21
172, 84, 21
172, 84, 21
172, 84, 21
172, 84, 21
172, 85, 21
44, 85, 21
44, 84, 21
44, 84, 21
44, 84, 21
44, 84, 21
44, 84, 21
44, 84, 21
44, 84, 21
44, 84, 21
44, 84, 21
44, 83, 21
44, 82, 21
44, 82, 21
44, 82, 21
44, 81, 21
44, 80, 21
44, 80, 21
44, 79, 21
44, 78, 21
44, 76, 21
44, 75, 21
44, 74, 21
44, 73, 21
44, 71, 21
44, 70, 21
44, 68, 21
44, 67, 21
44, 65, 21
44, 63, 21
44, 61, 21
44, 60, 21
44, 58, 21
44, 56, 21
44, 55, 21
44, 53, 21
44, 51, 21
44, 50, 21
44, 48, 21
44, 47, 21
44, 45, 21
44, 44, 21
44, 42, 21
44, 41, 21
44, 40, 21
44, 39, 21
44, 37, 21
44, 36, 21
44, 35, 21
44, 34, 21
44, 33, 21
44, 33, 21
44, 32, 21
44, 31, 21
44, 30, 21
44, 29, 21
44, 29, 21
44, 28, 21
44, 27, 21
44, 27, 21
44, 26, 21
44, 26, 21
44, 25, 21
44, 25, 21
44, 25, 21
44, 24, 21
44, 24, 21
44, 23, 21
44, 23, 21
44, 23, 21
44, 23, 21
44, 22, 21
44, 22, 21
44, 22, 21
44, 22, 21
44, 22, 21
44, 22, 21
44, 21, 21
44, 21, 21
44, 21, 21
44, 21, 21
44, 21, 21
44, 21, 21
44, 21, 21
44, 21, 21
44, 21, 21
44, 20, 21
44, 21, 21
44, 21, 21
44, 20, 21
44, 20, 21
44, 20, 21
44, 20, 21
44, 20, 21
44, 20, 21
44, 20, 21
44, 20, 21
44, 20, 21
44, 20, 21
44, 20, 21
44, 20, 21
44, 20, 21
44, 20, 21
44, 20, 21
44, 20, 21
44, 20, 21
44, 20, 21
44, 20, 21
44, 20, 21
44, 20, 21
44, 20, 21
44, 20, 21
44, 20, 21
44, 20, 21
44, 20, 21
44, 19, 21
44, 19, 21
44, 19, 21
44, 19, 21
44, 19, 21
44, 19, 21
44, 19, 21
44, 19, 21
44, 19, 21
44, 19, 21
44, 19, 21
44, 19, 21
44, 19, 21
44, 19, 21
44, 19, 21
44, 19, 21
44, 19, 21
44, 19, 21
44, 19, 21
44, 19, 21
44, 19, 21
44, 19, 21
44, 19, 21
44, 19, 21
44, 19, 21
44, 19, 21
44, 19, 21
44, 19, 21
44, 19, 21
44, 19, 21
44, 19, 21
44, 19, 21
44, 19, 21
44, 19, 21
44, 19, 21
44, 19, 21
44, 19, 21
44, 19, 21
44, 19, 21
44, 19, 21
44, 19, 21
44, 19, 21
44, 19, 21
44, 19, 21
44, 19, 21
44, 19, 21
44, 19, 21
44, 19, 21
44, 19, 21
44, 19, 21
44, 19, 21
44, 19, 21
44, 19, 21
44, 19, 21
44, 19, 21
44, 19, 21
44, 19, 21
118, 19, 21
118, 19, 21
118, 19, 21
118, 19, 21
118, 19, 21
118, 19, 21
118, 20, 21
118, 20, 21
118, 20, 21
118, 21, 21
118, 22, 21
118, 22, 21
118, 23, 21
118, 24, 21
118, 25, 21
118, 26, 21
118, 28, 21
118, 29, 21
118, 31, 21
118, 32, 21
118, 34, 21
118, 36, 21
118, 38, 21
118, 40, 21
118, 42, 21
118, 44, 21
118, 47, 21
118, 49, 21
118, 50, 21
118, 52, 21
118, 54, 21
118, 56, 21
118, 58, 21
118, 59, 21
118, 61, 21
118, 62, 21
118, 63, 21
118, 65, 21
118, 66, 21
118, 67, 21
118, 67, 21
118, 68, 21
118, 69, 21
118, 69, 21
118, 69, 21
118, 70, 21
118, 70, 21
118, 70, 21
118, 71, 21
118, 71, 21
118, 71, 21
118, 72, 21
118, 72, 21
118, 72, 21
118, 73, 21
118, 73, 21
118, 73, 21
118, 73, 21
118, 73, 21
118, 73, 21
118, 73, 21
118, 73, 21
118, 73, 21
118, 73, 21
118, 73, 21
118, 73, 21
118, 73, 21
118, 73, 21
118, 73, 21
118, 72, 21
118, 72, 21
118, 72, 21
118, 72, 21
118, 72, 21
118, 72, 21
118, 72, 21
118, 72, 21
118, 72, 21
118, 73, 21
118, 73, 21
118, 73, 21
118, 73, 21
118, 73, 21
118, 73, 21
118, 74, 21
118, 74, 21
118, 74, 21
118, 74, 21
118, 74, 21
118, 74, 21
118, 74, 21
118, 74, 21
118, 74, 21
118, 74, 21
118, 74, 21
118, 74, 21
118, 74, 21
118, 74, 21
118, 73, 21
118, 73, 21
118, 73, 21
118, 73, 21
118, 73, 21
118, 73, 21
118, 72, 21
118, 72, 21
118, 72, 21
118, 72, 21
118, 72, 21
118, 72, 21
118, 72, 21
118, 72, 21
118, 72, 21
118, 73, 21
118, 73, 21
118, 73, 21
118, 73, 21
118, 73, 21
118, 73, 21
118, 74, 21
118, 74, 21
118, 74, 21
118, 74, 21
118, 74, 21
118, 74, 21
118, 74, 21
118, 74, 21
118, 74, 21
118, 74, 21
118, 74, 21
118, 74, 21
118, 74, 21
118, 73, 21
118, 73, 21
118, 73, 21
118, 73, 21
118, 73, 21
118, 73, 21
118, 72, 21
118, 72, 21
118, 72, 21
118, 72, 21
118, 72, 21
118, 72, 21
118, 72, 21
118, 72, 21
118, 72, 21
118, 72, 21
118, 73, 21
118, 73, 21
118, 73, 21
118, 73, 21
118, 73, 21
118, 73, 21
118, 74, 21
118, 74, 21
118, 74, 21
118, 74, 21
118, 74, 21
118, 74, 21
118, 74, 21
118, 74, 21
118, 74, 21
118, 74, 21
118, 73, 21
118, 73, 21
118, 73, 21
118, 73, 21
118, 73, 21
118, 73, 21
118, 72, 21
163, 72, 21
163, 72, 21
163, 72, 21
163, 72, 21
163, 72, 21
163, 72, 21
163, 72, 21
163, 72, 21
163, 72, 21
163, 72, 21
163, 73, 21
163, 73, 21
163, 73, 21
163, 74, 21
163, 74, 21
163, 74, 21
163, 75, 21
163, 75, 21
163, 75, 21
163, 76, 21
163, 76, 21
163, 77, 21
163, 77, 21
163, 78, 21
163, 78, 21
163, 79, 21
163, 79, 21
163, 80, 21
163, 80, 21
163, 80, 21
163, 81, 21
163, 81, 21
163, 81, 21
163, 81, 21
163, 82, 21
163, 82, 21
163, 82, 21
163, 82, 21
163, 82, 21
163, 83, 21
163, 83, 21
163, 83, 21
163, 83, 21
163, 83, 21
163, 83, 21
163, 83, 21
163, 83, 21
163, 83, 21
163, 83, 21
163, 83, 21
163, 83, 21
163, 83, 21
163, 83, 21
163, 83, 21
163, 83, 21
163, 83, 21
163, 83, 21
163, 83, 21
163, 83, 21
163, 83, 21
163, 83, 21
163, 83, 21
163, 83, 21
163, 83, 21
163, 83, 21
163, 83, 21
163, 83, 21
163, 83, 21
163, 83, 21
163, 83, 21
163, 83, 21
163, 83, 21
163, 83, 21
163, 83, 21
163, 83, 21
163, 83, 21
163, 83, 21
163, 83, 21
163, 83, 21
163, 83, 21
163, 83, 21
163, 83, 21
163, 83, 21
163, 83, 21
163, 83, 21
163, 83, 21
163, 83, 21
163, 83, 21
163, 83, 21
163, 83, 21
163, 83, 21
163, 83, 21
163, 83, 21
163, 83, 21
163, 83, 21
163, 83, 21
163, 83, 21
163, 83, 21
163, 83, 21
163, 83, 21
163, 83, 21
163, 83, 21
163, 83, 21
163, 83, 21
163, 83, 21
163, 83, 21
163, 83, 21
163, 83, 21
163, 83, 21
163, 83, 21
163, 83, 21
163, 83, 21
163, 83, 21
163, 83, 21
163, 83, 21
163, 83, 21
163, 83, 21
163, 83, 21
163, 83, 21
163, 83, 21
163, 83, 21
163, 83, 21
163, 83, 21
163, 83, 21
163, 83, 21
163, 83, 21
163, 83, 21
163, 83, 21
163, 83, 21
163, 83, 21
163, 83, 21
163, 83, 21
163, 83, 21
163, 83, 21
163, 83, 21
163, 83, 21
163, 83, 21
163, 83, 21
163, 83, 21
163, 83, 21
163, 83, 21
163, 83, 21
163, 83, 21
163, 83, 21
163, 83, 21
163, 83, 21
163, 83, 21
163, 83, 21
163, 83, 21
163, 83, 21
163, 83, 21
163, 83, 21
163, 83, 21
163, 83, 21
163, 83, 21
163, 83, 21
163, 83, 21
163, 83, 21
163, 83, 21
163, 83, 21
163, 83, 21
163, 83, 21
163, 83, 21
163, 83, 21
163, 83, 21
163, 83, 21
163, 83, 21
163, 83, 21
163, 83, 21
163, 83, 21
163, 83, 21
129, 83, 21
129, 83, 21
129, 83, 21
129, 83, 21
129, 83, 21
129, 83, 21
129, 83, 21
129, 83, 21
129, 83, 21
129, 83, 21
129, 83, 21
129, 83, 21
129, 83, 21
129, 83, 21
129, 83, 21
129, 83, 21
129, 82, 21
129, 82, 21
129, 82, 21
129, 82, 21
129, 81, 21
129, 81, 21
129, 81, 21
129, 81, 21
129, 81, 21
129, 80, 21
129, 80, 21
129, 80, 21
129, 80, 21
129, 79, 21
129, 79, 21
129, 79, 21
129, 78, 21
129, 78, 21
129, 78, 21
129, 77, 21
129, 77, 21
129, 77, 21
129, 77, 21
129, 77, 21
129, 76, 21
129, 76, 21
129, 76, 21
129, 76, 21
129, 76, 21
129, 76, 21
129, 76, 21
129, 76, 21
129, 76, 21
129, 76, 21
129, 76, 21
129, 76, 21
129, 76, 21
129, 76, 21
129, 76, 21
129, 76, 21
129, 76, 21
129, 75, 21
129, 75, 21
129, 75, 21
129, 75, 21
129, 75, 21
129, 75, 21
129, 75, 21
129, 75, 21
129, 75, 21
129, 75, 21
129, 75, 21
129, 75, 21
129, 75, 21
129, 75, 21
129, 75, 21
129, 75, 21
129, 75, 21
129, 75, 21
129, 75, 21
129, 75, 21
129, 75, 21
129, 75, 21
129, 75, 21
129, 75, 21
129, 75, 21
129, 75, 21
129, 75, 21
129, 75, 21
129, 75, 21
129, 75, 21
129, 75, 21
129, 75, 21
129, 75, 21
129, 75, 21
129, 75, 21
129, 75, 21
129, 75, 21
129, 75, 21
129, 75, 21
129, 75, 21
129, 75, 21
129, 75, 21
129, 75, 21
129, 75, 21
129, 75, 21
129, 76, 21
129, 76, 21
129, 76, 21
129, 76, 21
129, 76, 21
129, 76, 21
129, 76, 21
129, 76, 21
129, 76, 21
129, 76, 21
129, 76, 21
129, 76, 21
129, 76, 21
129, 76, 21
129, 76, 21
129, 76, 21
129, 76, 21
129, 76, 21
129, 76, 21
129, 76, 21
129, 76, 21
129, 76, 21
129, 76, 21
129, 76, 21
129, 76, 21
129, 76, 21
129, 76, 21
129, 76, 21
129, 76, 21
129, 76, 21
129, 76, 21
129, 76, 21
129, 76, 21
129, 76, 21
129, 76, 21
129, 76, 21
129, 76, 21
129, 76, 21
129, 76, 21
129, 76, 21
129, 76, 21
129, 76, 21
129, 76, 21
129, 76, 21
129, 76, 21
129, 76, 21
129, 76, 21
129, 76, 21
129, 76, 21
129, 76, 21
129, 76, 21
129, 76, 21
129, 76, 21
129, 76, 21
129, 76, 21
129, 76, 21
129, 76, 21
129, 76, 21
129, 76, 21
129, 76, 21
129, 76, 21
129, 76, 21
129, 76, 21
129, 76, 21
129, 76, 21
129, 76, 21
129, 76, 21
129, 76, 21
129, 76, 21
20, 76, 21
20, 76, 21
20, 76, 21
20, 76, 21
20, 76, 21
20, 76, 21
20, 76, 21
20, 75, 21
20, 75, 21
20, 75, 21
20, 74, 21
20, 74, 21
20, 73, 21
20, 73, 21
20, 72, 21
20, 71, 21
20, 70, 21
20, 69, 21
20, 68, 21
20, 67, 21
20, 65, 21
20, 64, 21
20, 62, 21
20, 61, 21
20, 59, 21
20, 57, 21
20, 55, 21
20, 53, 21
20, 51, 21
20, 49, 21
20, 47, 21
20, 45, 21
20, 43, 21
20, 41, 21
20, 39, 20
20, 37, 21
20, 35, 21
20, 33, 21
20, 31, 21
20, 29, 21
20, 27, 21
20, 25, 21
20, 23, 21
20, 22, 21
20, 20, 21
20, 18, 21
20, 17, 21
20, 16, 21
20, 14, 21
20, 13, 21
20, 11, 21
20, 10, 21
20, 9, 21
20, 8, 21
20, 7, 21
20, 7, 21
20, 6, 21
20, 5, 21
20, 4, 21
20, 4, 20
20, 3, 21
20, 3, 20
20, 2, 21
20, 2, 20
20, 2, 21
20, 1, 20
20, 1, 21
20, 1, 20
20, 1, 21
20, 1, 21
20, 0, 21
20, 0, 21
20, 0, 21
20, 0, 21
20, 0, 21
20, 0, 21
20, 0, 21
20, 0, 21
20, 0, 21
20, 0, 21
20, 0, 21
20, 0, 21
20, 0, 21
20, 0, 21
20, 0, 21
20, 0, 21
20, 0, 20
20, 0, 21
20, 0, 20
20, 0, 21
20, 0, 20
20, 0, 21
20, 0, 20
20, 0, 21
20, 0, 20
20, 0, 21
20, 0, 21
20, 0, 21
20, 0, 21
20, 0, 21
20, 0, 21
20, 0, 21
20, 0, 21
20, 0, 21
20, 0, 21
20, 0, 21
20, 0, 21
20, 0, 21
20, 0, 21
20, 0, 21
20, 0, 21
20, 0, 20
20, 0, 21
20, 0, 20
20, 0, 21
20, 0, 20
20, 0, 21
20, 0, 20
20, 0, 21
20, 0, 20
20, 0, 21
20, 0, 21
20, 0, 21
20, 0, 21
20, 0, 21
20, 0, 21
20, 0, 21
20, 0, 21
20, 0, 21
20, 0, 21
20, 0, 21
20, 0, 21
20, 0, 21
20, 0, 21
20, 0, 21
20, 0, 21
20, 0, 21
20, 0, 21
20, 0, 20
20, 0, 21
20, 0, 20
20, 0, 21
20, 0, 20
20, 0, 21
20, 0, 20
20, 0, 21
20, 0, 21
20, 0, 21
20, 0, 21
20, 0, 21
20, 0, 21
20, 0, 21
20, 0, 21
20, 0, 21
20, 0, 21
20, 0, 21
20, 0, 21
20, 0, 21
20, 0, 21
20, 0, 21
20, 0, 21
20, 0, 20
20, 0, 21
20, 0, 20
20, 0, 21
20, 0, 20
20, 0, 21
20, 0, 20
20, 0, 21
20, 0, 20
20, 0, 21
20, 0, 21
145, 0, 21
145, 0, 21
145, 0, 21
145, 0, 21
145, 1, 21
145, 1, 21
145, 1, 21
145, 2, 21
145, 3, 21
145, 4, 21
145, 5, 21
145, 6, 21
145, 8, 21
145, 9, 21
145, 11, 21
145, 13, 21
145, 15, 21
145, 18, 21
145, 20, 21
145, 23, 21
145, 26, 21
145, 29, 21
145, 32, 21
145, 35, 21
145, 39, 21
145, 42, 21
145, 45, 21
145, 48, 21
145, 51, 21
145, 54, 21
145, 57, 21
145, 59, 21
145, 62, 21
145, 64, 21
145, 66, 21
145, 68, 21
145, 70, 21
145, 71, 21
145, 73, 21
145, 74, 21
145, 75, 21
145, 76, 21
145, 77, 21
145, 77, 21
145, 78, 21
145, 78, 21
145, 78, 21
145, 79, 21
145, 79, 21
145, 79, 21
145, 79, 21
145, 79, 21
145, 79, 21
145, 79, 21
145, 79, 21
145, 79, 21
145, 79, 21
145, 79, 21
145, 79, 21
145, 79, 21
145, 79, 21
145, 79, 21
145, 79, 21
145, 80, 21
145, 80, 21
145, 80, 21
145, 80, 21
145, 80, 21
145, 80, 21
145, 80, 21
145, 80, 21
145, 80, 21
145, 80, 21
145, 80, 21
145, 80, 21
145, 80, 21
145, 80, 21
145, 79, 21
145, 80, 21
145, 80, 21
145, 80, 21
145, 80, 21
145, 80, 21
145, 80, 21
145, 80, 21
145, 80, 21
145, 80, 21
145, 80, 21
145, 80, 21
145, 80, 21
145, 80, 21
145, 80, 21
145, 80, 21
145, 80, 21
145, 80, 21
145, 80, 21
145, 80, 21
145, 80, 21
145, 80, 21
145, 80, 21
145, 80, 21
145, 80, 21
145, 80, 21
145, 80, 21
145, 80, 21
145, 80, 21
145, 80, 21
145, 80, 21
145, 80, 21
145, 80, 21
145, 80, 21
145, 80, 21
145, 80, 21
145, 80, 21
145, 80, 21
145, 80, 21
145, 80, 21
145, 80, 21
145, 80, 21
145, 80, 21
145, 80, 21
145, 80, 21
145, 80, 21
145, 80, 21
145, 80, 21
145, 80, 21
145, 80, 21
145, 80, 21
145, 80, 21
145, 80, 21
145, 80, 21
145, 80, 21
145, 80, 21
145, 80, 21
145, 80, 21
145, 80, 21
145, 80, 21
145, 80, 21
145, 80, 21
145, 80, 21
145, 80, 21
145, 80, 21
145, 80, 21
145, 80, 21
145, 80, 21
145, 80, 21
145, 80, 21
145, 80, 21
145, 80, 21
145, 80, 21
145, 80, 21
145, 80, 21
145, 80, 21
145, 80, 21
145, 80, 21
145, 80, 21
145, 80, 21
145, 80, 21
145, 80, 21
145, 80, 21
145, 80, 21
145, 80, 21
145, 80, 21
145, 80, 21
145, 80, 21
145, 80, 21
145, 80, 21
145, 80, 21
145, 80, 21
145, 80, 21
145, 80, 21
152, 80, 21
152, 80, 21
152, 80, 21
152, 80, 21
152, 80, 21
152, 80, 21
152, 80, 21
152, 80, 21
152, 80, 21
152, 80, 21
152, 80, 21
152, 80, 21
152, 80, 21
152, 80, 21
152, 80, 21
152, 80, 21
152, 80, 21
152, 80, 21
152, 80, 21
152, 80, 21
152, 80, 21
152, 80, 21
152, 80, 21
152, 80, 21
152, 80, 21
152, 81, 21
152, 81, 21
152, 81, 21
152, 81, 21
152, 81, 21
152, 81, 21
152, 81, 21
152, 81, 21
152, 81, 21
152, 81, 21
152, 81, 21
152, 81, 21
152, 81, 21
152, 81, 21
152, 81, 21
152, 82, 21
152, 82, 21
152, 82, 21
152, 82, 21
152, 81, 21
152, 81, 21
152, 81, 21
152, 81, 21
152, 81, 21
152, 81, 21
152, 81, 21
152, 81, 21
152, 82, 21
152, 82, 21
152, 82, 21
152, 82, 21
152, 82, 21
152, 81, 21
152, 81, 21
152, 81, 21
152, 81, 21
152, 81, 21
152, 81, 21
152, 81, 21
152, 81, 21
152, 82, 21
152, 82, 21
152, 82, 21
152, 82, 21
152, 82, 21
152, 81, 21
152, 81, 21
152, 81, 21
152, 81, 21
152, 81, 21
152, 81, 21
152, 81, 21
152, 81, 21
152, 81, 21
152, 82, 21
152, 82, 21
152, 81, 21
152, 81, 21
152, 81, 21
152, 81, 21
152, 81, 21
152, 81, 21
152, 81, 21
152, 81, 21
152, 81, 21
152, 81, 21
152, 81, 21
152, 82, 21
152, 82, 21
152, 81, 21
152, 81, 21
152, 81, 21
152, 81, 21
152, 81, 21
152, 81, 21
152, 81, 21
152, 81, 21
152, 81, 21
152, 81, 21
152, 82, 21
152, 82, 21
152, 82, 21
152, 82, 21
152, 81, 21
152, 81, 21
152, 81, 21
152, 81, 21
152, 81, 21
152, 81, 21
152, 81, 21
152, 81, 21
152, 81, 21
152, 82, 21
152, 82, 21
152, 82, 21
152, 82, 21
152, 81, 21
152, 81, 21
152, 81, 21
152, 81, 21
152, 81, 21
152, 81, 21
152, 81, 21
152, 81, 21
152, 82, 21
152, 82, 21
152, 82, 21
152, 82, 21
152, 81, 21
152, 81, 21
152, 81, 21
152, 81, 21
152, 81, 21
152, 81, 21
152, 81, 21
152, 81, 21
152, 81, 21
152, 81, 21
152, 82, 21
152, 82, 21
152, 82, 21
152, 81, 21
152, 81, 21
152, 81, 21
152, 81, 21
152, 81, 21
152, 81, 21
152, 81, 21
152, 81, 21
152, 82, 21
152, 82, 21
152, 82, 21
152, 82, 21
152, 82, 21
152, 81, 21
152, 81, 21
152, 81, 21
152, 81, 21
152, 81, 21
152, 81, 21
152, 81, 21
152, 81, 21
152, 81, 21
152, 82, 21
152, 82, 21
152, 81, 21
82, 81, 21
82, 81, 21
82, 81, 21
82, 81, 21
82, 81, 21
82, 80, 21
82, 80, 21
82, 80, 21
82, 80, 21
82, 80, 21
82, 80, 21
82, 80, 21
82, 80, 21
82, 80, 21
82, 79, 21
82, 78, 21
82, 78, 21
82, 77, 21
82, 77, 21
82, 76, 21
82, 76, 21
82, 75, 21
82, 75, 21
82, 74, 21
82, 73, 21
82, 72, 21
82, 72, 21
82, 71, 21
82, 70, 21
82, 69, 21
82, 68, 21
82, 67, 21
82, 67, 21
82, 66, 21
82, 65, 21
82, 65, 21
82, 64, 21
82, 63, 21
82, 63, 21
82, 62, 21
82, 62, 21
82, 61, 21
82, 61, 21
82, 60, 21
82, 60, 21
82, 59, 21
82, 59, 21
82, 59, 21
82, 58, 21
82, 58, 21
82, 58, 21
82, 58, 21
82, 58, 21
82, 57, 21
82, 57, 21
82, 57, 21
82, 57, 21
82, 57, 21
82, 57, 21
82, 57, 21
82, 57, 21
82, 57, 21
82, 57, 21
82, 57, 21
82, 57, 21
82, 56, 21
82, 57, 21
82, 56, 21
82, 56, 21
82, 56, 21
82, 56, 21
82, 56, 21
82, 56, 21
82, 56, 21
82, 56, 21
82, 56, 21
82, 56, 21
82, 56, 21
82, 56, 21
82, 56, 21
82, 56, 21
82, 56, 21
82, 56, 21
82, 56, 21
82, 56, 21
82, 56, 21
82, 56, 21
82, 56, 21
82, 56, 21
82, 56, 21
82, 56, 21
82, 56, 21
82, 56, 21
82, 56, 21
82, 56, 21
82, 56, 21
82, 56, 21
82, 56, 21
82, 56, 21
82, 56, 21
82, 56, 21
82, 56, 21
82, 56, 21
82, 56, 21
82, 56, 21
82, 56, 21
82, 56, 21
82, 56, 21
82, 56, 21
82, 56, 21
82, 56, 21
82, 56, 21
82, 56, 21
82, 56, 21
82, 56, 21
82, 56, 21
82, 56, 21
82, 56, 21
82, 56, 21
82, 56, 21
82, 56, 21
82, 56, 21
82, 56, 21
82, 56, 21
82, 56, 21
82, 56, 21
82, 56, 21
82, 56, 21
82, 56, 21
82, 55, 21
82, 56, 21
82, 56, 21
82, 56, 21
82, 56, 21
82, 56, 21
82, 56, 21
82, 55, 21
82, 55, 21
82, 55, 21
82, 56, 21
82, 55, 21
82, 55, 21
82, 55, 21
82, 55, 21
82, 55, 21
82, 55, 21
82, 55, 21
82, 55, 21
82, 55, 21
82, 55, 21
82, 55, 21
82, 55, 21
82, 55, 21
82, 55, 21
82, 55, 21
82, 55, 21
82, 55, 21
82, 55, 21
82, 55, 21
82, 55, 21
82, 55, 21
82, 55, 21
82, 55, 21
82, 55, 21
82, 55, 21
82, 55, 21
82, 55, 21
82, 55, 21
82, 55, 21
82, 55, 21
82, 55, 21
47, 55, 21
47, 55, 21
47, 55, 21
47, 55, 21
47, 55, 21
47, 55, 21
47, 55, 21
47, 55, 21
47, 55, 21
47, 55, 21
47, 54, 21
47, 54, 21
47, 54, 21
47, 54, 21
47, 53, 21
47, 53, 21
47, 53, 21
47, 52, 21
47, 51, 21
47, 51, 21
47, 50, 21
47, 49, 21
47, 49, 21
47, 48, 21
47, 47, 21
47, 46, 21
47, 45, 21
47, 44, 21
47, 43, 21
47, 43, 21
47, 42, 21
47, 41, 21
47, 40, 21
47, 39, 21
47, 38, 21
47, 37, 21
47, 36, 21
47, 36, 21
47, 35, 21
47, 34, 21
47, 34, 21
47, 33, 21
47, 33, 21
47, 32, 21
47, 31, 21
47, 31, 21
47, 30, 21
47, 30, 21
47, 29, 21
47, 29, 21
47, 29, 21
47, 28, 21
47, 28, 21
47, 28, 21
47, 27, 21
47, 27, 21
47, 27, 21
47, 26, 21
47, 26, 21
47, 26, 21
47, 26, 21
47, 26, 21
47, 25, 21
47, 25, 21
47, 25, 21
47, 25, 21
47, 25, 21
47, 24, 21
47, 24, 21
47, 24, 21
47, 24, 21
47, 24, 21
47, 24, 21
47, 24, 21
47, 24, 21
47, 24, 21
47, 24, 21
47, 24, 21
47, 23, 21
47, 23, 21
47, 23, 21
47, 23, 21
47, 23, 21
47, 23, 21
47, 23, 21
47, 23, 21
47, 23, 21
47, 23, 21
47, 23, 21
47, 23, 21
47, 23, 21
47, 23, 21
47, 23, 21
47, 23, 21
47, 23, 21
47, 23, 21
47, 23, 21
47, 22, 21
47, 22, 21
47, 22, 21
47, 22, 21
47, 22, 21
47, 22, 21
47, 22, 21
47, 22, 21
47, 22, 21
47, 22, 21
47, 22, 21
47, 22, 21
47, 22, 21
47, 22, 21
47, 22, 21
47, 22, 21
47, 22, 21
47, 22, 21
47, 23, 21
47, 23, 21
47, 23, 21
47, 23, 21
47, 23, 21
47, 23, 21
47, 23, 21
47, 23, 21
47, 23, 21
47, 23, 21
47, 23, 21
47, 23, 21
47, 23, 21
47, 23, 21
47, 23, 21
47, 23, 21
47, 23, 21
47, 23, 21
47, 23, 21
47, 23, 21
47, 23, 21
47, 23, 21
47, 22, 21
47, 22, 21
47, 23, 21
47, 22, 21
47, 23, 21
47, 23, 21
47, 22, 21
47, 22, 21
47, 22, 21
47, 22, 21
47, 22, 21
47, 22, 21
47, 22, 21
47, 22, 21
47, 22, 21
47, 22, 21
47, 22, 21
47, 22, 21
47, 22, 21
47, 22, 21
47, 22, 21
47, 22, 21
47, 22, 21
47, 22, 21
47, 22, 21
47, 22, 21
47, 22, 21
47, 22, 21
47, 22, 21
47, 22, 21
47, 22, 21
47, 22, 21
47, 22, 21
47, 22, 21
103, 22, 21
103, 22, 21
103, 22, 21
103, 22, 21
103, 23, 21
103, 23, 21
103, 23, 21
103, 23, 21
103, 24, 21
103, 24, 21
103, 25, 21
103, 25, 21
103, 26, 21
103, 27, 21
103, 28, 21
103, 29, 21
103, 29, 21
103, 31, 21
103, 32, 21
103, 33, 21
103, 35, 21
103, 36, 21
103, 38, 21
103, 39, 21
103, 41, 21
103, 43, 21
103, 44, 21
103, 46, 21
103, 47, 21
103, 49, 21
103, 50, 21
103, 52, 21
103, 53, 21
103, 55, 21
103, 56, 21
103, 57, 21
103, 58, 21
103, 59, 21
103, 60, 21
103, 61, 21
103, 61, 21
103, 62, 21
103, 63, 21
103, 63, 21
103, 64, 21
103, 64, 21
103, 64, 21
103, 64, 21
103, 65, 21
103, 65, 21
103, 65, 21
103, 66, 21
103, 66, 21
103, 66, 21
103, 66, 21
103, 66, 21
103, 66, 21
103, 66, 21
103, 66, 21
103, 67, 21
103, 67, 21
103, 66, 21
103, 66, 21
103, 66, 21
103, 67, 21
103, 67, 21
103, 67, 21
103, 67, 21
103, 67, 21
103, 67, 21
103, 67, 21
103, 67, 21
103, 67, 21
103, 67, 21
103, 67, 21
103, 67, 21
103, 67, 21
103, 67, 21
103, 67, 21
103, 67, 21
103, 67, 21
103, 67, 21
103, 67, 21
103, 67, 21
103, 67, 21
103, 67, 21
103, 67, 21
103, 67, 21
103, 67, 21
103, 66, 21
103, 67, 21
103, 67, 21
103, 67, 21
103, 67, 21
103, 67, 21
103, 67, 21
103, 66, 21
103, 66, 21
103, 66, 21
103, 66, 21
103, 67, 21
103, 67, 21
103, 67, 21
103, 67, 21
103, 67, 21
103, 66, 21
103, 66, 21
103, 66, 21
103, 66, 21
103, 67, 21
103, 67, 21
103, 67, 21
103, 67, 21
103, 67, 21
103, 67, 21
103, 67, 21
103, 67, 21
103, 67, 21
103, 67, 21
103, 67, 21
103, 67, 21
103, 67, 21
103, 67, 21
103, 67, 21
103, 67, 21
103, 67, 21
103, 67, 21
103, 67, 21
103, 67, 21
103, 67, 21
103, 67, 21
103, 67, 21
103, 67, 21
103, 67, 21
103, 67, 21
103, 67, 21
103, 67, 21
103, 67, 21
103, 67, 21
103, 67, 21
103, 67, 21
103, 67, 21
103, 67, 21
103, 67, 21
103, 67, 21
103, 67, 21
103, 67, 21
103, 67, 21
103, 67, 21
103, 66, 21
103, 66, 21
103, 66, 21
103, 67, 21
103, 67, 21
103, 67, 21
103, 67, 21
103, 67, 21
103, 67, 21
103, 67, 21
103, 67, 21
103, 67, 21
103, 67, 21
103, 67, 21
103, 67, 21
103, 67, 21
103, 67, 21
103, 67, 21
103, 67, 21
103, 67, 21
103, 67, 21
103, 67, 21
27, 67, 21
27, 67, 21
27, 67, 21
27, 67, 21
27, 67, 21
27, 66, 21
27, 66, 21
27, 66, 21
27, 66, 21
27, 66, 21
27, 66, 21
27, 65, 21
27, 65, 21
27, 64, 21
27, 63, 21
27, 63, 21
27, 62, 21
27, 61, 21
27, 60, 21
27, 59, 21
27, 58, 21
27, 57, 21
27, 55, 21
27, 54, 21
27, 52, 21
27, 51, 21
27, 49, 21
27, 47, 21
27, 46, 21
27, 44, 21
27, 42, 21
27, 40, 21
27, 39, 21
27, 37, 21
27, 35, 21
27, 33, 21
27, 32, 21
27, 30, 21
27, 28, 21
27, 27, 21
27, 25, 21
27, 24, 21
27, 22, 21
27, 21, 21
27, 20, 21
27, 19, 21
27, 17, 21
27, 16, 21
27, 15, 21
27, 14, 21
27, 13, 21
27, 12, 21
27, 11, 21
27, 10, 21
27, 10, 21
27, 9, 21
27, 8, 21
27, 7, 21
27, 6, 20
27, 6, 21
27, 5, 20
27, 4, 21
27, 4, 21
27, 3, 21
27, 3, 21
27, 2, 21
27, 2, 21
27, 2, 21
27, 1, 21
27, 1, 21
27, 1, 21
27, 1, 21
27, 1, 21
27, 0, 21
27, 0, 21
27, 0, 21
27, 0, 21
27, 0, 21
27, 0, 21
27, 0, 21
27, 0, 21
27, 0, 20
27, 0, 21
27, 0, 20
27, 0, 21
27, 0, 20
27, 0, 21
27, 0, 21
27, 0, 21
27, 0, 21
27, 0, 21
27, 0, 21
27, 0, 21
27, 0, 21
27, 0, 21
27, 0, 21
27, 0, 21
27, 0, 21
27, 0, 21
27, 0, 21
27, 0, 21
27, 0, 21
27, 0, 20
27, 0, 21
27, 0, 20
27, 0, 21
27, 0, 20
27, 0, 21
27, 0, 20
27, 0, 21
27, 0, 20
27, 0, 21
27, 0, 21
27, 0, 21
27, 0, 21
27, 0, 21
27, 0, 21
27, 0, 21
27, 0, 21
27, 0, 21
27, 0, 21
27, 0, 21
27, 0, 21
27, 0, 21
27, 0, 21
27, 0, 21
27, 0, 21
27, 0, 21
27, 0, 21
27, 0, 20
27, 0, 21
27, 0, 20
27, 0, 21
27, 0, 20
27, 0, 21
27, 0, 20
27, 0, 21
27, 0, 20
27, 0, 21
27, 0, 21
27, 0, 21
27, 0, 21
27, 0, 21
27, 0, 21
27, 0, 21
27, 0, 21
27, 0, 21
27, 0, 21
27, 0, 21
27, 0, 21
27, 0, 21
27, 0, 21
27, 0, 21
27, 0, 21
27, 0, 20
27, 0, 21
27, 0, 20
27, 0, 21
27, 0, 20
27, 0, 21
27, 0, 20
27, 0, 21
27, 0, 20
27, 0, 21
27, 0, 21
27, 0, 21
27, 0, 21
27, 0, 21
27, 0, 21
27, 0, 21
27, 0, 21
27, 0, 21
189, 0, 21
189, 0, 21
189, 0, 21
189, 0, 21
189, 1, 21
189, 1, 21
189, 2, 21
189, 3, 21
189, 4, 21
189, 6, 21
189, 7, 21
189, 9, 21
189, 11, 21
189, 13, 21
189, 15, 21
189, 18, 21
189, 20, 21
189, 23, 21
189, 26, 21
189, 30, 21
189, 33, 21
189, 37, 21
189, 41, 21
189, 45, 21
189, 48, 21
189, 52, 21
189, 55, 21
189, 58, 21
189, 61, 21
189, 64, 21
189, 67, 21
189, 69, 21
189, 72, 21
189, 74, 21
189, 76, 21
189, 78, 21
189, 80, 21
189, 81, 21
189, 82, 21
189, 83, 21
189, 84, 21
189, 84, 21
189, 85, 21
189, 85, 21
189, 85, 21
189, 85, 21
189, 86, 21
189, 86, 21
189, 86, 21
189, 86, 21
189, 86, 21
189, 86, 21
189, 86, 21
189, 86, 21
189, 86, 21
189, 86, 21
189, 86, 21
189, 87, 21
189, 87, 21
189, 87, 21
189, 87, 21
189, 87, 21
189, 87, 21
189, 87, 21
189, 87, 21
189, 87, 21
189, 87, 21
189, 86, 21
189, 86, 21
189, 86, 21
189, 86, 21
189, 86, 21
189, 86, 21
189, 86, 21
189, 86, 21
189, 86, 21
189, 86, 21
189, 86, 21
189, 86, 21
189, 86, 21
189, 86, 21
189, 86, 21
189, 86, 21
189, 86, 21
189, 86, 21
189, 86, 21
189, 86, 21
189, 87, 21
189, 87, 21
189, 87, 21
189, 87, 21
189, 87, 21
189, 87, 21
189, 87, 21
189, 87, 21
189, 87, 21
189, 87, 21
189, 87, 21
189, 87, 21
189, 87, 21
189, 87, 21
189, 87, 21
189, 86, 21
189, 86, 21
189, 86, 21
189, 86, 21
189, 87, 21
189, 86, 21
189, 86, 21
189, 86, 21
189, 86, 21
189, 86, 21
189, 86, 21
189, 86, 21
189, 87, 21
189, 87, 21
189, 87, 21
189, 86, 21
189, 86, 21
189, 87, 21
189, 87, 21
189, 87, 21
189, 87, 21
189, 87, 21
189, 87, 21
189, 87, 21
189, 87, 21
189, 87, 21
189, 87, 21
189, 87, 21
189, 87, 21
189, 87, 21
189, 87, 21
189, 87, 21
189, 87, 21
189, 87, 21
189, 87, 21
189, 87, 21
189, 87, 21
189, 87, 21
189, 87, 21
189, 87, 21
189, 87, 21
189, 87, 21
189, 87, 21
189, 87, 21
189, 87, 21
189, 87, 21
189, 87, 21
189, 87, 21
189, 87, 21
189, 87, 21
189, 87, 21
189, 87, 21
189, 87, 21
189, 87, 21
189, 87, 21
189, 87, 21
189, 87, 21
189, 87, 21
189, 87, 21
189, 87, 21
189, 87, 21
189, 87, 21
189, 87, 21
189, 87, 21
189, 87, 21
189, 87, 21
189, 87, 21
189, 87, 21
189, 87, 21
180, 87, 21
180, 87, 21
180, 87, 21
180, 87, 21
180, 87, 21
180, 87, 21
180, 87, 21
180, 87, 21
180, 87, 21
180, 87, 21
180, 87, 21
180, 87, 21
180, 87, 21
180, 87, 21
180, 87, 21
180, 87, 21
180, 87, 21
180, 87, 21
180, 87, 21
180, 87, 21
180, 87, 21
180, 86, 21
180, 86, 21
180, 86, 21
180, 86, 21
180, 86, 21
180, 86, 21
180, 86, 21
180, 86, 21
180, 86, 21
180, 86, 21
180, 86, 21
180, 86, 21
180, 86, 21
180, 86, 21
180, 86, 21
180, 86, 21
180, 86, 21
180, 86, 21
180, 86, 21
180, 86, 21
180, 86, 21
180, 86, 21
180, 86, 21
180, 86, 21
180, 85, 21
180, 85, 21
180, 85, 21
180, 86, 21
180, 86, 21
180, 86, 21
180, 86, 21
180, 85, 21
180, 85, 21
180, 85, 21
180, 86, 21
180, 86, 21
180, 86, 21
180, 86, 21
180, 85, 21
180, 85, 21
180, 85, 21
180, 85, 21
180, 85, 21
180, 86, 21
180, 86, 21
180, 85, 21
180, 85, 21
180, 85, 21
180, 85, 21
180, 85, 21
180, 85, 21
180, 86, 21
180, 85, 21
180, 85, 21
180, 85, 21
180, 85, 21
180, 85, 21
180, 85, 21
180, 86, 21
180, 86, 21
180, 85, 21
180, 85, 21
180, 85, 21
180, 85, 21
180, 86, 21
180, 86, 21
180, 86, 21
180, 86, 21
180, 86, 21
180, 85, 21
180, 85, 21
180, 86, 21
180, 86, 21
180, 86, 21
180, 86, 21
180, 86, 21
180, 86, 21
180, 86, 21
180, 86, 21
180, 86, 21
180, 86, 21
180, 86, 21
180, 86, 21
180, 86, 21
180, 86, 21
180, 86, 21
180, 86, 21
180, 86, 21
180, 86, 21
180, 86, 21
180, 86, 21
180, 86, 21
180, 86, 21
180, 86, 21
180, 86, 21
180, 86, 21
180, 86, 21
180, 86, 21
180, 86, 21
180, 86, 21
180, 86, 21
180, 86, 21
180, 86, 21
180, 86, 21
180, 86, 21
180, 86, 21
180, 86, 21
180, 86, 21
180, 86, 21
180, 86, 21
180, 86, 21
180, 86, 21
180, 86, 21
180, 86, 21
180, 86, 21
180, 86, 21
180, 86, 21
180, 86, 21
180, 86, 21
180, 86, 21
180, 86, 21
180, 86, 21
180, 86, 21
180, 86, 21
180, 86, 21
180, 86, 21
180, 86, 21
180, 86, 21
180, 86, 21
180, 86, 21
180, 86, 21
180, 86, 21
180, 86, 21
180, 86, 21
180, 86, 21
180, 86, 21
180, 86, 21
180, 86, 21
180, 86, 21
180, 86, 21
180, 86, 21
180, 86, 21
180, 85, 21
180, 85, 21
180, 85, 21
180, 86, 21
180, 86, 21
180, 86, 21
180, 86, 21
180, 85, 21
192, 85, 21
192, 85, 21
192, 85, 21
192, 85, 21
192, 85, 21
192, 85, 21
192, 85, 21
192, 85, 21
192, 85, 21
192, 86, 21
192, 86, 21
192, 86, 21
192, 86, 21
192, 86, 21
192, 86, 21
192, 86, 21
192, 86, 21
192, 86, 21
192, 86, 21
192, 86, 21
192, 86, 21
192, 86, 21
192, 86, 21
192, 86, 21
192, 86, 21
192, 87, 21
192, 87, 21
192, 87, 21
192, 87, 21
192, 87, 21
192, 87, 21
192, 87, 21
192, 87, 21
192, 87, 21
192, 87, 21
192, 87, 21
192, 87, 21
192, 87, 21
192, 87, 21
192, 87, 21
192, 87, 21
192, 87, 21
192, 87, 21
192, 87, 21
192, 87, 21
192, 87, 21
192, 87, 21
192, 87, 21
192, 87, 21
192, 87, 21
192, 87, 21
192, 87, 21
192, 87, 21
192, 87, 21
192, 87, 21
192, 87, 21
192, 87, 21
192, 87, 21
192, 87, 21
192, 87, 21
192, 87, 21
192, 87, 21
192, 87, 21
192, 87, 21
192, 87, 21
192, 87, 21
192, 87, 21
192, 87, 21
192, 87, 21
192, 87, 21
192, 87, 21
192, 87, 21
192, 87, 21
192, 87, 21
192, 87, 21
192, 87, 21
192, 87, 21
192, 87, 21
192, 87, 21
192, 87, 21
192, 87, 21
192, 87, 21
192, 87, 21
192, 87, 21
192, 87, 21
192, 87, 21
192, 87, 21
192, 87, 21
192, 87, 21
192, 87, 21
192, 87, 21
192, 87, 21
192, 87, 21
192, 87, 21
192, 87, 21
192, 87, 21
192, 87, 21
192, 87, 21
192, 87, 21
192, 87, 21
192, 87, 21
192, 87, 21
192, 87, 21
192, 87, 21
192, 87, 21
192, 87, 21
192, 87, 21
192, 87, 21
192, 87, 21
192, 87, 21
192, 87, 21
192, 87, 21
192, 87, 21
192, 87, 21
192, 87, 21
192, 87, 21
192, 87, 21
192, 87, 21
192, 87, 21
192, 87, 21
192, 87, 21
192, 87, 21
192, 87, 21
192, 87, 21
192, 87, 21
192, 87, 21
192, 87, 21
192, 87, 21
192, 87, 21
192, 87, 21
192, 87, 21
192, 87, 21
192, 87, 21
192, 87, 21
192, 87, 21
192, 87, 21
192, 87, 21
192, 87, 21
192, 87, 21
192, 87, 21
192, 87, 21
192, 87, 21
192, 87, 21
192, 87, 21
192, 87, 21
192, 87, 21
192, 87, 21
192, 87, 21
192, 87, 21
192, 87, 21
192, 87, 21
192, 87, 21
192, 87, 21
192, 87, 21
192, 87, 21
192, 87, 21
192, 87, 21
192, 87, 21
192, 87, 21
192, 87, 21
192, 87, 21
192, 87, 21
192, 87, 21
192, 87, 21
192, 87, 21
192, 87, 21
192, 87, 21
192, 87, 21
192, 87, 21
192, 87, 21
192, 87, 21
143, 87, 21
143, 87, 21
143, 87, 21
143, 87, 21
143, 87, 21
143, 87, 21
143, 87, 21
143, 87, 21
143, 87, 21
143, 87, 21
143, 87, 21
143, 87, 21
143, 87, 21
143, 87, 21
143, 86, 21
143, 86, 21
143, 86, 21
143, 86, 21
143, 86, 21
143, 85, 21
143, 85, 21
143, 85, 21
143, 84, 21
143, 84, 21
143, 84, 21
143, 83, 21
143, 83, 21
143, 83, 21
143, 83, 21
143, 83, 21
143, 82, 21
143, 82, 21
143, 82, 21
143, 81, 21
143, 81, 21
143, 81, 21
143, 81, 21
143, 81, 21
143, 80, 21
143, 80, 21
143, 80, 21
143, 80, 21
143, 80, 21
143, 80, 21
143, 80, 21
143, 80, 21
143, 80, 21
143, 80, 21
143, 80, 21
143, 80, 21
143, 80, 21
143, 80, 21
143, 80, 21
143, 80, 21
143, 80, 21
143, 80, 21
143, 80, 21
143, 80, 21
143, 80, 21
143, 80, 21
143, 80, 21
143, 80, 21
143, 80, 21
143, 80, 21
143, 80, 21
143, 80, 21
143, 80, 21
143, 79, 21
143, 79, 21
143, 79, 21
143, 79, 21
143, 79, 21
143, 79, 21
143, 79, 21
143, 79, 21
143, 80, 21
143, 80, 21
143, 80, 21
143, 80, 21
143, 80, 21
143, 80, 21
143, 80, 21
143, 80, 21
143, 80, 21
143, 79, 21
143, 79, 21
143, 79, 21
143, 79, 21
143, 79, 21
143, 79, 21
143, 79, 21
143, 79, 21
143, 80, 21
143, 80, 21
143, 80, 21
143, 80, 21
143, 80, 21
143, 80, 21
143, 80, 21
143, 80, 21
143, 80, 21
143, 80, 21
143, 80, 21
143, 80, 21
143, 80, 21
143, 80, 21
143, 80, 21
143, 80, 21
143, 80, 21
143, 80, 21
143, 80, 21
143, 80, 21
143, 80, 21
143, 80, 21
143, 80, 21
143, 80, 21
143, 80, 21
143, 80, 21
143, 80, 21
143, 79, 21
143, 79, 21
143, 79, 21
143, 79, 21
143, 79, 21
143, 79, 21
143, 79, 21
143, 79, 21
143, 79, 21
143, 80, 21
143, 80, 21
143, 80, 21
143, 80, 21
143, 80, 21
143, 80, 21
143, 80, 21
143, 80, 21
143, 79, 21
143, 79, 21
143, 79, 21
143, 79, 21
143, 79, 21
143, 79, 21
143, 79, 21
143, 79, 21
143, 79, 21
143, 79, 21
143, 80, 21
143, 80, 21
143, 80, 21
143, 80, 21
143, 80, 21
143, 80, 21
143, 80, 21
143, 79, 21
143, 79, 21
143, 79, 21
143, 79, 21
143, 79, 21
143, 79, 21
143, 79, 21
143, 79, 21
143, 79, 21
143, 79, 21
143, 79, 21
143, 80, 21
143, 80, 21
143, 80, 21
143, 80, 21
143, 80, 21
143, 80, 21
143, 79, 21
129, 79, 21
129, 79, 21
129, 79, 21
129, 79, 21
129, 79, 21
129, 79, 21
129, 79, 21
129, 79, 21
129, 79, 21
129, 79, 21
129, 79, 21
129, 79, 21
129, 79, 21
129, 79, 21
129, 79, 21
129, 79, 21
129, 79, 21
129, 79, 21
129, 78, 21
129, 78, 21
129, 78, 21
129, 78, 21
129, 78, 21
129, 78, 21
129, 78, 21
129, 78, 21
129, 78, 21
129, 77, 21
129, 77, 21
129, 77, 21
129, 77, 21
129, 77, 21
129, 77, 21
129, 77, 21
129, 77, 21
129, 77, 21
129, 78, 21
129, 78, 21
129, 78, 21
129, 78, 21
129, 78, 21
129, 78, 21
129, 78, 21
129, 78, 21
129, 78, 21
129, 78, 21
129, 78, 21
129, 78, 21
129, 78, 21
129, 78, 21
129, 78, 21
129, 78, 21
129, 78, 21
129, 78, 21
129, 78, 21
129, 77, 21
129, 77, 21
129, 77, 21
129, 77, 21
129, 77, 21
129, 76, 21
129, 76, 21
129, 76, 21
129, 76, 21
129, 76, 21
129, 76, 21
129, 76, 21
129, 76, 21
129, 76, 21
129, 75, 21
129, 75, 21
129, 75, 21
129, 75, 21
129, 75, 21
129, 75, 21
129, 75, 21
129, 75, 21
129, 76, 21
129, 76, 21
129, 76, 21
129, 76, 21
129, 76, 21
129, 76, 21
129, 76, 21
129, 76, 21
129, 76, 21
129, 76, 21
129, 77, 21
129, 77, 21
129, 77, 21
129, 77, 21
129, 77, 21
129, 77, 21
129, 77, 21
129, 78, 21
129, 78, 21
129, 78, 21
129, 78, 21
129, 78, 21
129, 78, 21
129, 78, 21
129, 78, 21
129, 78, 21
129, 78, 21
129, 78, 21
129, 78, 21
129, 78, 21
129, 78, 21
129, 78, 21
129, 78, 21
129, 78, 21
129, 77, 21
129, 77, 21
129, 77, 21
129, 77, 21
129, 77, 21
129, 77, 21
129, 76, 21
129, 76, 21
129, 76, 21
129, 76, 21
129, 76, 21
129, 76, 21
129, 76, 21
129, 76, 21
129, 76, 21
129, 76, 21
129, 76, 21
129, 76, 21
129, 76, 21
129, 75, 21
129, 75, 21
129, 76, 21
129, 76, 21
129, 76, 21
129, 76, 21
129, 76, 21
129, 76, 21
129, 76, 21
129, 76, 21
129, 76, 21
129, 76, 21
129, 76, 21
129, 76, 21
129, 77, 21
129, 77, 21
129, 77, 21
129, 77, 21
129, 77, 21
129, 77, 21
129, 77, 21
129, 78, 21
129, 78, 21
129, 78, 21
129, 78, 21
129, 78, 21
129, 78, 21
129, 78, 21
129, 78, 21
129, 78, 21
129, 78, 21
129, 78, 21
129, 78, 21
129, 78, 21
129, 78, 21
129, 78, 21
129, 78, 21
129, 78, 21
129, 78, 21
129, 78, 21
129, 77, 21
29, 77, 21
29, 77, 21
29, 77, 21
29, 77, 21
29, 77, 21
29, 76, 21
29, 76, 21
29, 76, 21
29, 76, 21
29, 75, 21
29, 75, 21
29, 74, 21
29, 74, 21
29, 73, 21
29, 73, 21
29, 72, 21
29, 71, 21
29, 70, 21
29, 69, 21
29, 68, 21
29, 67, 21
29, 65, 21
29, 64, 21
29, 63, 21
29, 61, 21
29, 59, 21
29, 57, 21
29, 56, 21
29, 54, 21
29, 52, 21
29, 50, 21
29, 48, 21
29, 46, 21
29, 45, 21
29, 43, 21
29, 41, 21
29, 39, 21
29, 37, 21
29, 35, 21
29, 34, 21
29, 32, 21
29, 30, 21
29, 29, 21
29, 27, 21
29, 26, 21
29, 25, 21
29, 23, 21
29, 22, 21
29, 21, 21
29, 19, 21
29, 18, 21
29, 17, 21
29, 16, 21
29, 15, 21
29, 14, 21
29, 13, 21
29, 13, 21
29, 12, 21
29, 11, 21
29, 11, 21
29, 10, 21
29, 9, 21
29, 9, 21
29, 8, 21
29, 8, 21
29, 7, 21
29, 7, 21
29, 7, 21
29, 6, 21
29, 6, 21
29, 6, 21
29, 5, 21
29, 5, 21
29, 5, 21
29, 4, 21
29, 4, 21
29, 4, 21
29, 4, 21
29, 3, 21
29, 3, 20
29, 3, 21
29, 2, 20
29, 2, 21
29, 2, 20
29, 2, 21
29, 2, 20
29, 1, 21
29, 1, 20
29, 1, 21
29, 1, 21
29, 1, 21
29, 0, 21
29, 0, 21
29, 0, 21
29, 0, 21
29, 0, 21
29, 0, 21
29, 0, 21
29, 0, 21
29, 0, 21
29, 0, 21
29, 0, 21
29, 0, 21
29, 0, 21
29, 0, 20
29, 0, 21
29, 0, 20
29, 0, 21
29, 0, 20
29, 0, 21
29, 0, 21
29, 0, 21
29, 0, 21
29, 0, 21
29, 0, 21
29, 0, 21
29, 0, 21
29, 0, 21
29, 0, 21
29, 0, 21
29, 0, 21
29, 0, 21
29, 0, 21
29, 0, 21
29, 0, 21
29, 0, 21
29, 0, 21
29, 0, 21
29, 0, 21
29, 0, 20
29, 0, 21
29, 0, 20
29, 0, 21
29, 0, 20
29, 0, 21
29, 0, 20
29, 0, 21
29, 0, 20
29, 0, 21
29, 0, 21
29, 0, 21
29, 0, 21
29, 0, 21
29, 0, 21
29, 0, 21
29, 0, 21
29, 0, 21
29, 0, 21
29, 0, 21
29, 0, 21
29, 0, 21
29, 0, 21
29, 0, 21
29, 0, 21
29, 0, 20
29, 0, 21
29, 0, 20
29, 0, 21
29, 0, 20
29, 0, 21
29, 0, 20
29, 0, 21
29, 0, 21
29, 0, 21
29, 0, 21
29, 0, 21
29, 0, 21
29, 0, 21
29, 0, 21
29, 0, 21
29, 0, 21
29, 0, 21
157, 0, 21
157, 0, 21
157, 0, 21
157, 0, 21
157, 0, 21
157, 1, 21
157, 1, 21
157, 2, 21
157, 3, 21
157, 4, 21
157, 5, 21
157, 6, 21
157, 8, 21
157, 10, 21
157, 12, 21
157, 14, 21
157, 16, 21
157, 18, 21
157, 21, 21
157, 24, 21
157, 27, 21
157, 31, 21
157, 34, 21
157, 37, 21
157, 41, 21
157, 44, 21
157, 48, 21
157, 51, 21
157, 54, 21
157, 57, 21
157, 59, 21
157, 62, 21
157, 65, 21
157, 67, 21
157, 69, 21
157, 71, 21
157, 73, 21
157, 75, 21
157, 76, 21
157, 77, 21
157, 78, 21
157, 79, 21
157, 79, 21
157, 79, 21
157, 80, 21
157, 80, 21
157, 81, 21
157, 81, 21
157, 81, 21
157, 81, 21
157, 82, 21
157, 82, 21
157, 82, 21
157, 82, 21
157, 82, 21
157, 81, 21
157, 81, 21
157, 82, 21
157, 82, 21
157, 82, 21
157, 82, 21
157, 82, 21
157, 82, 21
157, 82, 21
157, 82, 21
157, 82, 21
157, 82, 21
157, 82, 21
157, 82, 21
157, 82, 21
157, 82, 21
157, 82, 21
157, 82, 21
157, 82, 21
157, 82, 21
157, 82, 21
157, 82, 21
157, 82, 21
157, 82, 21
157, 82, 21
157, 82, 21
157, 82, 21
157, 82, 21
157, 82, 21
157, 82, 21
157, 82, 21
157, 82, 21
157, 82, 21
157, 82, 21
157, 82, 21
157, 82, 21
157, 82, 21
157, 82, 21
157, 82, 21
157, 82, 21
157, 82, 21
157, 82, 21
157, 82, 21
157, 82, 21
157, 82, 21
157, 82, 21
157, 82, 21
157, 82, 21
157, 82, 21
157, 82, 21
157, 82, 21
157, 82, 21
157, 82, 21
157, 82, 21
157, 82, 21
157, 82, 21
157, 82, 21
157, 82, 21
157, 82, 21
157, 82, 21
157, 82, 21
157, 82, 21
157, 82, 21
157, 82, 21
157, 82, 21
157, 82, 21
157, 82, 21
157, 82, 21
157, 82, 21
157, 82, 21
157, 82, 21
157, 82, 21
157, 82, 21
157, 82, 21
157, 82, 21
157, 82, 21
157, 82, 21
157, 82, 21
157, 82, 21
157, 82, 21
157, 82, 21
157, 82, 21
157, 82, 21
157, 82, 21
157, 82, 21
157, 82, 21
157, 82, 21
157, 82, 21
157, 82, 21
157, 82, 21
157, 82, 21
157, 82, 21
157, 82, 21
157, 82, 21
157, 82, 21
157, 82, 21
157, 82, 21
157, 82, 21
157, 82, 21
157, 82, 21
157, 82, 21
157, 82, 21
157, 82, 21
157, 82, 21
157, 82, 21
157, 82, 21
157, 82, 21
157, 82, 21
157, 82, 21
157, 82, 21
157, 82, 21
157, 82, 21
157, 82, 21
157, 82, 21
157, 82, 21
157, 82, 21
60, 82, 21
60, 82, 21
60, 82, 21
60, 82, 21
60, 82, 21
60, 82, 21
60, 82, 21
60, 82, 21
60, 82, 21
60, 82, 21
60, 81, 21
60, 81, 21
60, 80, 21
60, 80, 21
60, 79, 21
60, 79, 21
60, 78, 21
60, 78, 21
60, 77, 21
60, 76, 21
60, 75, 21
60, 74, 21
60, 72, 21
60, 71, 21
60, 70, 21
60, 68, 21
60, 67, 21
60, 66, 21
60, 64, 21
60, 63, 21
60, 62, 21
60, 61, 21
60, 59, 21
60, 58, 21
60, 57, 21
60, 55, 21
60, 54, 21
60, 53, 21
60, 52, 21
60, 51, 21
60, 50, 21
60, 49, 21
60, 49, 21
60, 48, 21
60, 47, 21
60, 47, 21
60, 46, 21
60, 46, 21
60, 45, 21
60, 44, 21
60, 44, 21
60, 44, 21
60, 43, 21
60, 43, 21
60, 42, 21
60, 42, 21
60, 42, 21
60, 41, 21
60, 41, 21
60, 41, 21
60, 40, 21
60, 40, 21
60, 40, 21
60, 40, 21
60, 40, 21
60, 40, 21
60, 39, 21
60, 39, 21
60, 39, 21
60, 39, 21
60, 39, 21
60, 39, 21
60, 39, 21
60, 39, 21
60, 39, 21
60, 38, 21
60, 38, 21
60, 38, 21
60, 38, 21
60, 38, 21
60, 38, 21
60, 38, 21
60, 38, 21
60, 38, 21
60, 38, 21
60, 38, 21
60, 38, 21
60, 38, 21
60, 38, 21
60, 38, 21
60, 38, 21
60, 38, 21
60, 38, 21
60, 38, 21
60, 38, 21
60, 38, 21
60, 38, 21
60, 37, 21
60, 37, 21
60, 37, 21
60, 37, 21
60, 37, 21
60, 37, 21
60, 37, 21
60, 37, 21
60, 37, 21
60, 37, 21
60, 37, 21
60, 37, 21
60, 37, 21
60, 37, 21
60, 37, 21
60, 37, 21
60, 37, 21
60, 37, 21
60, 37, 21
60, 37, 21
60, 37, 21
60, 37, 21
60, 37, 21
60, 37, 21
60, 37, 21
60, 37, 21
60, 37, 21
60, 37, 21
60, 37, 21
60, 37, 21
60, 38, 21
60, 37, 21
60, 37, 21
60, 37, 21
60, 37, 21
60, 37, 21
60, 37, 21
60, 37, 21
60, 37, 21
60, 37, 21
60, 37, 21
60, 37, 21
60, 37, 21
60, 36, 21
60, 37, 21
60, 36, 21
60, 36, 21
60, 36, 21
60, 36, 21
60, 36, 21
60, 36, 21
60, 36, 21
60, 36, 21
60, 36, 21
60, 36, 21
60, 36, 21
60, 36, 21
60, 36, 21
60, 36, 21
60, 36, 21
60, 36, 21
60, 36, 21
60, 36, 21
60, 36, 21
60, 36, 21
60, 36, 21
60, 36, 21
60, 36, 21
60, 36, 21
60, 36, 21
60, 36, 21
60, 36, 21
60, 36, 21
60, 36, 21
53, 36, 21
53, 36, 21
53, 36, 21
53, 36, 21
53, 36, 21
53, 36, 21
53, 36, 21
53, 36, 21
53, 36, 21
53, 36, 21
53, 36, 21
53, 36, 21
53, 36, 21
53, 35, 21
53, 35, 21
53, 35, 21
53, 35, 21
53, 35, 21
53, 35, 21
53, 35, 21
53, 35, 21
53, 35, 21
53, 35, 21
53, 34, 21
53, 34, 21
53, 34, 21
53, 34, 21
53, 34, 21
53, 33, 21
53, 33, 21
53, 33, 21
53, 33, 21
53, 33, 21
53, 33, 21
53, 32, 21
53, 32, 21
53, 32, 21
53, 32, 21
53, 32, 21
53, 31, 21
53, 31, 21
53, 31, 21
53, 31, 21
53, 31, 21
53, 31, 21
53, 31, 21
53, 31, 21
53, 31, 21
53, 30, 21
53, 30, 21
53, 30, 21
53, 30, 21
53, 30, 21
53, 30, 21
53, 30, 21
53, 30, 21
53, 30, 21
53, 30, 21
53, 29, 21
53, 29, 21
53, 29, 21
53, 29, 21
53, 29, 21
53, 29, 21
53, 29, 21
53, 29, 21
53, 29, 21
53, 29, 21
53, 29, 21
53, 29, 21
53, 29, 21
53, 29, 21
53, 29, 21
53, 29, 21
53, 29, 21
53, 29, 21
53, 29, 21
53, 29, 21
53, 29, 21
53, 29, 21
53, 29, 21
53, 29, 21
53, 29, 21
53, 29, 21
53, 29, 21
53, 29, 21
53, 29, 21
53, 29, 21
53, 29, 21
53, 29, 21
53, 29, 21
53, 29, 21
53, 29, 21
53, 29, 21
53, 29, 21
53, 29, 21
53, 29, 21
53, 29, 21
53, 29, 21
53, 29, 21
53, 29, 21
53, 29, 21
53, 29, 21
53, 29, 21
53, 29, 21
53, 29, 21
53, 29, 21
53, 29, 21
53, 29, 21
53, 29, 21
53, 29, 21
53, 29, 21
53, 29, 21
53, 29, 21
53, 29, 21
53, 29, 21
53, 29, 21
53, 29, 21
53, 29, 21
53, 29, 21
53, 29, 21
53, 29, 21
53, 29, 21
53, 29, 21
53, 29, 21
53, 29, 21
53, 29, 21
53, 29, 21
53, 29, 21
53, 29, 21
53, 29, 21
53, 29, 21
53, 29, 21
53, 29, 21
53, 29, 21
53, 29, 21
53, 29, 21
53, 29, 21
53, 29, 21
53, 29, 21
53, 29, 21
53, 29, 21
53, 29, 21
53, 29, 21
53, 29, 21
53, 29, 21
53, 29, 21
53, 29, 21
53, 29, 21
53, 29, 21
53, 29, 21
53, 29, 21
53, 29, 21
53, 29, 21
53, 29, 21
53, 29, 21
53, 29, 21
53, 29, 21
53, 29, 21
53, 29, 21
53, 29, 21
53, 29, 21
53, 29, 21
53, 29, 21
53, 29, 21
53, 29, 21
53, 29, 21
53, 29, 21
53, 29, 21
53, 29, 21
53, 29, 21
53, 29, 21
179, 29, 21
179, 29, 21
179, 29, 21
179, 29, 21
179, 29, 21
179, 29, 21
179, 30, 21
179, 30, 21
179, 31, 21
179, 32, 21
179, 33, 21
179, 34, 21
179, 35, 21
179, 36, 21
179, 38, 21
179, 39, 21
179, 41, 21
179, 43, 21
179, 45, 21
179, 47, 21
179, 49, 21
179, 52, 21
179, 54, 21
179, 57, 21
179, 59, 21
179, 61, 21
179, 64, 21
179, 66, 21
179, 68, 21
179, 70, 21
179, 71, 21
179, 73, 21
179, 75, 21
179, 76, 21
179, 78, 21
179, 79, 21
179, 80, 21
179, 81, 21
179, 82, 21
179, 82, 21
179, 83, 21
179, 83, 21
179, 84, 21
179, 84, 21
179, 84, 21
179, 85, 21
179, 85, 21
179, 85, 21
179, 85, 21
179, 85, 21
179, 85, 21
179, 85, 21
179, 85, 21
179, 85, 21
179, 85, 21
179, 85, 21
179, 85, 21
179, 85, 21
179, 85, 21
179, 85, 21
179, 85, 21
179, 85, 21
179, 85, 21
179, 85, 21
179, 85, 21
179, 85, 21
179, 85, 21
179, 85, 21
179, 85, 21
179, 85, 21
179, 85, 21
179, 85, 21
179, 85, 21
179, 85, 21
179, 85, 21
179, 85, 21
179, 85, 21
179, 85, 21
179, 85, 21
179, 85, 21
179, 85, 21
179, 85, 21
179, 85, 21
179, 85, 21
179, 85, 21
179, 85, 21
179, 85, 21
179, 85, 21
179, 85, 21
179, 85, 21
179, 85, 21
179, 85, 21
179, 85, 21
179, 85, 21
179, 85, 21
179, 85, 21
179, 85, 21
179, 85, 21
179, 85, 21
179, 85, 21
179, 85, 21
179, 85, 21
179, 85, 21
179, 85, 21
179, 85, 21
179, 85, 21
179, 85, 21
179, 85, 21
179, 85, 21
179, 85, 21
179, 85, 21
179, 85, 21
179, 85, 21
179, 85, 21
179, 85, 21
179, 85, 21
179, 85, 21
179, 85, 21
179, 85, 21
179, 85, 21
179, 85, 21
179, 85, 21
179, 85, 21
179, 85, 21
179, 85, 21
179, 85, 21
179, 85, 21
179, 85, 21
179, 85, 21
179, 85, 21
179, 85, 21
179, 85, 21
179, 85, 21
179, 85, 21
179, 85, 21
179, 85, 21
179, 85, 21
179, 85, 21
179, 85, 21
179, 85, 21
179, 85, 21
179, 85, 21
179, 85, 21
179, 85, 21
179, 85, 21
179, 85, 21
179, 85, 21
179, 85, 21
179, 85, 21
179, 85, 21
179, 85, 21
179, 85, 21
179, 85, 21
179, 85, 21
179, 85, 21
179, 85, 21
179, 85, 21
179, 85, 21
179, 85, 21
179, 85, 21
179, 85, 21
179, 85, 21
179, 85, 21
179, 85, 21
179, 85, 21
179, 85, 21
179, 85, 21
179, 85, 21
179, 85, 21
179, 85, 21
179, 85, 21
38, 85, 21
38, 85, 21
38, 85, 21
38, 85, 21
38, 85, 21
38, 85, 21
38, 85, 21
38, 85, 21
38, 85, 21
38, 85, 21
38, 84, 21
38, 84, 21
38, 83, 21
38, 83, 21
38, 82, 21
38, 81, 21
38, 80, 21
38, 80, 21
38, 78, 21
38, 77, 21
38, 76, 21
38, 74, 21
38, 73, 21
38, 71, 21
38, 69, 21
38, 68, 21
38, 66, 21
38, 64, 21
38, 62, 21
38, 60, 21
38, 58, 21
38, 56, 21
38, 54, 21
38, 53, 21
38, 51, 21
38, 49, 21
38, 47, 21
38, 45, 21
38, 44, 21
38, 42, 21
38, 40, 21
38, 39, 21
38, 38, 21
38, 36, 21
38, 35, 21
38, 34, 21
38, 33, 21
38, 31, 21
38, 30, 21
38, 29, 21
38, 28, 21
38, 27, 21
38, 27, 21
38, 26, 21
38, 25, 21
38, 24, 21
38, 23, 21
38, 23, 21
38, 22, 21
38, 22, 21
38, 21, 21
38, 20, 21
38, 20, 21
38, 19, 21
38, 19, 21
38, 18, 21
38, 18, 21
38, 18, 21
38, 17, 21
38, 17, 21
38, 17, 21
38, 16, 21
38, 16, 21
38, 16, 21
38, 15, 21
38, 15, 21
38, 15, 21
38, 15, 21
38, 14, 21
38, 14, 21
38, 14, 21
38, 14, 21
38, 14, 21
38, 14, 21
38, 14, 21
38, 13, 21
38, 13, 21
38, 13, 21
38, 13, 21
38, 13, 21
38, 13, 21
38, 13, 21
38, 13, 21
38, 13, 21
38, 13, 21
38, 12, 21
38, 12, 21
38, 12, 21
38, 12, 21
38, 12, 21
38, 12, 21
38, 12, 21
38, 12, 21
38, 12, 21
38, 12, 21
38, 12, 21
38, 12, 21
38, 12, 21
38, 12, 21
38, 12, 21
38, 12, 21
38, 12, 21
38, 12, 21
38, 11, 21
38, 11, 21
38, 11, 21
38, 11, 21
38, 11, 21
38, 11, 21
38, 11, 21
38, 11, 21
38, 11, 21
38, 11, 21
38, 11, 21
38, 11, 21
38, 11, 21
38, 11, 21
38, 11, 21
38, 11, 21
38, 11, 21
38, 11, 21
38, 11, 21
38, 11, 21
38, 11, 21
38, 11, 21
38, 11, 21
38, 11, 21
38, 11, 21
38, 11, 21
38, 11, 21
38, 11, 21
38, 11, 21
38, 11, 21
38, 11, 21
38, 11, 21
38, 11, 20
38, 11, 21
38, 11, 21
38, 11, 21
38, 11, 21
38, 11, 21
38, 11, 21
38, 11, 21
38, 11, 21
38, 11, 21
38, 11, 21
38, 11, 21
38, 11, 21
38, 11, 21
38, 11, 21
38, 11, 21
38, 11, 21
38, 11, 21
38, 11, 21
38, 11, 21
38, 11, 21
38, 11, 21
38, 11, 21
38, 11, 21
38, 11, 21
38, 11, 21
38, 11, 21
136, 11, 21
136, 11, 21
136, 11, 21
136, 11, 21
136, 11, 21
136, 11, 21
136, 12, 21
136, 12, 21
136, 13, 21
136, 14, 21
136, 14, 21
136, 16, 21
136, 17, 21
136, 18, 21
136, 20, 21
136, 21, 21
136, 23, 21
136, 25, 21
136, 27, 21
136, 29, 21
136, 32, 21
136, 34, 21
136, 37, 21
136, 39, 21
136, 42, 21
136, 45, 21
136, 47, 21
136, 50, 21
136, 52, 21
136, 54, 21
136, 57, 21
136, 59, 21
136, 61, 21
136, 62, 21
136, 64, 21
136, 66, 21
136, 68, 21
136, 69, 21
136, 70, 21
136, 71, 21
136, 72, 21
136, 73, 21
136, 74, 21
136, 75, 21
136, 75, 21
136, 76, 21
136, 76, 21
136, 76, 21
136, 77, 21
136, 77, 21
136, 78, 21
136, 78, 21
136, 78, 21
136, 78, 21
136, 78, 21
136, 78, 21
136, 78, 21
136, 78, 21
136, 78, 21
136, 78, 21
136, 78, 21
136, 78, 21
136, 78, 21
136, 78, 21
136, 78, 21
136, 78, 21
136, 77, 21
136, 77, 21
136, 77, 21
136, 77, 21
136, 77, 21
136, 77, 21
136, 77, 21
136, 77, 21
136, 76, 21
136, 76, 21
136, 76, 21
136, 76, 21
136, 76, 21
136, 76, 21
136, 77, 21
136, 77, 21
136, 77, 21
136, 77, 21
136, 77, 21
136, 77, 21
136, 78, 21
136, 78, 21
136, 78, 21
136, 78, 21
136, 78, 21
136, 78, 21
136, 78, 21
136, 78, 21
136, 78, 21
136, 78, 21
136, 78, 21
136, 78, 21
136, 78, 21
136, 78, 21
136, 78, 21
136, 78, 21
136, 78, 21
136, 77, 21
136, 77, 21
136, 77, 21
136, 77, 21
136, 77, 21
136, 77, 21
136, 77, 21
136, 76, 21
136, 76, 21
136, 76, 21
136, 76, 21
136, 76, 21
136, 76, 21
136, 76, 21
136, 77, 21
136, 77, 21
136, 77, 21
136, 77, 21
136, 77, 21
136, 77, 21
136, 78, 21
136, 78, 21
136, 78, 21
136, 78, 21
136, 78, 21
136, 78, 21
136, 78, 21
136, 78, 21
136, 78, 21
136, 78, 21
136, 78, 21
136, 78, 21
136, 78, 21
136, 78, 21
136, 78, 21
136, 78, 21
136, 77, 21
136, 77, 21
136, 77, 21
136, 77, 21
136, 77, 21
136, 77, 21
136, 77, 21
136, 76, 21
136, 76, 21
136, 76, 21
136, 76, 21
136, 76, 21
136, 77, 21
136, 77, 21
136, 77, 21
136, 77, 21
136, 77, 21
136, 77, 21
136, 77, 21
136, 78, 21
136, 78, 21
136, 78, 21
136, 78, 21
136, 78, 21
136, 78, 21
136, 78, 21
136, 78, 21
136, 78, 21
136, 78, 21
136, 78, 21
136, 78, 21
136, 78, 21
135, 78, 21
135, 78, 21
135, 78, 21
135, 78, 21
135, 77, 21
135, 77, 21
135, 77, 21
135, 77, 21
135, 77, 21
135, 77, 21
135, 77, 21
135, 77, 21
135, 77, 21
135, 77, 21
135, 77, 21
135, 77, 21
135, 77, 21
135, 77, 21
135, 77, 21
135, 77, 21
135, 77, 21
135, 78, 21
135, 78, 21
135, 78, 21
135, 78, 21
135, 78, 21
135, 78, 21
135, 78, 21
135, 78, 21
135, 78, 21
135, 78, 21
135, 78, 21
135, 78, 21
135, 78, 21
135, 78, 21
135, 78, 21
135, 78, 21
135, 78, 21
135, 77, 21
135, 77, 21
135, 77, 21
135, 77, 21
135, 77, 21
135, 77, 21
135, 76, 21
135, 76, 21
135, 76, 21
135, 76, 21
135, 76, 21
135, 76, 21
135, 76, 21
135, 76, 21
135, 76, 21
135, 76, 21
135, 77, 21
135, 77, 21
135, 77, 21
135, 77, 21
135, 77, 21
135, 77, 21
135, 78, 21
135, 78, 21
135, 78, 21
135, 78, 21
135, 78, 21
135, 78, 21
135, 78, 21
135, 78, 21
135, 78, 21
135, 78, 21
135, 78, 21
135, 78, 21
135, 78, 21
135, 78, 21
135, 78, 21
135, 78, 21
135, 78, 21
135, 77, 21
135, 77, 21
135, 77, 21
135, 77, 21
135, 77, 21
135, 77, 21
135, 77, 21
135, 76, 21
135, 76, 21
135, 76, 21
135, 76, 21
135, 76, 21
135, 76, 21
135, 76, 21
135, 76, 21
135, 76, 21
135, 77, 21
135, 77, 21
135, 77, 21
135, 77, 21
135, 77, 21
135, 77, 21
135, 78, 21
135, 78, 21
135, 78, 21
135, 78, 21
135, 78, 21
135, 78, 21
135, 78, 21
135, 78, 21
135, 78, 21
135, 78, 21
135, 78, 21
135, 78, 21
135, 78, 21
135, 78, 21
135, 78, 21
135, 78, 21
135, 78, 21
135, 77, 21
135, 77, 21
135, 77, 21
135, 77, 21
135, 77, 21
135, 77, 21
135, 76, 21
135, 76, 21
135, 76, 21
135, 76, 21
135, 76, 21
135, 76, 21
135, 76, 21
135, 76, 21
135, 77, 21
135, 77, 21
135, 77, 21
135, 77, 21
135, 77, 21
135, 77, 21
135, 77, 21
135, 78, 21
135, 78, 21
135, 78, 21
135, 78, 21
135, 78, 21
135, 78, 21
135, 78, 21
135, 78, 21
135, 78, 21
135, 78, 21
135, 78, 21
135, 78, 21
135, 78, 21
135, 78, 21
135, 78, 21
135, 78, 21
135, 78, 21
135, 78, 21
135, 77, 21
135, 77, 21
135, 77, 21
135, 77, 21
135, 77, 21
135, 77, 21
135, 76, 21
135, 76, 21
135, 76, 21
135, 76, 21
135, 76, 21
135, 76, 21
135, 76, 21
135, 76, 21
135, 76, 21
135, 77, 21
117, 77, 21
117, 77, 21
117, 77, 21
117, 77, 21
117, 77, 21
117, 78, 21
117, 78, 21
117, 78, 21
117, 78, 21
117, 78, 21
117, 78, 21
117, 78, 21
117, 78, 21
117, 78, 21
117, 78, 21
117, 78, 21
117, 78, 21
117, 77, 21
117, 77, 21
117, 77, 21
117, 77, 21
117, 76, 21
117, 76, 21
117, 75, 21
117, 75, 21
117, 75, 21
117, 74, 21
117, 74, 21
117, 74, 21
117, 73, 21
117, 73, 21
117, 73, 21
117, 73, 21
117, 73, 21
117, 72, 21
117, 72, 21
117, 72, 21
117, 72, 21
117, 72, 21
117, 72, 21
117, 72, 21
117, 72, 21
117, 72, 21
117, 72, 21
117, 72, 21
117, 72, 21
117, 72, 21
117, 72, 21
117, 72, 21
117, 72, 21
117, 72, 21
117, 72, 21
117, 72, 21
117, 72, 21
117, 72, 21
117, 72, 21
117, 72, 21
117, 72, 21
117, 72, 21
117, 72, 21
117, 72, 21
