8, 21
189, 78, 21
189, 78, 21
189, 71, 21
189, 109, 21
189, 109, 21
189, 89, 21
189, 78, 21
189, 71, 21
189, 78, 21
78, 21
189, 78, 21
189, 78, 21
189, 71, 21
189, 109, 21
189, 109, 21
189, 89, 21
189, 78, 21
189, 71, 21
189, 78, 21
78, 21
189, 78, 21
189, 78, 21
189, 71, 21
189, 109, 21
189, 109, 21
189, 89, 21
189, 78, 21
189, 71, 21
189, 78, 21
87, 0, 0
87, 0, 10
87, 23, 13
87, 40, 15
87, 3, 16
87, 0, 17
87, 58, 17
87, 22, 18
87, 27, 18
87, 48, 18
87, 27, 20
87, 42, 21
87, 50, 21
87, 29, 21
87, 74, 21
87, 18, 21
87, 54, 21
87, 78, 21
87, 15, 21
87, 53, 21
87, 78, 21
87, 29, 21
87, 50, 21
87, 74, 21
87, 50, 21
87, 26, 21
87, 82, 21
87, 66, 21
87, 37, 21
87, 42, 21
87, 74, 21
87, 82, 21
87, 26, 21
87, 46, 21
87, 74, 21
87, 74, 21
87, 40, 21
87, 40, 21
87, 70, 21
87, 82, 21
87, 44, 21
87, 35, 21
87, 63, 21
87, 78, 21
87, 71, 21
87, 35, 21
87, 44, 21
87, 78, 21
87, 74, 21
87, 50, 21
87, 29, 21
87, 74, 21
87, 67, 21
87, 78, 21
87, 33, 21
87, 46, 21
87, 74, 21
87, 82, 21
87, 46, 21
87, 33, 21
87, 63, 21
87, 74, 21
87, 82, 21
87, 29, 21
87, 50, 21
87, 70, 21
87, 74, 21
87, 60, 21
87, 31, 21
87, 63, 21
87, 74, 21
87, 70, 21
87, 50, 21
87, 33, 21
87, 78, 21
87, 63, 21
87, 82, 21
87, 29, 21
87, 50, 21
87, 74, 21
87, 74, 21
87, 55, 21
87, 35, 21
87, 59, 21
87, 74, 21
87, 78, 21
87, 31, 21
87, 40, 21
87, 78, 21
87, 78, 21
87, 59, 21
87, 35, 21
87, 53, 21
87, 78, 21
87, 74, 21
87, 46, 21
87, 33, 21
87, 70, 21
87, 78, 21
87, 74, 21
87, 33, 21
87, 46, 21
87, 66, 21
87, 78, 21
87, 63, 21
87, 35, 21
87, 59, 21
87, 70, 21
87, 70, 21
87, 50, 21
87, 29, 21
87, 82, 21
87, 70, 21
87, 74, 21
87, 33, 21
87, 46, 21
87, 74, 21
87, 78, 21
87, 54, 21
87, 33, 21
87, 62, 21
87, 78, 21
87, 74, 21
87, 39, 21
87, 35, 21
87, 78, 21
87, 78, 21
87, 66, 21
87, 35, 21
87, 44, 21
87, 82, 21
87, 71, 21
87, 54, 21
87, 33, 21
87, 62, 21
87, 78, 21
87, 78, 21
87, 37, 21
87, 35, 21
87, 71, 21
87, 82, 21
87, 59, 21
87, 39, 21
87, 48, 21
87, 78, 21
87, 78, 21
87, 46, 21
87, 37, 21
87, 63, 21
87, 82, 21
87, 74, 21
87, 39, 21
87, 33, 21
87, 82, 21
87, 74, 21
87, 63, 21
87, 37, 21
87, 46, 21
87, 78, 21
87, 78, 21
87, 48, 21
87, 39, 21
87, 59, 21
87, 74, 21
87, 74, 21
87, 35, 21
87, 44, 21
87, 70, 21
87, 74, 21
87, 66, 21
87, 28, 21
189, 66, 21
189, 70, 21
189, 74, 21
189, 81, 21
189, 78, 21
189, 67, 21
189, 78, 21
189, 78, 21
189, 78, 21
189, 74, 21
189, 88, 21
189, 105, 21
189, 100, 21
189, 78, 21
189, 78, 21
189, 78, 21
189, 74, 21
189, 89, 21
189, 104, 21
189, 109, 21
189, 74, 21
189, 78, 21
189, 74, 21
189, 78, 21
189, 99, 21
189, 109, 21
189, 81, 21
189, 82, 21
189, 70, 21
189, 78, 21
189, 100, 21
189, 109, 21
189, 89, 21
189, 82, 21
189, 74, 21
189, 74, 21
189, 89, 21
189, 109, 21
189, 109, 21
189, 78, 21
189, 74, 21
189, 74, 21
189, 78, 21
189, 104, 21
189, 107, 21
189, 78, 21
189, 82, 21
189, 74, 21
189, 78, 21
189, 104, 21
189, 100, 21
189, 93, 21
189, 78, 21
189, 74, 21
189, 78, 21
189, 85, 21
189, 109, 21
189, 104, 21
189, 82, 21
189, 74, 21
189, 74, 21
189, 74, 21
189, 109, 21
189, 107, 21
189, 78, 21
189, 78, 21
189, 74, 21
189, 78, 21
189, 109, 21
189, 100, 21
189, 89, 21
189, 78, 21
189, 78, 21
189, 78, 21
189, 89, 21
189, 104, 21
189, 104, 21
189, 82, 21
189, 74, 21
189, 74, 21
189, 74, 21
189, 109, 21
189, 107, 21
189, 82, 21
189, 74, 21
189, 78, 21
189, 74, 21
189, 109, 21
189, 100, 21
189, 89, 21
189, 78, 21
189, 78, 21
189, 74, 21
189, 93, 21
189, 104, 21
189, 104, 21
189, 78, 21
189, 78, 21
189, 74, 21
189, 78, 21
189, 104, 21
189, 113, 21
189, 74, 21
189, 82, 21
189, 71, 21
189, 78, 21
189, 109, 21
189, 104, 21
189, 93, 21
189, 71, 21
189, 78, 21
189, 74, 21
189, 93, 21
189, 104, 21
189, 107, 21
189, 74, 21
189, 74, 21
189, 74, 21
189, 89, 21
189, 99, 21
189, 109, 21
189, 74, 21
189, 82, 21
189, 74, 21
189, 74, 21
189, 104, 21
189, 109, 21
189, 93, 21
189, 78, 21
189, 71, 21
189, 78, 21
189, 89, 21
189, 113, 21
189, 93, 21
189, 74, 21
189, 78, 21
189, 78, 21
189, 93, 21
189, 104, 21
189, 104, 21
189, 74, 21
189, 82, 21
189, 74, 21
189, 78, 21
189, 99, 21
189, 109, 21
189, 89, 21
189, 74, 21
189, 70, 21
189, 78, 21
189, 100, 21
189, 109, 21
189, 89, 21
189, 82, 21
189, 71, 21
189, 78, 21
189, 89, 21
189, 109, 21
189, 107, 21
189, 74, 21
189, 74, 21
189, 78, 21
189, 74, 21
189, 109, 21
189, 102, 21
189, 82, 21
189, 78, 21
189, 74, 21
189, 78, 21
189, 104, 21
189, 104, 21
133, 93, 21
133, 78, 21
133, 67, 21
133, 85, 21
133, 70, 21
133, 93, 21
133, 89, 21
133, 93, 21
133, 81, 21
133, 93, 21
133, 81, 21
133, 74, 21
133, 70, 21
133, 85, 21
133, 67, 21
133, 78, 21
133, 78, 21
133, 70, 21
133, 81, 21
133, 66, 21
133, 81, 21
133, 74, 21
133, 74, 21
133, 82, 21
133, 67, 21
133, 82, 21
133, 85, 21
133, 78, 21
133, 78, 21
133, 89, 21
133, 71, 21
133, 85, 21
133, 85, 21
133, 78, 21
133, 85, 21
133, 74, 21
133, 82, 21
133, 81, 21
133, 82, 21
133, 78, 21
133, 66, 21
133, 78, 21
133, 82, 21
133, 66, 21
133, 85, 21
133, 70, 21
133, 74, 21
133, 78, 21
133, 74, 21
133, 74, 21
133, 82, 21
133, 67, 21
133, 78, 21
133, 78, 21
133, 74, 21
133, 74, 21
133, 82, 21
133, 67, 21
133, 78, 21
133, 78, 21
133, 78, 21
133, 70, 21
133, 78, 21
133, 78, 21
133, 85, 21
133, 78, 21
133, 81, 21
133, 85, 21
133, 71, 21
133, 82, 21
133, 81, 21
133, 82, 21
133, 78, 21
133, 81, 21
133, 78, 21
133, 82, 21
133, 81, 21
133, 82, 21
133, 78, 21
133, 66, 21
133, 78, 21
133, 82, 21
133, 66, 21
133, 82, 21
133, 74, 21
133, 70, 21
133, 78, 21
133, 82, 21
133, 70, 21
133, 78, 21
133, 71, 21
133, 78, 21
133, 70, 21
133, 82, 21
133, 78, 21
133, 66, 21
133, 82, 21
133, 78, 21
133, 74, 21
133, 74, 21
133, 82, 21
133, 67, 21
133, 78, 21
133, 78, 21
133, 82, 21
133, 81, 21
133, 82, 21
133, 78, 21
133, 82, 21
133, 78, 21
133, 82, 21
133, 81, 21
133, 74, 21
133, 78, 21
133, 85, 21
133, 78, 21
133, 82, 21
133, 74, 21
133, 85, 21
133, 74, 21
133, 78, 21
133, 70, 21
133, 81, 21
133, 70, 21
133, 74, 21
133, 81, 21
133, 70, 21
133, 82, 21
133, 74, 21
133, 74, 21
133, 74, 21
133, 82, 21
133, 70, 21
133, 74, 21
133, 78, 21
133, 78, 21
133, 70, 21
133, 78, 21
133, 74, 21
133, 74, 21
133, 74, 21
133, 82, 21
133, 70, 21
133, 78, 21
133, 78, 21
133, 81, 21
133, 78, 21
133, 82, 21
133, 81, 21
133, 82, 21
133, 74, 21
133, 85, 21
133, 78, 21
133, 82, 21
133, 81, 21
133, 82, 21
133, 74, 21
133, 85, 21
133, 78, 21
133, 82, 21
133, 70, 21
133, 74, 21
133, 82, 21
133, 66, 21
133, 82, 21
133, 78, 21
133, 70, 21
133, 74, 21
133, 82, 21
133, 70, 21
133, 78, 21
58, 78, 21
58, 70, 21
58, 78, 21
58, 74, 21
58, 74, 21
58, 78, 21
58, 63, 21
58, 46, 21
58, 40, 21
58, 70, 21
58, 74, 21
58, 78, 21
58, 22, 21
58, 58, 21
58, 74, 21
58, 46, 21
58, 28, 21
58, 74, 21
58, 52, 21
58, 27, 21
58, 78, 21
58, 29, 21
58, 50, 21
58, 70, 21
58, 0, 21
58, 74, 21
58, 29, 21
58, 40, 21
58, 66, 21
58, 18, 21
58, 74, 21
58, 0, 21
58, 74, 21
58, 11, 21
58, 70, 21
58, 14, 21
58, 58, 21
58, 29, 21
58, 46, 21
58, 29, 21
58, 46, 21
58, 33, 21
58, 42, 21
58, 35, 21
58, 39, 21
58, 37, 21
58, 39, 21
58, 33, 21
58, 42, 21
58, 35, 21
58, 40, 21
58, 29, 21
58, 44, 21
58, 31, 21
58, 44, 21
58, 19, 21
58, 52, 21
58, 19, 21
58, 63, 21
58, 7, 21
58, 63, 21
58, 3, 21
58, 70, 21
58, 0, 21
58, 74, 21
58, 3, 21
58, 66, 21
58, 3, 21
58, 74, 21
58, 3, 21
58, 60, 21
58, 7, 21
58, 59, 21
58, 19, 21
58, 44, 21
58, 23, 21
58, 44, 21
58, 35, 21
58, 31, 21
58, 46, 21
58, 15, 21
58, 52, 21
58, 19, 21
58, 59, 21
58, 0, 21
58, 78, 21
58, 0, 21
58, 74, 21
58, -3, 21
58, 67, 21
58, 3, 21
58, 59, 21
58, 19, 21
58, 44, 21
58, 23, 21
58, 48, 21
58, 31, 21
58, 28, 21
58, 50, 21
58, 18, 21
58, 50, 21
58, 18, 21
58, 62, 21
58, 3, 21
58, 78, 21
58, 0, 21
58, 63, 21
58, 3, 21
58, 74, 21
58, 0, 21
58, 63, 21
58, 15, 21
58, 48, 21
58, 19, 21
58, 48, 21
58, 31, 21
58, 28, 21
58, 50, 21
58, 14, 21
58, 62, 21
58, 3, 21
58, 66, 21
58, 3, 21
58, 74, 21
58, 3, 21
58, 78, 21
58, 0, 21
58, 62, 21
58, 18, 21
58, 46, 21
58, 26, 21
58, 39, 21
58, 37, 21
58, 27, 21
58, 46, 21
58, 17, 21
58, 62, 21
58, 0, 21
58, 82, 21
58, 0, 21
58, 78, 21
58, -3, 21
58, 74, 21
58, 3, 21
58, 62, 21
58, 14, 21
58, 44, 21
58, 33, 21
58, 31, 21
58, 40, 21
58, 27, 21
58, 48, 21
58, 15, 21
58, 63, 21
58, 0, 21
58, 71, 21
58, -3, 21
58, 70, 21
58, 3, 21
58, 74, 21
58, 3, 21
58, 59, 21
58, 15, 21
58, 50, 21
58, 18, 21
58, 40, 21
58, 37, 21
58, 27, 21
58, 44, 21
58, 15, 21
58, 59, 21
150, 3, 21
150, 67, 21
150, 31, 21
150, 48, 21
150, 78, 21
150, 70, 21
150, 62, 21
150, 53, 21
150, 66, 21
150, 63, 21
150, 78, 21
150, 70, 21
150, 82, 21
150, 71, 21
150, 85, 21
150, 81, 21
150, 89, 21
150, 81, 21
150, 85, 21
150, 85, 21
150, 78, 21
150, 78, 21
150, 82, 21
150, 78, 21
150, 71, 21
150, 78, 21
150, 74, 21
150, 78, 21
150, 74, 21
150, 89, 21
150, 89, 21
150, 93, 21
150, 89, 21
150, 93, 21
150, 71, 21
150, 78, 21
150, 70, 21
150, 78, 21
150, 70, 21
150, 82, 21
150, 71, 21
150, 89, 21
150, 89, 21
150, 93, 21
150, 89, 21
150, 93, 21
150, 71, 21
150, 78, 21
150, 74, 21
150, 82, 21
150, 74, 21
150, 74, 21
150, 74, 21
150, 78, 21
150, 89, 21
150, 93, 21
150, 93, 21
150, 88, 21
150, 93, 21
150, 74, 21
150, 78, 21
150, 70, 21
150, 74, 21
150, 78, 21
150, 74, 21
150, 78, 21
150, 82, 21
150, 85, 21
150, 93, 21
150, 89, 21
150, 97, 21
150, 74, 21
150, 74, 21
150, 74, 21
150, 82, 21
150, 74, 21
150, 78, 21
150, 74, 21
150, 74, 21
150, 89, 21
150, 93, 21
150, 89, 21
150, 97, 21
150, 85, 21
150, 78, 21
150, 74, 21
150, 74, 21
150, 78, 21
150, 71, 21
150, 78, 21
150, 74, 21
150, 89, 21
150, 89, 21
150, 93, 21
150, 85, 21
150, 93, 21
150, 74, 21
150, 82, 21
150, 74, 21
150, 78, 21
150, 71, 21
150, 78, 21
150, 74, 21
150, 78, 21
150, 93, 21
150, 89, 21
150, 89, 21
150, 93, 21
150, 89, 21
150, 74, 21
150, 67, 21
150, 82, 21
150, 70, 21
150, 82, 21
150, 74, 21
150, 74, 21
150, 89, 21
150, 93, 21
150, 89, 21
150, 93, 21
150, 93, 21
150, 71, 21
150, 78, 21
150, 74, 21
150, 82, 21
150, 74, 21
150, 74, 21
150, 74, 21
150, 78, 21
150, 89, 21
150, 97, 21
150, 85, 21
150, 97, 21
150, 74, 21
150, 78, 21
150, 74, 21
150, 82, 21
150, 71, 21
150, 78, 21
150, 74, 21
150, 78, 21
150, 89, 21
150, 93, 21
150, 85, 21
150, 97, 21
150, 89, 21
150, 78, 21
150, 67, 21
150, 78, 21
150, 70, 21
150, 78, 21
150, 82, 21
150, 74, 21
150, 93, 21
150, 85, 21
150, 93, 21
150, 89, 21
150, 93, 21
150, 74, 21
150, 74, 21
150, 78, 21
150, 78, 21
150, 74, 21
150, 78, 21
150, 74, 21
150, 74, 21
150, 89, 21
150, 97, 21
150, 89, 21
150, 97, 21
150, 71, 21
172, 78, 21
172, 78, 21
172, 78, 21
172, 78, 21
172, 70, 21
172, 78, 21
172, 105, 21
172, 93, 21
172, 96, 21
172, 81, 21
172, 74, 21
172, 74, 21
172, 82, 21
172, 74, 21
172, 88, 21
172, 105, 21
172, 100, 21
172, 85, 21
172, 71, 21
172, 74, 21
172, 74, 21
172, 78, 21
172, 104, 21
172, 96, 21
172, 100, 21
172, 74, 21
172, 74, 21
172, 82, 21
172, 67, 21
172, 89, 21
172, 96, 21
172, 105, 21
172, 85, 21
172, 74, 21
172, 81, 21
172, 74, 21
172, 74, 21
172, 97, 21
172, 100, 21
172, 100, 21
172, 78, 21
172, 82, 21
172, 70, 21
172, 74, 21
172, 78, 21
172, 105, 21
172, 105, 21
172, 96, 21
172, 70, 21
172, 74, 21
172, 82, 21
172, 70, 21
172, 89, 21
172, 96, 21
172, 100, 21
172, 85, 21
172, 85, 21
172, 70, 21
172, 74, 21
172, 78, 21
172, 89, 21
172, 104, 21
172, 101, 21
172, 85, 21
172, 70, 21
172, 74, 21
172, 82, 21
172, 70, 21
172, 101, 21
172, 92, 21
172, 109, 21
172, 70, 21
172, 85, 21
172, 70, 21
172, 74, 21
172, 78, 21
172, 105, 21
172, 96, 21
172, 105, 21
172, 70, 21
172, 74, 21
172, 82, 21
172, 70, 21
172, 89, 21
172, 96, 21
172, 100, 21
172, 85, 21
172, 85, 21
172, 70, 21
172, 74, 21
172, 78, 21
172, 89, 21
172, 100, 21
172, 101, 21
172, 85, 21
172, 70, 21
172, 81, 21
172, 74, 21
172, 74, 21
172, 97, 21
172, 95, 21
172, 105, 21
172, 78, 21
172, 82, 21
172, 70, 21
172, 74, 21
172, 74, 21
172, 109, 21
172, 96, 21
172, 105, 21
172, 67, 21
172, 78, 21
172, 82, 21
172, 70, 21
172, 89, 21
172, 96, 21
172, 100, 21
172, 85, 21
172, 82, 21
172, 78, 21
172, 70, 21
172, 78, 21
172, 89, 21
172, 96, 21
172, 105, 21
172, 81, 21
172, 74, 21
172, 81, 21
172, 74, 21
172, 74, 21
172, 97, 21
172, 95, 21
172, 105, 21
172, 81, 21
172, 74, 21
172, 70, 21
172, 81, 21
172, 70, 21
172, 109, 21
172, 93, 21
172, 105, 21
172, 71, 21
172, 78, 21
172, 78, 21
172, 74, 21
172, 89, 21
172, 96, 21
172, 100, 21
172, 85, 21
172, 85, 21
172, 74, 21
172, 70, 21
172, 74, 21
172, 97, 21
172, 100, 21
172, 105, 21
172, 81, 21
172, 70, 21
172, 70, 21
172, 85, 21
172, 70, 21
172, 109, 21
172, 88, 21
172, 105, 21
172, 74, 21
172, 78, 21
172, 74, 21
172, 74, 21
172, 81, 21
172, 105, 21
172, 100, 21
44, 85, 21
44, 81, 21
44, 78, 21
44, 70, 21
44, 78, 21
44, 78, 21
44, 74, 21
44, 70, 21
44, 63, 21
44, 46, 21
44, 48, 21
44, 78, 21
44, 74, 21
44, 39, 21
44, 33, 21
44, 74, 21
44, 49, 21
44, 27, 21
44, 70, 21
44, 27, 21
44, 52, 21
44, 50, 21
44, 22, 21
44, 74, 21
44, 7, 21
44, 74, 21
44, 3, 21
44, 66, 21
44, 3, 21
44, 58, 21
44, 26, 21
44, 27, 21
44, 39, 21
44, 3, 21
44, 78, 21
44, 0, 21
44, 35, 21
44, 37, 21
44, 3, 21
44, 55, 21
44, 15, 21
44, 7, 21
44, 70, 20
44, 0, 21
44, 15, 21
44, 63, 21
44, -3, 21
44, 14, 21
44, 62, 21
44, 0, 21
44, 0, 21
44, 59, 21
44, 15, 21
44, 0, 21
44, 44, 21
44, 26, 21
44, 0, 21
44, 22, 21
44, 62, 21
44, -3, 21
44, 0, 21
44, 48, 21
44, 31, 21
44, -3, 21
44, 22, 21
44, 52, 21
44, 0, 21
44, 3, 21
44, 40, 21
44, 27, 21
44, 7, 21
44, 11, 21
44, 48, 21
44, 11, 21
44, 0, 21
44, 31, 21
44, 42, 21
44, 0, 21
44, 0, 21
44, 46, 21
44, 29, 21
44, 0, 21
44, 7, 21
44, 54, 21
44, 14, 21
44, 0, 21
44, 18, 21
44, 55, 21
44, 3, 21
44, -3, 21
44, 33, 21
44, 39, 21
44, 7, 21
44, -3, 21
44, 46, 21
44, 33, 21
44, -3, 21
44, 3, 21
44, 54, 20
44, 17, 21
44, 0, 21
44, 14, 21
44, 50, 21
44, 7, 21
44, 3, 21
44, 18, 21
44, 58, 21
44, 3, 21
44, -3, 21
44, 29, 21
44, 48, 21
44, -3, 21
44, 0, 21
44, 37, 21
44, 35, 21
44, 7, 21
44, 0, 21
44, 40, 21
44, 31, 21
44, 0, 21
44, 0, 21
44, 46, 20
44, 33, 21
44, -7, 21
44, 3, 21
44, 46, 21
44, 33, 21
44, -7, 21
44, 3, 21
44, 46, 21
44, 33, 21
44, -7, 21
44, 3, 21
44, 50, 21
44, 26, 21
44, 0, 21
44, 3, 21
44, 50, 21
44, 18, 21
44, 7, 21
44, 3, 21
44, 54, 21
44, 18, 21
44, -7, 21
44, 18, 21
44, 50, 21
44, 7, 21
44, 3, 21
44, 19, 21
44, 52, 21
44, 7, 21
44, -3, 21
44, 31, 21
44, 48, 21
44, -3, 21
44, 0, 21
44, 39, 20
44, 35, 21
44, 3, 21
44, -3, 21
44, 46, 21
44, 33, 21
44, -3, 21
44, 3, 21
44, 54, 21
44, 18, 21
44, -3, 21
44, 18, 21
44, 48, 21
44, 7, 21
44, 7, 21
44, 22, 21
118, 50, 21
118, 3, 21
118, 15, 21
118, 58, 21
118, 28, 21
118, 46, 21
118, 70, 21
118, 35, 21
118, 48, 21
118, 74, 21
118, 67, 21
118, 54, 21
118, 44, 21
118, 62, 21
118, 70, 21
118, 74, 21
118, 78, 21
118, 74, 21
118, 70, 21
118, 62, 21
118, 59, 21
118, 59, 21
118, 63, 21
118, 62, 21
118, 78, 21
118, 74, 21
118, 74, 21
118, 78, 21
118, 70, 21
118, 82, 21
118, 70, 21
118, 78, 21
118, 74, 21
118, 70, 21
118, 85, 21
118, 70, 21
118, 78, 21
118, 78, 21
118, 66, 21
118, 78, 21
118, 78, 21
118, 74, 21
118, 74, 21
118, 63, 21
118, 74, 21
118, 70, 21
118, 70, 21
118, 70, 21
118, 78, 21
118, 67, 21
118, 70, 21
118, 70, 21
118, 78, 21
118, 70, 21
118, 66, 21
118, 70, 21
118, 78, 21
118, 70, 21
118, 70, 21
118, 70, 21
118, 74, 21
118, 74, 21
118, 82, 21
118, 70, 21
118, 78, 21
118, 82, 21
118, 71, 21
118, 74, 21
118, 70, 21
118, 85, 21
118, 74, 21
118, 70, 21
118, 70, 21
118, 85, 21
118, 70, 21
118, 78, 21
118, 74, 21
118, 78, 21
118, 70, 21
118, 74, 21
118, 78, 21
118, 82, 21
118, 67, 21
118, 74, 21
118, 81, 21
118, 78, 21
118, 70, 21
118, 70, 21
118, 81, 21
118, 74, 21
118, 74, 21
118, 74, 21
118, 66, 21
118, 74, 21
118, 70, 21
118, 74, 21
118, 70, 21
118, 74, 21
118, 67, 21
118, 74, 21
118, 74, 21
118, 70, 21
118, 74, 21
118, 63, 21
118, 74, 21
118, 70, 21
118, 74, 21
118, 66, 21
118, 74, 21
118, 71, 21
118, 82, 21
118, 70, 21
118, 78, 21
118, 74, 21
118, 82, 21
118, 67, 21
118, 74, 21
118, 81, 21
118, 78, 21
118, 70, 21
118, 70, 21
118, 81, 21
118, 74, 21
118, 74, 21
118, 78, 21
118, 78, 21
118, 70, 21
118, 70, 21
118, 85, 21
118, 70, 21
118, 74, 21
118, 74, 21
118, 81, 21
118, 74, 21
118, 70, 21
118, 78, 21
118, 81, 21
118, 70, 21
118, 74, 21
118, 74, 21
118, 66, 21
118, 74, 21
118, 67, 21
118, 74, 21
118, 70, 21
118, 74, 21
118, 70, 21
118, 70, 21
118, 71, 21
118, 74, 21
118, 70, 21
118, 70, 21
118, 70, 21
118, 74, 21
118, 70, 21
118, 70, 21
118, 70, 21
118, 78, 21
118, 71, 21
118, 82, 21
118, 70, 21
118, 78, 21
118, 78, 21
118, 78, 21
118, 74, 21
118, 70, 21
118, 74, 21
118, 81, 21
118, 74, 21
118, 70, 21
118, 81, 21
163, 70, 21
163, 78, 21
163, 74, 21
163, 78, 21
163, 71, 21
163, 74, 21
163, 78, 21
163, 78, 21
163, 85, 21
163, 97, 21
163, 85, 21
163, 93, 21
163, 93, 21
163, 70, 21
163, 81, 21
163, 70, 21
163, 74, 21
163, 82, 21
163, 78, 21
163, 101, 21
163, 88, 21
163, 101, 21
163, 78, 21
163, 74, 21
163, 82, 21
163, 74, 21
163, 74, 21
163, 78, 21
163, 105, 21
163, 93, 21
163, 96, 21
163, 78, 21
163, 74, 21
163, 78, 21
163, 82, 21
163, 67, 21
163, 82, 21
163, 100, 21
163, 97, 21
163, 96, 21
163, 78, 21
163, 74, 21
163, 78, 21
163, 78, 21
163, 74, 21
163, 74, 21
163, 105, 21
163, 93, 21
163, 101, 21
163, 81, 21
163, 66, 21
163, 81, 21
163, 70, 21
163, 81, 21
163, 85, 21
163, 88, 21
163, 97, 21
163, 101, 21
163, 81, 21
163, 70, 21
163, 74, 21
163, 78, 21
163, 74, 21
163, 82, 21
163, 100, 21
163, 93, 21
163, 96, 21
163, 82, 21
163, 70, 21
163, 82, 21
163, 67, 21
163, 82, 21
163, 81, 21
163, 101, 21
163, 93, 21
163, 96, 21
163, 78, 21
163, 74, 21
163, 78, 21
163, 82, 21
163, 67, 21
163, 82, 21
163, 100, 21
163, 93, 21
163, 100, 21
163, 78, 21
163, 70, 21
163, 82, 21
163, 78, 21
163, 74, 21
163, 78, 21
163, 100, 21
163, 93, 21
163, 100, 21
163, 82, 21
163, 71, 21
163, 78, 21
163, 78, 21
163, 74, 21
163, 74, 21
163, 96, 21
163, 96, 21
163, 97, 21
163, 81, 21
163, 85, 21
163, 67, 21
163, 82, 21
163, 70, 21
163, 78, 21
163, 93, 21
163, 100, 21
163, 93, 21
163, 85, 21
163, 81, 21
163, 74, 21
163, 74, 21
163, 78, 21
163, 70, 21
163, 93, 21
163, 96, 21
163, 101, 21
163, 88, 21
163, 70, 21
163, 85, 21
163, 66, 21
163, 85, 21
163, 67, 21
163, 93, 21
163, 96, 21
163, 101, 21
163, 93, 21
163, 66, 21
163, 81, 21
163, 70, 21
163, 81, 21
163, 74, 21
163, 89, 21
163, 93, 21
163, 100, 21
163, 97, 21
163, 66, 21
163, 85, 21
163, 63, 21
163, 85, 21
163, 70, 21
163, 93, 21
163, 96, 21
163, 96, 21
163, 93, 21
163, 70, 21
163, 81, 21
163, 70, 21
163, 78, 21
163, 74, 21
163, 93, 21
163, 93, 21
163, 101, 21
163, 96, 21
163, 66, 21
163, 81, 21
163, 70, 21
163, 78, 21
163, 82, 21
163, 81, 21
163, 97, 21
163, 100, 21
163, 97, 21
163, 66, 21
163, 81, 21
163, 66, 21
163, 82, 21
129, 74, 21
129, 93, 21
129, 85, 21
129, 93, 21
129, 89, 21
129, 89, 21
129, 74, 21
129, 85, 21
129, 63, 21
129, 85, 21
129, 70, 21
129, 78, 21
129, 74, 21
129, 82, 21
129, 63, 21
129, 85, 21
129, 78, 21
129, 70, 21
129, 78, 21
129, 74, 21
129, 74, 21
129, 74, 21
129, 78, 21
129, 78, 21
129, 74, 21
129, 71, 21
129, 78, 21
129, 78, 21
129, 82, 21
129, 78, 21
129, 78, 21
129, 74, 21
129, 82, 21
129, 78, 21
129, 85, 21
129, 74, 21
129, 74, 21
129, 78, 21
129, 78, 21
129, 78, 21
129, 82, 21
129, 74, 21
129, 78, 21
129, 74, 21
129, 82, 21
129, 74, 21
129, 78, 21
129, 78, 21
129, 82, 21
129, 78, 21
129, 74, 21
129, 82, 21
129, 74, 21
129, 82, 21
129, 78, 21
129, 78, 21
129, 78, 21
129, 74, 21
129, 66, 21
129, 78, 21
129, 78, 21
129, 78, 21
129, 74, 21
129, 78, 21
129, 74, 21
129, 78, 21
129, 70, 21
129, 74, 21
129, 71, 21
129, 82, 21
129, 74, 21
129, 82, 21
129, 74, 21
129, 70, 21
129, 70, 21
129, 78, 21
129, 78, 21
129, 78, 21
129, 78, 21
129, 74, 21
129, 74, 21
129, 74, 21
129, 78, 21
129, 74, 21
129, 78, 21
129, 74, 21
129, 78, 21
129, 70, 21
129, 74, 21
129, 74, 21
129, 78, 21
129, 74, 21
129, 82, 21
129, 74, 21
129, 70, 21
129, 74, 21
129, 78, 21
129, 74, 21
129, 82, 21
129, 74, 21
129, 74, 21
129, 71, 21
129, 78, 21
129, 74, 21
129, 78, 21
129, 74, 21
129, 82, 21
129, 74, 21
129, 74, 21
129, 70, 21
129, 78, 21
129, 78, 21
129, 74, 21
129, 78, 21
129, 74, 21
129, 82, 21
129, 78, 21
129, 82, 21
129, 74, 21
129, 74, 21
129, 78, 21
129, 82, 21
129, 81, 21
129, 78, 21
129, 74, 21
129, 74, 21
129, 74, 21
129, 82, 21
129, 74, 21
129, 82, 21
129, 74, 21
129, 82, 21
129, 74, 21
129, 78, 21
129, 74, 21
129, 78, 21
129, 78, 21
129, 82, 21
129, 78, 21
129, 78, 21
129, 78, 21
129, 74, 21
129, 81, 21
129, 78, 21
129, 82, 21
129, 74, 21
129, 74, 21
129, 78, 21
129, 74, 21
129, 70, 21
129, 78, 21
129, 74, 21
129, 78, 21
129, 78, 21
129, 74, 21
129, 70, 21
129, 78, 21
129, 74, 21
129, 82, 21
129, 74, 21
129, 70, 21
129, 74, 21
129, 78, 21
129, 78, 21
129, 78, 21
129, 70, 21
129, 78, 21
129, 74, 21
129, 74, 21
129, 74, 21
129, 78, 21
20, 78, 21
20, 78, 21
20, 67, 21
20, 82, 21
20, 70, 21
20, 52, 21
20, 42, 21
20, 59, 21
20, 82, 21
20, 44, 21
20, 27, 21
20, 71, 21
20, 31, 21
20, 48, 21
20, 42, 21
20, 29, 21
20, 46, 21
20, 29, 21
20, 23, 21
20, 46, 21
20, 3, 21
20, 48, 21
20, 27, 21
20, 0, 21
20, 31, 21
20, 40, 21
20, 3, 21
20, 0, 21
20, 15, 21
20, 29, 21
20, 29, 21
20, 0, 21
20, 0, 21
20, -3, 21
20, 3, 21
20, 0, 21
20, 3, 21
20, 0, 21
20, 7, 21
20, 0, 21
20, -3, 21
20, -3, 20
20, 0, 21
20, 0, 21
20, 0, 21
20, 0, 21
20, 0, 21
20, 0, 21
20, 0, 21
20, 0, 21
20, 0, 21
20, 0, 21
20, 0, 21
20, 0, 21
20, 0, 21
20, 0, 21
20, 0, 21
20, 0, 21
20, 0, 21
20, 0, 21
20, 0, 21
20, 0, 21
20, 0, 21
20, 0, 21
20, 0, 21
20, 0, 21
20, 0, 21
20, 0, 21
20, 0, 20
20, 0, 21
20, 0, 21
20, 0, 21
20, 0, 21
20, 0, 21
20, 0, 21
20, 0, 21
20, 0, 21
20, 0, 21
20, 0, 21
20, 0, 21
20, 0, 21
20, 0, 21
20, 0, 21
20, 0, 21
20, 0, 21
20, 0, 20
20, 0, 21
20, 0, 20
20, 0, 21
20, 0, 20
20, 0, 21
20, 0, 20
20, 0, 21
20, 0, 20
20, 0, 21
20, 0, 21
20, 0, 21
20, 0, 21
20, 0, 21
20, 0, 21
20, 0, 21
20, 0, 21
20, 0, 21
20, 0, 21
20, 0, 21
20, 0, 21
20, 0, 21
20, 0, 21
20, 0, 21
20, 0, 21
20, 0, 21
20, 0, 21
20, 0, 21
20, 0, 21
20, 0, 21
20, 0, 21
20, 0, 21
20, 0, 21
20, 0, 20
20, 0, 21
20, 0, 21
20, 0, 21
20, 0, 21
20, 0, 21
20, 0, 21
20, 0, 21
20, 0, 21
20, 0, 21
20, 0, 21
20, 0, 21
20, 0, 21
20, 0, 21
20, 0, 21
20, 0, 21
20, 0, 21
20, 0, 20
20, 0, 21
20, 0, 20
20, 0, 21
20, 0, 20
20, 0, 21
20, 0, 20
20, 0, 21
20, 0, 20
20, 0, 21
20, 0, 21
20, 0, 21
20, 0, 21
20, 0, 21
20, 0, 21
20, 0, 21
20, 0, 21
20, 0, 21
20, 0, 21
20, 0, 21
20, 0, 21
20, 0, 21
20, 0, 21
20, 0, 21
20, 0, 21
20, 0, 21
20, 0, 21
20, 0, 21
20, 0, 21
20, 0, 21
20, 0, 21
20, 0, 21
20, 0, 21
20, 0, 21
20, 0, 21
20, 0, 20
20, 0, 21
145, 0, 21
145, 14, 21
145, 58, 21
145, -3, 21
145, 78, 21
145, 3, 21
145, 74, 21
145, 74, 21
145, 58, 21
145, 48, 21
145, 54, 21
145, 70, 21
145, 70, 21
145, 78, 21
145, 74, 21
145, 74, 21
145, 78, 21
145, 82, 21
145, 67, 21
145, 78, 21
145, 78, 21
145, 74, 21
145, 78, 21
145, 85, 21
145, 85, 21
145, 85, 21
145, 85, 21
145, 89, 21
145, 85, 21
145, 85, 21
145, 70, 21
145, 74, 21
145, 74, 21
145, 82, 21
145, 74, 21
145, 74, 21
145, 74, 21
145, 78, 21
145, 78, 21
145, 78, 21
145, 85, 21
145, 89, 21
145, 89, 21
145, 89, 21
145, 89, 21
145, 81, 21
145, 74, 21
145, 78, 21
145, 70, 21
145, 78, 21
145, 70, 21
145, 74, 21
145, 85, 21
145, 74, 21
145, 74, 21
145, 89, 21
145, 89, 21
145, 85, 21
145, 89, 21
145, 85, 21
145, 93, 21
145, 71, 21
145, 78, 21
145, 70, 21
145, 78, 21
145, 70, 21
145, 74, 21
145, 81, 21
145, 78, 21
145, 70, 21
145, 93, 21
145, 81, 21
145, 85, 21
145, 89, 21
145, 89, 21
145, 89, 21
145, 74, 21
145, 71, 21
145, 82, 21
145, 78, 21
145, 78, 21
145, 78, 21
145, 67, 21
145, 78, 21
145, 74, 21
145, 82, 21
145, 89, 21
145, 89, 21
145, 85, 21
145, 89, 21
145, 89, 21
145, 85, 21
145, 74, 21
145, 74, 21
145, 70, 21
145, 78, 21
145, 74, 21
145, 74, 21
145, 74, 21
145, 82, 21
145, 74, 21
145, 89, 21
145, 89, 21
145, 93, 21
145, 81, 21
145, 85, 21
145, 89, 21
145, 78, 21
145, 70, 21
145, 74, 21
145, 74, 21
145, 74, 21
145, 78, 21
145, 82, 21
145, 71, 21
145, 74, 21
145, 93, 21
145, 89, 21
145, 89, 21
145, 85, 21
145, 85, 21
145, 89, 21
145, 78, 21
145, 70, 21
145, 78, 21
145, 71, 21
145, 74, 21
145, 81, 21
145, 78, 21
145, 70, 21
145, 74, 21
145, 81, 21
145, 89, 21
145, 89, 21
145, 89, 21
145, 85, 21
145, 89, 21
145, 74, 21
145, 82, 21
145, 78, 21
145, 74, 21
145, 74, 21
145, 78, 21
145, 70, 21
145, 78, 21
145, 74, 21
145, 78, 21
145, 93, 21
145, 85, 21
145, 93, 21
145, 85, 21
145, 85, 21
145, 85, 21
145, 74, 21
145, 74, 21
145, 78, 21
145, 71, 21
145, 74, 21
145, 81, 21
145, 78, 21
145, 74, 21
145, 74, 21
145, 85, 21
145, 93, 21
145, 85, 21
145, 85, 21
145, 89, 21
145, 85, 21
145, 74, 21
145, 74, 21
145, 74, 21
152, 82, 21
152, 74, 21
152, 78, 21
152, 74, 21
152, 78, 21
152, 70, 21
152, 93, 21
152, 89, 21
152, 93, 21
152, 93, 21
152, 89, 21
152, 70, 21
152, 70, 21
152, 82, 21
152, 74, 21
152, 78, 21
152, 74, 21
152, 74, 21
152, 89, 21
152, 93, 21
152, 89, 21
152, 93, 21
152, 88, 21
152, 78, 21
152, 70, 21
152, 78, 21
152, 70, 21
152, 82, 21
152, 71, 21
152, 78, 21
152, 89, 21
152, 97, 21
152, 89, 21
152, 89, 21
152, 81, 21
152, 78, 21
152, 74, 21
152, 82, 21
152, 71, 21
152, 78, 21
152, 78, 21
152, 74, 21
152, 93, 21
152, 88, 21
152, 93, 21
152, 89, 21
152, 85, 21
152, 74, 21
152, 78, 21
152, 74, 21
152, 78, 21
152, 74, 21
152, 82, 21
152, 74, 21
152, 89, 21
152, 93, 21
152, 93, 21
152, 93, 21
152, 78, 21
152, 71, 21
152, 82, 21
152, 74, 21
152, 82, 21
152, 74, 21
152, 74, 21
152, 74, 21
152, 97, 21
152, 93, 21
152, 93, 21
152, 88, 21
152, 78, 21
152, 74, 21
152, 82, 21
152, 78, 21
152, 74, 21
152, 74, 21
152, 74, 21
152, 82, 21
152, 93, 21
152, 93, 21
152, 85, 21
152, 97, 21
152, 74, 21
152, 78, 21
152, 78, 21
152, 78, 21
152, 71, 21
152, 78, 21
152, 74, 21
152, 85, 21
152, 89, 21
152, 89, 21
152, 89, 21
152, 93, 21
152, 78, 21
152, 78, 21
152, 74, 21
152, 74, 21
152, 74, 21
152, 78, 21
152, 74, 21
152, 82, 21
152, 85, 21
152, 93, 21
152, 89, 21
152, 93, 21
152, 85, 21
152, 71, 21
152, 78, 21
152, 78, 21
152, 74, 21
152, 78, 21
152, 78, 21
152, 71, 21
152, 93, 21
152, 89, 21
152, 93, 21
152, 85, 21
152, 93, 21
152, 74, 21
152, 78, 21
152, 74, 21
152, 78, 21
152, 78, 21
152, 74, 21
152, 74, 21
152, 78, 21
152, 89, 21
152, 97, 21
152, 88, 21
152, 93, 21
152, 74, 21
152, 78, 21
152, 78, 21
152, 74, 21
152, 74, 21
152, 78, 21
152, 78, 21
152, 74, 21
152, 93, 21
152, 85, 21
152, 93, 21
152, 93, 21
152, 93, 21
152, 74, 21
152, 66, 21
152, 78, 21
152, 74, 21
152, 78, 21
152, 78, 21
152, 71, 21
152, 93, 21
152, 89, 21
152, 97, 21
152, 89, 21
152, 89, 21
152, 74, 21
152, 74, 21
152, 74, 21
152, 74, 21
152, 74, 21
152, 78, 21
152, 74, 21
152, 93, 21
152, 89, 21
152, 93, 21
152, 89, 21
152, 89, 21
152, 78, 21
152, 78, 21
152, 74, 21
82, 67, 21
82, 78, 21
82, 78, 21
82, 82, 21
82, 74, 21
82, 74, 21
82, 78, 21
82, 66, 21
82, 78, 21
82, 78, 21
82, 74, 21
82, 74, 21
82, 48, 21
82, 46, 21
82, 63, 21
82, 74, 21
82, 70, 21
82, 74, 21
82, 55, 21
82, 39, 21
82, 59, 21
82, 82, 21
82, 66, 21
82, 63, 21
82, 33, 21
82, 62, 21
82, 70, 21
82, 74, 21
82, 42, 21
82, 37, 21
82, 74, 21
82, 74, 21
82, 50, 21
82, 29, 21
82, 78, 21
82, 74, 21
82, 58, 21
82, 29, 21
82, 58, 21
82, 74, 21
82, 66, 21
82, 26, 21
82, 62, 21
82, 70, 21
82, 70, 21
82, 29, 21
82, 55, 21
82, 70, 21
82, 70, 21
82, 29, 21
82, 58, 21
82, 70, 21
82, 70, 21
82, 26, 21
82, 55, 21
82, 81, 21
82, 58, 21
82, 26, 21
82, 70, 21
82, 70, 21
82, 55, 21
82, 26, 21
82, 70, 21
82, 82, 21
82, 40, 21
82, 31, 21
82, 74, 21
82, 78, 21
82, 40, 21
82, 37, 21
82, 74, 21
82, 70, 21
82, 40, 21
82, 42, 21
82, 70, 21
82, 74, 21
82, 37, 21
82, 40, 21
82, 74, 21
82, 82, 21
82, 26, 21
82, 46, 21
82, 78, 21
82, 70, 21
82, 22, 21
82, 55, 21
82, 70, 21
82, 70, 21
82, 27, 21
82, 55, 21
82, 85, 21
82, 55, 21
82, 26, 21
82, 66, 21
82, 74, 21
82, 52, 21
82, 27, 21
82, 70, 21
82, 74, 21
82, 52, 21
82, 26, 21
82, 70, 21
82, 85, 21
82, 40, 21
82, 31, 21
82, 78, 21
82, 74, 21
82, 40, 21
82, 37, 21
82, 70, 21
82, 74, 21
82, 33, 21
82, 46, 21
82, 78, 21
82, 74, 21
82, 26, 21
82, 54, 21
82, 70, 21
82, 63, 21
82, 27, 21
82, 59, 21
82, 82, 21
82, 55, 21
82, 31, 21
82, 60, 21
82, 74, 21
82, 55, 21
82, 27, 21
82, 70, 21
82, 70, 21
82, 55, 21
82, 27, 21
82, 67, 21
82, 74, 21
82, 52, 21
82, 27, 21
82, 70, 21
82, 85, 21
82, 40, 21
82, 31, 21
82, 74, 21
82, 70, 21
82, 37, 21
82, 42, 21
82, 74, 21
82, 82, 21
82, 27, 21
82, 44, 21
82, 78, 21
82, 70, 21
82, 23, 21
82, 55, 21
82, 74, 21
82, 63, 21
82, 31, 21
82, 55, 21
82, 74, 21
82, 63, 21
82, 27, 21
82, 55, 21
82, 85, 21
82, 55, 21
82, 23, 21
82, 70, 21
82, 66, 21
82, 55, 21
82, 27, 21
82, 70, 21
82, 82, 21
82, 40, 21
82, 31, 21
47, 71, 21
47, 78, 21
47, 29, 21
47, 46, 21
47, 70, 21
47, 35, 21
47, 50, 21
47, 74, 21
47, -3, 21
47, 70, 21
47, 35, 21
47, 44, 21
47, 46, 21
47, 29, 21
47, 54, 21
47, 22, 21
47, 48, 21
47, 22, 21
47, 46, 21
47, 33, 21
47, 27, 21
47, 52, 21
47, -3, 21
47, 70, 21
47, 3, 21
47, 46, 21
47, 27, 21
47, 14, 21
47, 62, 21
47, 3, 21
47, 46, 21
47, 29, 21
47, -3, 21
47, 78, 21
47, -3, 21
47, 23, 21
47, 55, 21
47, -3, 21
47, 33, 21
47, 46, 21
47, 0, 21
47, 35, 21
47, 37, 21
47, 3, 21
47, 31, 21
47, 39, 21
47, 3, 21
47, 31, 21
47, 48, 21
47, -7, 21
47, 33, 21
47, 46, 21
47, 3, 21
47, 15, 21
47, 49, 21
47, 0, 21
47, 18, 21
47, 62, 21
47, 0, 21
47, 3, 21
47, 59, 21
47, 11, 21
47, 3, 21
47, 48, 21
47, 19, 20
47, 3, 21
47, 46, 21
47, 29, 21
47, 0, 21
47, 29, 21
47, 46, 21
47, 3, 21
47, 15, 21
47, 59, 21
47, 0, 21
47, 0, 21
47, 62, 21
47, 10, 21
47, 0, 21
47, 52, 21
47, 19, 21
47, 3, 21
47, 42, 21
47, 29, 21
47, 3, 21
47, 29, 21
47, 42, 21
47, 3, 21
47, 14, 21
47, 55, 21
47, 3, 21
47, 0, 21
47, 55, 21
47, 15, 21
47, 3, 21
47, 42, 21
47, 29, 21
47, 0, 21
47, 22, 21
47, 62, 20
47, 0, 21
47, 0, 21
47, 55, 21
47, 15, 21
47, 0, 21
47, 46, 21
47, 26, 21
47, 3, 21
47, 26, 21
47, 46, 21
47, 3, 21
47, 7, 21
47, 55, 21
47, 15, 21
47, 0, 21
47, 46, 21
47, 29, 21
47, 0, 21
47, 27, 21
47, 44, 21
47, 0, 21
47, 14, 21
47, 59, 21
47, 0, 21
47, 0, 21
47, 59, 21
47, 15, 21
47, 0, 21
47, 46, 21
47, 26, 21
47, 3, 21
47, 29, 21
47, 42, 21
47, 3, 21
47, 15, 21
47, 56, 21
47, 0, 21
47, 0, 21
47, 62, 21
47, 14, 21
47, 0, 21
47, 44, 21
47, 31, 21
47, 0, 21
47, 31, 21
47, 46, 20
47, 3, 21
47, 11, 20
47, 56, 21
47, 3, 21
47, 0, 21
47, 62, 21
47, 14, 21
47, 0, 21
47, 44, 21
47, 31, 21
47, 0, 21
47, 31, 21
47, 44, 21
47, 0, 21
47, 14, 21
47, 55, 21
47, 3, 21
47, 0, 21
47, 55, 21
47, 19, 21
47, -3, 21
47, 46, 21
47, 29, 21
47, 0, 21
47, 26, 21
47, 54, 21
103, 0, 21
103, 3, 21
103, 66, 21
103, 3, 21
103, 78, 21
103, 3, 21
103, 78, 21
103, 28, 21
103, 42, 21
103, 74, 21
103, 50, 21
103, 26, 21
103, 78, 21
103, 71, 21
103, 58, 21
103, 33, 21
103, 62, 21
103, 78, 21
103, 74, 21
103, 67, 21
103, 50, 21
103, 44, 21
103, 62, 21
103, 78, 21
103, 74, 21
103, 71, 21
103, 82, 21
103, 55, 21
103, 50, 21
103, 55, 21
103, 63, 21
103, 70, 21
103, 78, 21
103, 78, 21
103, 74, 21
103, 78, 21
103, 53, 21
103, 54, 21
103, 55, 21
103, 66, 21
103, 70, 21
103, 74, 21
103, 78, 21
103, 70, 21
103, 81, 21
103, 58, 21
103, 55, 21
103, 54, 21
103, 53, 21
103, 78, 21
103, 78, 21
103, 74, 21
103, 74, 21
103, 74, 21
103, 70, 21
103, 54, 21
103, 55, 21
103, 58, 21
103, 66, 21
103, 70, 21
103, 74, 21
103, 82, 21
103, 66, 21
103, 85, 21
103, 53, 21
103, 58, 21
103, 54, 21
103, 55, 21
103, 78, 21
103, 74, 21
103, 74, 21
103, 70, 21
103, 85, 21
103, 70, 21
103, 58, 21
103, 49, 21
103, 58, 21
103, 59, 21
103, 82, 21
103, 70, 21
103, 78, 21
103, 71, 21
103, 74, 21
103, 66, 21
103, 58, 21
103, 52, 21
103, 55, 21
103, 70, 21
103, 78, 21
103, 78, 21
103, 74, 21
103, 74, 21
103, 74, 21
103, 59, 21
103, 54, 21
103, 55, 21
103, 58, 21
103, 74, 21
103, 78, 21
103, 74, 21
103, 70, 21
103, 85, 21
103, 63, 21
103, 54, 21
103, 55, 21
103, 58, 21
103, 66, 21
103, 74, 21
103, 71, 21
103, 78, 21
103, 70, 21
103, 85, 21
103, 55, 21
103, 54, 21
103, 49, 21
103, 62, 21
103, 74, 21
103, 82, 21
103, 70, 21
103, 82, 21
103, 67, 21
103, 74, 21
103, 52, 21
103, 58, 21
103, 55, 21
103, 66, 21
103, 70, 21
103, 74, 21
103, 85, 21
103, 70, 21
103, 74, 21
103, 60, 21
103, 62, 21
103, 52, 21
103, 58, 21
103, 70, 21
103, 74, 21
103, 78, 21
103, 74, 21
103, 74, 21
103, 82, 21
103, 53, 21
103, 58, 21
103, 52, 21
103, 58, 21
103, 74, 21
103, 82, 21
103, 67, 21
103, 74, 21
103, 81, 21
103, 70, 21
103, 52, 21
103, 58, 21
103, 56, 21
103, 66, 21
103, 70, 21
103, 74, 21
103, 81, 21
103, 66, 21
103, 74, 21
103, 66, 21
103, 62, 21
103, 52, 21
103, 58, 21
103, 67, 21
103, 78, 21
103, 78, 21
103, 74, 21
103, 74, 21
103, 78, 21
103, 55, 21
27, 58, 21
27, 48, 21
27, 62, 21
27, 78, 21
27, 74, 21
27, 40, 21
27, 31, 21
27, 70, 21
27, 50, 21
27, 29, 21
27, 74, 21
27, 3, 21
27, 70, 21
27, 7, 21
27, 74, 21
27, 3, 21
27, 74, 21
27, 3, 21
27, 35, 21
27, 42, 21
27, -3, 21
27, 46, 21
27, 31, 21
27, -3, 21
27, 26, 21
27, 50, 21
27, 3, 21
27, 0, 21
27, 11, 21
27, 42, 21
27, 18, 21
27, 3, 21
27, -3, 21
27, 3, 21
27, 14, 21
27, 27, 21
27, 26, 21
27, 3, 21
27, 3, 21
27, -3, 21
27, -3, 21
27, 3, 21
27, 0, 21
27, 3, 21
27, 3, 21
27, 7, 21
27, 14, 21
27, 11, 21
27, 3, 21
27, -3, 21
27, -7, 21
27, -3, 21
27, 0, 21
27, 0, 21
27, 3, 21
27, 0, 21
27, 0, 20
27, 0, 21
27, 0, 21
27, 0, 21
27, 0, 21
27, 0, 21
27, 0, 21
27, 0, 21
27, 0, 21
27, 0, 21
27, 0, 21
27, 0, 21
27, 0, 21
27, 0, 21
27, 0, 21
27, 0, 21
27, 0, 21
27, 0, 21
27, 0, 21
27, 0, 21
27, 0, 21
27, 0, 21
27, 0, 21
27, 0, 21
27, 0, 21
27, 0, 21
27, 0, 21
27, 0, 20
27, 0, 21
27, 0, 21
27, 0, 21
27, 0, 21
27, 0, 21
27, 0, 21
27, 0, 21
27, 0, 21
27, 0, 21
27, 0, 21
27, 0, 21
27, 0, 21
27, 0, 21
27, 0, 21
27, 0, 21
27, 0, 21
27, 0, 20
27, 0, 21
27, 0, 20
27, 0, 21
27, 0, 20
27, 0, 21
27, 0, 20
27, 0, 21
27, 0, 20
27, 0, 21
27, 0, 21
27, 0, 21
27, 0, 21
27, 0, 21
27, 0, 21
27, 0, 21
27, 0, 21
27, 0, 21
27, 0, 21
27, 0, 21
27, 0, 21
27, 0, 21
27, 0, 21
27, 0, 21
27, 0, 21
27, 0, 21
27, 0, 21
27, 0, 21
27, 0, 21
27, 0, 21
27, 0, 21
27, 0, 21
27, 0, 21
27, 0, 20
27, 0, 21
27, 0, 21
27, 0, 21
27, 0, 21
27, 0, 21
27, 0, 21
27, 0, 21
27, 0, 21
27, 0, 21
27, 0, 21
27, 0, 21
27, 0, 21
27, 0, 21
27, 0, 21
27, 0, 21
27, 0, 21
27, 0, 20
27, 0, 21
27, 0, 20
27, 0, 21
27, 0, 20
27, 0, 21
27, 0, 20
27, 0, 21
27, 0, 20
27, 0, 21
27, 0, 21
27, 0, 21
27, 0, 21
27, 0, 21
27, 0, 21
27, 0, 21
27, 0, 21
27, 0, 21
27, 0, 21
27, 0, 21
27, 0, 21
27, 0, 21
189, 0, 21
189, 26, 21
189, 15, 21
189, 52, 21
189, 23, 21
189, 74, 21
189, 81, 21
189, 70, 21
189, 74, 21
189, 78, 21
189, 74, 21
189, 78, 21
189, 74, 21
189, 78, 21
189, 100, 21
189, 105, 21
189, 96, 21
189, 74, 21
189, 70, 21
189, 78, 21
189, 74, 21
189, 109, 21
189, 99, 21
189, 93, 21
189, 74, 21
189, 78, 21
189, 74, 21
189, 93, 21
189, 99, 21
189, 109, 21
189, 78, 21
189, 78, 21
189, 71, 21
189, 78, 21
189, 104, 21
189, 109, 21
189, 89, 21
189, 70, 21
189, 78, 21
189, 74, 21
189, 101, 21
189, 107, 21
189, 89, 21
189, 74, 21
189, 82, 21
189, 74, 21
189, 93, 21
189, 104, 21
189, 104, 21
189, 74, 21
189, 82, 21
189, 74, 21
189, 74, 21
189, 104, 21
189, 109, 21
189, 89, 21
189, 70, 21
189, 70, 21
189, 82, 21
189, 100, 21
189, 109, 21
189, 89, 21
189, 78, 21
189, 74, 21
189, 78, 21
189, 89, 21
189, 109, 21
189, 99, 21
189, 82, 21
189, 74, 21
189, 78, 21
189, 78, 21
189, 99, 21
189, 109, 21
189, 85, 21
189, 78, 21
189, 70, 21
189, 78, 21
189, 104, 21
189, 105, 21
189, 93, 21
189, 78, 21
189, 71, 21
189, 78, 21
189, 89, 21
189, 109, 21
189, 102, 21
189, 78, 21
189, 74, 21
189, 78, 21
189, 78, 21
189, 104, 21
189, 107, 21
189, 78, 21
189, 78, 21
189, 78, 21
189, 71, 21
189, 109, 21
189, 104, 21
189, 93, 21
189, 78, 21
189, 74, 21
189, 74, 21
189, 93, 21
189, 109, 21
189, 104, 21
189, 70, 21
189, 70, 21
189, 82, 21
189, 85, 21
189, 109, 21
189, 99, 21
189, 78, 21
189, 78, 21
189, 78, 21
189, 74, 21
189, 104, 21
189, 104, 21
189, 97, 21
189, 74, 21
189, 78, 21
189, 71, 21
189, 93, 21
189, 104, 21
189, 105, 21
189, 67, 21
189, 78, 21
189, 78, 21
189, 89, 21
189, 104, 21
189, 104, 21
189, 78, 21
189, 78, 21
189, 74, 21
189, 78, 21
189, 102, 21
189, 109, 21
189, 89, 21
189, 74, 21
189, 74, 21
189, 74, 21
189, 101, 21
189, 104, 21
189, 97, 21
189, 74, 21
189, 74, 21
189, 78, 21
189, 93, 21
189, 104, 21
189, 109, 21
189, 71, 21
189, 78, 21
189, 78, 21
189, 78, 21
189, 104, 21
189, 104, 21
189, 81, 21
189, 82, 21
189, 70, 21
189, 82, 21
189, 95, 21
189, 109, 21
189, 89, 21
189, 78, 21
189, 74, 21
189, 78, 21
189, 89, 21
189, 109, 21
189, 104, 21
189, 78, 21
189, 74, 21
180, 78, 21
180, 78, 21
180, 104, 21
180, 109, 21
180, 85, 21
180, 78, 21
180, 74, 21
180, 74, 21
180, 89, 21
180, 100, 21
180, 104, 21
180, 82, 21
180, 74, 21
180, 82, 21
180, 71, 21
180, 89, 21
180, 104, 21
180, 109, 21
180, 67, 21
180, 82, 21
180, 74, 21
180, 82, 21
180, 89, 21
180, 105, 21
180, 99, 21
180, 74, 21
180, 78, 21
180, 82, 21
180, 74, 21
180, 85, 21
180, 104, 21
180, 109, 21
180, 74, 21
180, 74, 21
180, 74, 21
180, 81, 21
180, 93, 21
180, 104, 21
180, 109, 21
180, 71, 21
180, 74, 21
180, 74, 21
180, 78, 21
180, 95, 21
180, 101, 21
180, 104, 21
180, 78, 21
180, 70, 21
180, 74, 21
180, 74, 21
180, 105, 21
180, 96, 21
180, 109, 21
180, 71, 21
180, 78, 21
180, 70, 21
180, 78, 21
180, 104, 21
180, 100, 21
180, 89, 21
180, 85, 21
180, 74, 21
180, 78, 21
180, 67, 21
180, 109, 21
180, 105, 21
180, 93, 21
180, 82, 21
180, 71, 21
180, 78, 21
180, 70, 21
180, 109, 21
180, 100, 21
180, 89, 21
180, 78, 21
180, 78, 21
180, 78, 21
180, 78, 21
180, 95, 21
180, 109, 21
180, 85, 21
180, 78, 21
180, 78, 21
180, 78, 21
180, 70, 21
180, 109, 21
180, 104, 21
180, 85, 21
180, 74, 21
180, 82, 21
180, 78, 21
180, 78, 21
180, 95, 21
180, 109, 21
180, 89, 21
180, 78, 21
180, 74, 21
180, 74, 21
180, 82, 21
180, 104, 21
180, 105, 21
180, 89, 21
180, 74, 21
180, 70, 21
180, 82, 21
180, 78, 21
180, 109, 21
180, 99, 21
180, 89, 21
180, 74, 21
180, 78, 21
180, 74, 21
180, 85, 21
180, 100, 21
180, 105, 21
180, 89, 21
180, 74, 21
180, 70, 21
180, 78, 21
180, 85, 21
180, 105, 21
180, 95, 21
180, 93, 21
180, 70, 21
180, 78, 21
180, 74, 21
180, 89, 21
180, 95, 21
180, 105, 21
180, 89, 21
180, 78, 21
180, 71, 21
180, 74, 21
180, 93, 21
180, 100, 21
180, 101, 21
180, 85, 21
180, 78, 21
180, 74, 21
180, 74, 21
180, 89, 21
180, 105, 21
180, 92, 21
180, 93, 21
180, 74, 21
180, 78, 21
180, 67, 21
180, 93, 21
180, 100, 21
180, 109, 21
180, 74, 21
180, 82, 21
180, 74, 21
180, 78, 21
180, 85, 21
180, 109, 21
180, 100, 21
180, 78, 21
180, 74, 21
180, 82, 21
180, 70, 21
180, 93, 21
180, 99, 21
180, 105, 21
180, 82, 21
180, 74, 21
180, 82, 21
180, 71, 21
180, 89, 21
180, 104, 21
180, 109, 21
192, 70, 21
192, 78, 21
192, 70, 21
192, 82, 21
192, 96, 21
192, 109, 21
192, 88, 21
192, 78, 21
192, 74, 21
192, 82, 21
192, 89, 21
192, 104, 21
192, 104, 21
192, 82, 21
192, 70, 21
192, 78, 21
192, 81, 21
192, 109, 21
192, 107, 21
192, 78, 21
192, 78, 21
192, 74, 21
192, 74, 21
192, 109, 21
192, 111, 21
192, 74, 21
192, 82, 21
192, 74, 21
192, 78, 21
192, 104, 21
192, 107, 21
192, 85, 21
192, 78, 21
192, 74, 21
192, 78, 21
192, 104, 21
192, 107, 21
192, 89, 21
192, 74, 21
192, 70, 21
192, 78, 21
192, 100, 21
192, 109, 21
192, 93, 21
192, 78, 21
192, 78, 21
192, 74, 21
192, 89, 21
192, 113, 21
192, 93, 21
192, 78, 21
192, 74, 21
192, 82, 21
192, 89, 21
192, 109, 21
192, 92, 21
192, 78, 21
192, 78, 21
192, 78, 21
192, 93, 21
192, 104, 21
192, 104, 21
192, 78, 21
192, 74, 21
192, 74, 21
192, 85, 21
192, 104, 21
192, 113, 21
192, 74, 21
192, 82, 21
192, 71, 21
192, 82, 21
192, 107, 21
192, 109, 21
192, 78, 21
192, 74, 21
192, 74, 21
192, 82, 21
192, 104, 21
192, 109, 21
192, 78, 21
192, 82, 21
192, 74, 21
192, 78, 21
192, 104, 21
192, 107, 21
192, 89, 21
192, 74, 21
192, 74, 21
192, 74, 21
192, 104, 21
192, 109, 21
192, 97, 21
192, 70, 21
192, 74, 21
192, 74, 21
192, 105, 21
192, 104, 21
192, 97, 21
192, 71, 21
192, 82, 21
192, 74, 21
192, 93, 21
192, 104, 21
192, 96, 21
192, 74, 21
192, 82, 21
192, 74, 21
192, 93, 21
192, 107, 21
192, 104, 21
192, 66, 21
192, 78, 21
192, 78, 21
192, 89, 21
192, 104, 21
192, 109, 21
192, 78, 21
192, 78, 21
192, 67, 21
192, 89, 21
192, 104, 21
192, 109, 21
192, 78, 21
192, 78, 21
192, 78, 21
192, 74, 21
192, 113, 21
192, 107, 21
192, 74, 21
192, 78, 21
192, 78, 21
192, 74, 21
192, 107, 21
192, 104, 21
192, 89, 21
192, 74, 21
192, 74, 21
192, 74, 21
192, 109, 21
192, 104, 21
192, 93, 21
192, 78, 21
192, 74, 21
192, 70, 21
192, 105, 21
192, 104, 21
192, 97, 21
192, 71, 21
192, 82, 21
192, 74, 21
192, 93, 21
192, 104, 21
192, 96, 21
192, 74, 21
192, 82, 21
192, 74, 21
192, 93, 21
192, 99, 21
192, 109, 21
192, 82, 21
192, 66, 21
192, 78, 21
192, 89, 21
192, 109, 21
192, 104, 21
192, 82, 21
192, 71, 21
192, 74, 21
192, 81, 21
192, 113, 21
143, 104, 21
143, 78, 21
143, 74, 21
143, 82, 21
143, 70, 21
143, 85, 21
143, 92, 21
143, 93, 21
143, 93, 21
143, 93, 21
143, 70, 21
143, 70, 21
143, 78, 21
143, 78, 21
143, 78, 21
143, 78, 21
143, 71, 21
143, 74, 21
143, 89, 21
143, 85, 21
143, 89, 21
143, 85, 21
143, 89, 21
143, 85, 21
143, 85, 21
143, 74, 21
143, 74, 21
143, 67, 21
143, 82, 21
143, 78, 21
143, 74, 21
143, 74, 21
143, 78, 21
143, 74, 21
143, 74, 21
143, 85, 21
143, 85, 21
143, 85, 21
143, 89, 21
143, 81, 21
143, 89, 21
143, 85, 21
143, 74, 21
143, 81, 21
143, 74, 21
143, 70, 21
143, 78, 21
143, 74, 21
143, 82, 21
143, 67, 21
143, 78, 21
143, 78, 21
143, 78, 21
143, 89, 21
143, 85, 21
143, 82, 21
143, 85, 21
143, 93, 21
143, 85, 21
143, 85, 21
143, 67, 21
143, 74, 21
143, 81, 21
143, 78, 21
143, 70, 21
143, 70, 21
143, 81, 21
143, 74, 21
143, 74, 21
143, 78, 21
143, 74, 21
143, 89, 21
143, 89, 21
143, 85, 21
143, 85, 21
143, 85, 21
143, 85, 21
143, 85, 21
143, 70, 21
143, 74, 21
143, 78, 21
143, 78, 21
143, 70, 21
143, 74, 21
143, 85, 21
143, 70, 21
143, 74, 21
143, 78, 21
143, 78, 21
143, 85, 21
143, 89, 21
143, 81, 21
143, 85, 21
143, 89, 21
143, 85, 21
143, 85, 21
143, 74, 21
143, 67, 21
143, 85, 21
143, 70, 21
143, 78, 21
143, 78, 21
143, 74, 21
143, 70, 21
143, 78, 21
143, 78, 21
143, 74, 21
143, 85, 21
143, 81, 21
143, 89, 21
143, 89, 21
143, 85, 21
143, 85, 21
143, 85, 21
143, 74, 21
143, 70, 21
143, 85, 21
143, 74, 21
143, 74, 21
143, 74, 21
143, 78, 21
143, 74, 21
143, 74, 21
143, 82, 21
143, 67, 21
143, 93, 21
143, 81, 21
143, 89, 21
143, 85, 21
143, 89, 21
143, 85, 21
143, 85, 21
143, 70, 21
143, 78, 21
143, 70, 21
143, 81, 21
143, 70, 21
143, 74, 21
143, 78, 21
143, 82, 21
143, 67, 21
143, 78, 21
143, 78, 21
143, 89, 21
143, 89, 21
143, 85, 21
143, 81, 21
143, 89, 21
143, 89, 21
143, 74, 21
143, 85, 21
143, 71, 21
143, 74, 21
143, 74, 21
143, 78, 21
143, 78, 21
143, 74, 21
143, 71, 21
143, 82, 21
143, 70, 21
143, 89, 21
143, 81, 21
143, 89, 21
143, 85, 21
143, 89, 21
143, 81, 21
143, 89, 21
143, 74, 21
143, 70, 21
143, 78, 21
143, 82, 21
129, 70, 21
129, 74, 21
129, 74, 21
129, 78, 21
129, 74, 21
129, 78, 21
129, 78, 21
129, 70, 21
129, 74, 21
129, 85, 21
129, 85, 21
129, 74, 21
129, 82, 21
129, 81, 21
129, 78, 21
129, 78, 21
129, 82, 21
129, 78, 21
129, 78, 21
129, 78, 21
129, 78, 21
129, 81, 21
129, 82, 21
129, 71, 21
129, 82, 21
129, 81, 21
129, 78, 21
129, 78, 21
129, 78, 21
129, 71, 21
129, 82, 21
129, 66, 21
129, 78, 21
129, 78, 21
129, 74, 21
129, 78, 21
129, 78, 21
129, 66, 21
129, 78, 21
129, 74, 21
129, 82, 21
129, 74, 21
129, 70, 21
129, 78, 21
129, 78, 21
129, 78, 21
129, 74, 21
129, 78, 21
129, 70, 21
129, 78, 21
129, 74, 21
129, 74, 21
129, 74, 21
129, 78, 21
129, 78, 21
129, 78, 21
129, 67, 21
129, 74, 21
129, 78, 21
129, 78, 21
129, 78, 21
129, 78, 21
129, 67, 21
129, 74, 21
129, 78, 21
129, 78, 21
129, 78, 21
129, 74, 21
129, 74, 21
129, 78, 21
129, 70, 21
129, 78, 21
129, 74, 21
129, 78, 21
129, 74, 21
129, 74, 21
129, 82, 21
129, 74, 21
129, 78, 21
129, 70, 21
129, 74, 21
129, 74, 21
129, 78, 21
129, 74, 21
129, 82, 21
129, 74, 21
129, 82, 21
129, 78, 21
129, 78, 21
129, 74, 21
129, 78, 21
129, 74, 21
129, 78, 21
129, 81, 21
129, 82, 21
129, 74, 21
129, 74, 21
129, 74, 21
129, 82, 21
129, 74, 21
129, 85, 21
129, 71, 21
129, 82, 21
129, 74, 21
129, 78, 21
129, 82, 21
129, 74, 21
129, 82, 21
129, 78, 21
129, 78, 21
129, 74, 21
129, 82, 21
129, 71, 21
129, 78, 21
129, 81, 21
129, 78, 21
129, 78, 21
129, 74, 21
129, 74, 21
129, 82, 21
129, 70, 21
129, 74, 21
129, 74, 21
129, 78, 21
129, 78, 21
129, 78, 21
129, 66, 21
129, 78, 21
129, 74, 21
129, 82, 21
129, 74, 21
129, 78, 21
129, 66, 21
129, 74, 21
129, 74, 21
129, 82, 21
129, 74, 21
129, 82, 21
129, 71, 21
129, 74, 21
129, 78, 21
129, 74, 21
129, 78, 21
129, 74, 21
129, 78, 21
129, 74, 21
129, 70, 21
129, 74, 21
129, 82, 21
129, 78, 21
129, 74, 21
129, 74, 21
129, 70, 21
129, 74, 21
129, 82, 21
129, 71, 21
129, 78, 21
129, 78, 21
129, 78, 21
129, 74, 21
129, 74, 21
129, 71, 21
129, 78, 21
129, 74, 21
129, 82, 21
129, 74, 21
129, 78, 21
129, 67, 21
129, 78, 21
129, 74, 21
129, 78, 21
29, 82, 21
29, 71, 21
29, 78, 21
29, 74, 21
29, 70, 21
29, 74, 21
29, 82, 21
29, 29, 21
29, 46, 21
29, 74, 21
29, 55, 21
29, 18, 21
29, 78, 21
29, 29, 21
29, 50, 21
29, 40, 21
29, 31, 21
29, 48, 21
29, 31, 21
29, 24, 21
29, 42, 21
29, 3, 21
29, 78, 21
29, -3, 21
29, 23, 21
29, 52, 21
29, 0, 21
29, 11, 21
29, 52, 21
29, 11, 21
29, 3, 21
29, 15, 21
29, 44, 21
29, 11, 21
29, 7, 21
29, -3, 21
29, 14, 21
29, 35, 21
29, 29, 21
29, 0, 21
29, -3, 21
29, 0, 21
29, 3, 21
29, 11, 21
29, 18, 21
29, 19, 21
29, 18, 21
29, 3, 21
29, 0, 21
29, 0, 21
29, 3, 21
29, -3, 21
29, 0, 21
29, 0, 21
29, 3, 21
29, -3, 21
29, 15, 21
29, 3, 21
29, 15, 21
29, 11, 21
29, 0, 21
29, -3, 21
29, -7, 21
29, 0, 21
29, 0, 21
29, 0, 21
29, 0, 21
29, 0, 21
29, 0, 21
29, 0, 21
29, 0, 21
29, 0, 21
29, 0, 21
29, 0, 21
29, 0, 21
29, 0, 21
29, 0, 21
29, 0, 21
29, 0, 21
29, 0, 21
29, 0, 21
29, 0, 21
29, 0, 21
29, 0, 21
29, 0, 21
29, 0, 21
29, 0, 21
29, 0, 21
29, 0, 21
29, 0, 20
29, 0, 21
29, 0, 20
29, 0, 21
29, 0, 21
29, 0, 21
29, 0, 21
29, 0, 21
29, 0, 21
29, 0, 21
29, 0, 21
29, 0, 21
